,gene_names
NAC001,NAC001
ARV1,ARV1
AT1G03987,AT1G03987
NGA3,NGA3
DCL1,DCL1
AT1G03993,AT1G03993
MIR838A,MIR838A
PPA1,PPA1
AT1G03997,AT1G03997
LHY,LHY
AT1G01070,AT1G01070
AT1G04003,AT1G04003
AT1G01080,AT1G01080
PDH-E1 ALPHA,PDH-E1 ALPHA
RPP1A,RPP1A
IQD18,IQD18
KCS1,KCS1
AT1G01130,AT1G01130
CIPK9,CIPK9
AT1G01150,AT1G01150
GIF2,GIF2
AT1G04007,AT1G04007
AT1G01170,AT1G01170
AT1G04013,AT1G04013
AT1G01180,AT1G01180
MIR165A,MIR165A
CYP78A8,CYP78A8
RABA3,RABA3
AT1G01210,AT1G01210
AT1G04017,AT1G04017
FKGP,FKGP
AT1G04023,AT1G04023
AT1G01225,AT1G01225
AT1G01230,AT1G01230
AT1G01240,AT1G01240
ERF023,ERF023
BHLH13,BHLH13
AT1G01270,AT1G01270
CYP703A2,CYP703A2
CNX3,CNX3
APF2,APF2
AT1G01305,AT1G01305
AT1G01310,AT1G01310
AT1G01320,AT1G01320
AREP1,AREP1
CNGC10,CNGC10
AT1G01350,AT1G01350
AT1G01355,AT1G01355
PYL9,PYL9
HTR12,HTR12
ETC1,ETC1
AT1G01390,AT1G01390
AT1G01400,AT1G01400
APUM22,APUM22
UGT72B3,UGT72B3
TBL25,TBL25
AT1G01440,AT1G01440
AT1G01448,AT1G01448
AT1G01450,AT1G01450
AT1G01453,AT1G01453
PIP5K10,PIP5K10
LEA14,LEA14
ACS2,ACS2
AT1G01490,AT1G01490
AT1G01500,AT1G01500
AN,AN
AT1G01520,AT1G01520
AGL28,AGL28
AT1G01540,AT1G01540
BPS1,BPS1
MPK11,MPK11
AT1G01570,AT1G01570
FRO2,FRO2
FRO1,FRO1
CYP86A4,CYP86A4
GPAT4,GPAT4
PIP1-3,PIP1-3
AT1G01630,AT1G01630
AT1G01640,AT1G01640
SPPL4,SPPL4
AT1G04027,AT1G04027
AT1G01660,AT1G01660
PUB56,PUB56
PUB54,PUB54
ATPRD3,ATPRD3
AT1G01695,AT1G01695
AT1G04033,AT1G04033
AT1G04037,AT1G04037
ATROPGEF2,ATROPGEF2
AT1G01710,AT1G01710
AT1G01715,AT1G01715
AT1G04043,AT1G04043
NAC002,NAC002
AT1G01725,AT1G01725
AT1G04047,AT1G04047
AT1G01730,AT1G01730
BSK4,BSK4
ADF11,ADF11
AT1G04053,AT1G04053
AT1G01760,AT1G01760
AT1G04057,AT1G04057
AT1G01770,AT1G01770
PLIM2B,PLIM2B
KEA1,KEA1
AT1G04063,AT1G04063
AT1G01800,AT1G01800
AT1G01810,AT1G01810
PEX11C,PEX11C
AT1G01830,AT1G01830
AT1G04067,AT1G04067
AT1G01840,AT1G01840
PFC1,PFC1
AT1G04073,AT1G04073
AT1G01870,AT1G01870
GEN1,GEN1
SBTI1.1,SBTI1.1
AT1G04077,AT1G04077
AT1G01910,AT1G01910
AT1G04083,AT1G04083
AT1G01920,AT1G01920
AT1G01930,AT1G01930
CYP18-1,CYP18-1
ARK2,ARK2
BIG3,BIG3
AT1G01970,AT1G01970
SEC1A,SEC1A
AT1G01990,AT1G01990
GAE2,GAE2
SEC1A.1,SEC1A.1
AT1G02020,AT1G02020
ZAT1,ZAT1
AT1G02040,AT1G02040
PKSA,PKSA
AT1G02060,AT1G02060
SPL8,SPL8
AT1G02067,AT1G02067
AT1G02070,AT1G02070
AT1G02080,AT1G02080
CSN7,CSN7
LCMT1,LCMT1
AT1G02110,AT1G02110
VAD1,VAD1
RABD2A,RABD2A
AT1G04087,AT1G04087
MEE63,MEE63
ALG12,ALG12
AT1G02150,AT1G02150
AT1G02160,AT1G02160
AMC1,AMC1
AT1G02180,AT1G02180
AT1G02190,AT1G02190
CER1,CER1
AT1G04093,AT1G04093
NAC003,NAC003
NAC004,NAC004
NAC005,NAC005
AT1G02260,AT1G02260
AT1G02270,AT1G02270
TOC33,TOC33
AT1G02290,AT1G02290
CATHB1,CATHB1
CATHB2,CATHB2
AT1G04097,AT1G04097
MAN1,MAN1
AT1G04103,AT1G04103
AT1G02320,AT1G02320
CSU2,CSU2
GL22,GL22
HFR1,HFR1
AT1G02350,AT1G02350
AT1G02360,AT1G02360
AT1G02370,AT1G02370
AT1G02380,AT1G02380
GPAT2,GPAT2
GA2OX6,GA2OX6
AT1G02405,AT1G02405
COX11,COX11
AT1G02420,AT1G02420
AT1G04117,AT1G04117
ATARFD1B,ATARFD1B
AT1G04123,AT1G04123
ATARFD1A,ATARFD1A
NIMIN-1,NIMIN-1
AT1G02460,AT1G02460
AT1G02470,AT1G02470
AT1G02475,AT1G02475
AT1G02490,AT1G02490
SAM1,SAM1
TPK4,TPK4
ABCB11,ABCB11
ABCB12,ABCB12
AT1G02540,AT1G02540
AT1G02550,AT1G02550
CLPP5,CLPP5
AT1G02570,AT1G02570
AT1G02575,AT1G02575
MEA,MEA
AT1G04127,AT1G04127
AT1G02590,AT1G02590
AT1G02600,AT1G02600
AT1G02610,AT1G02610
AT1G02620,AT1G02620
AT1G04133,AT1G04133
AT1G04137,AT1G04137
ETN8,ETN8
BXL2,BXL2
AT1G02650,AT1G02650
PLIP2,PLIP2
AT1G02670,AT1G02670
TAF13,TAF13
IMPA-6,IMPA-6
AT1G02700,AT1G02700
AT1G02705,AT1G02705
AT1G02710,AT1G02710
GATL5,GATL5
CSLD5,CSLD5
MRG2,MRG2
DI19-2,DI19-2
AT1G02760,AT1G02760
AT1G02770,AT1G02770
RPL19A,RPL19A
PGA3,PGA3
CEL2,CEL2
PME7,PME7
AT1G02816,AT1G02816
LEA2,LEA2
RPL22A,RPL22A
SR34,SR34
BGLU11,BGLU11
BAH1,BAH1
AT1G04147,AT1G04147
AT1G02870,AT1G02870
AT1G04153,AT1G04153
TPK1,TPK1
AT1G02890,AT1G02890
RALF1,RALF1
LPA1,LPA1
GSTF7,GSTF7
GSTF6,GSTF6
ATGSTF5,ATGSTF5
ATGSTF4,ATGSTF4
AT1G02952,AT1G02952
AT1G02960,AT1G02960
AT1G02965,AT1G02965
WEE1,WEE1
CUL2,CUL2
AT1G02990,AT1G02990
PEX6,PEX6
AT1G03010,AT1G03010
GRXS1,GRXS1
AT1G03030,AT1G03030
AT1G03040,AT1G03040
AT1G03050,AT1G03050
D27,D27
SPI,SPI
LFG4,LFG4
NET1D,NET1D
MCCA,MCCA
AT1G04157,AT1G04157
AT1G03100,AT1G03100
AT1G04163,AT1G04163
AT1G03103,AT1G03103
AT1G03106,AT1G03106
TRM82,TRM82
ATRAB28,ATRAB28
PSAD2,PSAD2
AT1G03140,AT1G03140
NAA20,NAA20
AT1G04167,AT1G04167
FZL,FZL
AT1G03165,AT1G03165
AT1G04173,AT1G04173
FAF2,FAF2
AT1G03180,AT1G03180
XPD,XPD
AT1G04177,AT1G04177
AT1G03200,AT1G03200
AT1G03210,AT1G03210
AT1G03220,AT1G03220
AT1G03230,AT1G03230
AT1G03240,AT1G03240
AT1G03250,AT1G03250
AT1G03260,AT1G03260
CBSDUF4,CBSDUF4
AT1G03280,AT1G03280
AT1G03290,AT1G03290
DUF1,DUF1
ISA2,ISA2
AT1G03320,AT1G03320
AT1G03325,AT1G03325
LSM2,LSM2
AT1G03340,AT1G03340
AT1G03350,AT1G03350
RRP4,RRP4
RF4,RF4
AT1G03370,AT1G03370
ATG18G,ATG18G
AT1G03390,AT1G03390
AT1G03395,AT1G03395
AT1G03400,AT1G03400
2A6,2A6
AT1G04183,AT1G04183
AHP5,AHP5
AT1G03440,AT1G03440
BSU1,BSU1
AT1G03457,AT1G03457
NET3A,NET3A
CPX1,CPX1
NAC006,NAC006
AT1G03495,AT1G03495
AT1G04187,AT1G04187
AT1G04193,AT1G04193
AT1G03502,AT1G03502
AT1G03506,AT1G03506
AT1G04197,AT1G04197
PCMP-E3,PCMP-E3
AT1G03515,AT1G03515
AT1G03520,AT1G03520
ATNAF1,ATNAF1
PCMP-E4,PCMP-E4
SCAMP2,SCAMP2
AT1G03545,AT1G03545
AT1G03560,AT1G03560
AT1G03570,AT1G03570
PPC6-6,PPC6-6
PSB27-1,PSB27-1
AT1G03610,AT1G03610
AT1G03620,AT1G03620
PORC,PORC
AT1G03650,AT1G03650
AT1G03660,AT1G03660
AT1G04203,AT1G04203
AT1G03670,AT1G03670
ATHM1,ATHM1
AT1G03687,AT1G03687
AT1G03700,AT1G03700
AT1G03710,AT1G03710
AT1G03720,AT1G03720
AT1G03730,AT1G03730
AT1G03740,AT1G03740
AT1G04213,AT1G04213
AT1G03743,AT1G03743
AT1G03746,AT1G03746
SWI2,SWI2
AT1G03760,AT1G03760
RING1B,RING1B
TPX2,TPX2
SOM,SOM
ERF10,ERF10
AT1G03810,AT1G03810
AT1G03820,AT1G03820
AT1G03830,AT1G03830
MGP,MGP
AT1G03850,AT1G03850
PHB2,PHB2
FLA9,FLA9
CRB,CRB
CRD,CRD
ATNAP4,ATNAP4
ABCI19,ABCI19
CTN,CTN
AT1G03920,AT1G03920
CKL9,CKL9
AT1G04217,AT1G04217
AT1G03935,AT1G03935
AT1G04223,AT1G04223
3AT1,3AT1
AT1G04227,AT1G04227
VPS2.3,VPS2.3
B''EPSILON,B''EPSILON
GBF4,GBF4
AT1G04233,AT1G04233
ATPCS2,ATPCS2
RIC8,RIC8
FAO1,FAO1
AT1G04000,AT1G04000
PSAT,PSAT
ATBARD1,ATBARD1
AT1G04030,AT1G04030
AT1G04040,AT1G04040
AT1G04237,AT1G04237
SUVR1,SUVR1
TOM9-1,TOM9-1
PRP39,PRP39
AT1G04090,AT1G04090
IAA10,IAA10
AT1G04105,AT1G04105
SBT1.2,SBT1.2
ABCC5,ABCC5
TPR2,TPR2
AT1G04140,AT1G04140
AT1G04150,AT1G04150
XI-B,XI-B
EIF2 GAMMA,EIF2 GAMMA
YUC9,YUC9
TPR3,TPR3
AT1G04200,AT1G04200
AT1G04210,AT1G04210
KCS2,KCS2
AT1G04247,AT1G04247
AT1G04230,AT1G04230
SHY2,SHY2
AT1G04253,AT1G04253
IAA17,IAA17
PRA1D,PRA1D
RPS15A,RPS15A
AT1G04280,AT1G04280
AT1G04290,AT1G04290
AT1G04295,AT1G04295
TRAF1B,TRAF1B
ERS2,ERS2
AT1G04320,AT1G04320
AT1G04330,AT1G04330
AT1G04340,AT1G04340
AT1G04350,AT1G04350
ATL1,ATL1
ERF14,ERF14
AT1G04380,AT1G04380
AT1G04257,AT1G04257
AT1G04390,AT1G04390
CRY2,CRY2
MDH1,MDH1
AT1G04420,AT1G04420
AT1G04425,AT1G04425
AT1G04430,AT1G04430
CKL13,CKL13
AT1G04445,AT1G04445
RIC3,RIC3
AT1G04470,AT1G04470
AT1G04263,AT1G04263
RPL23A,RPL23A
AT1G04267,AT1G04267
AT1G04273,AT1G04273
AT1G04277,AT1G04277
AT1G04490,AT1G04490
AT1G04500,AT1G04500
PRP19A,PRP19A
CRRSP3,CRRSP3
TPR4,TPR4
AT1G04540,AT1G04540
IAA12,IAA12
AT1G04555,AT1G04555
AT1G04560,AT1G04560
AT1G04570,AT1G04570
AAO4,AAO4
AT1G04590,AT1G04590
XI-A,XI-A
YUC3,YUC3
HCAR,HCAR
AT1G04625,AT1G04625
MEE4,MEE4
EMB1687,EMB1687
LIP2,LIP2
SPH5,SPH5
AT1G04650,AT1G04650
AT1G04283,AT1G04283
AT1G04660,AT1G04660
AT1G04670,AT1G04670
AT1G04680,AT1G04680
KAB1,KAB1
AT1G04700,AT1G04700
KAT1,KAT1
AT1G04720,AT1G04720
CTF18,CTF18
VAMP721,VAMP721
AT1G04287,AT1G04287
VAMP726,VAMP726
AT1G04770,AT1G04770
AT1G04778,AT1G04778
AT1G04780,AT1G04780
AT1G04790,AT1G04790
AT1G04800,AT1G04800
RPN2B,RPN2B
TUBA4,TUBA4
AT1G04830,AT1G04830
PCMP-H64,PCMP-H64
AT1G04850,AT1G04850
UBP2,UBP2
PRMT10,PRMT10
HMGB15,HMGB15
AT1G04890,AT1G04890
AT1G04293,AT1G04293
AT1G04900,AT1G04900
AT1G04297,AT1G04297
OFUT1,OFUT1
AT1G04303,AT1G04303
SPS3,SPS3
AT1G04930,AT1G04930
AT1G04945,AT1G04945
TIC20-I,TIC20-I
TAF6,TAF6
AT1G04960,AT1G04960
AT1G04970,AT1G04970
PDIL2-2,PDIL2-2
AT1G04985,AT1G04985
AT1G04990,AT1G04990
AT1G05000,AT1G05000
AT1G05005,AT1G05005
AT1G04307,AT1G04307
ACO4,ACO4
AP180,AP180
AT1G05030,AT1G05030
AT1G04313,AT1G04313
AT1G05035,AT1G05035
AT1G04323,AT1G04323
AT1G05040,AT1G05040
GTF2H2,GTF2H2
AT1G05060,AT1G05060
CLE20,CLE20
AT1G05070,AT1G05070
AT1G05080,AT1G05080
AT1G05085,AT1G05085
AT1G04327,AT1G04327
AT1G05087,AT1G05087
AT1G05090,AT1G05090
MAPKKK18,MAPKKK18
AT1G05120,AT1G05120
AT1G05136,AT1G05136
ARASP2,ARASP2
AT1G05150,AT1G05150
KAO1,KAO1
B3GALT2,B3GALT2
AT1G04337,AT1G04337
AXR1,AXR1
RPL6,RPL6
GLR3.4,GLR3.4
AT1G04343,AT1G04343
AT1G05205,AT1G05205
AT1G04347,AT1G04347
AT1G05210,AT1G05210
AT1G05220,AT1G05220
AT1G04353,AT1G04353
HDG2,HDG2
PER2,PER2
AT1G04357,AT1G04357
AT1G04363,AT1G04363
AT1G04367,AT1G04367
PER3,PER3
AT1G05270,AT1G05270
AT1G05280,AT1G05280
AT1G05290,AT1G05290
AT1G05291,AT1G05291
ZIP5,ZIP5
PME8,PME8
AT1G05320,AT1G05320
AT1G05330,AT1G05330
AT1G05340,AT1G05340
AT1G05350,AT1G05350
KMS2,KMS2
AT1G05370,AT1G05370
AT1G05380,AT1G05380
PSB27-2,PSB27-2
AT1G05390,AT1G05390
AT1G05400,AT1G05400
AT1G05410,AT1G05410
ATOFP12,ATOFP12
AT1G05430,AT1G05430
AT1G05440,AT1G05440
AT1G05450,AT1G05450
SDE3,SDE3
IP5P6,IP5P6
CLSY3,CLSY3
SYT5,SYT5
OBAP1A,OBAP1A
AT1G05520,AT1G05520
UGT75B2,UGT75B2
AT1G05540,AT1G05540
AT1G05550,AT1G05550
AT1G05562,AT1G05562
UGT1,UGT1
CALS1,CALS1
AT1G04393,AT1G04393
AT1G04397,AT1G04397
AT1G05575,AT1G05575
AT1G05577,AT1G05577
CHX23,CHX23
HEXO2,HEXO2
AT1G05600,AT1G05600
APS2,APS2
URH2,URH2
AT5PTASE13,AT5PTASE13
AT1G05640,AT1G05640
AT1G05650,AT1G05650
AT1G05660,AT1G05660
AT1G05670,AT1G05670
UGT74E1,UGT74E1
UGT74E2,UGT74E2
BT3,BT3
AT1G05700,AT1G05700
AT1G04407,AT1G04407
AT1G05710,AT1G05710
AT1G05720,AT1G05720
AT1G04413,AT1G04413
AT1G05730,AT1G05730
AT1G04417,AT1G04417
AT1G05740,AT1G05740
PDE247,PDE247
RTM1,RTM1
JAL2,JAL2
AT1G05780,AT1G05780
AT1G04423,AT1G04423
AT1G05783,AT1G05783
AT1G04427,AT1G04427
AT1G05785,AT1G05785
AT1G05790,AT1G05790
DGL,DGL
BHLH128,BHLH128
ARA,ARA
SPPL5,SPPL5
ATX2,ATX2
AT1G05835,AT1G05835
AT1G04433,AT1G04433
AT1G05840,AT1G05840
AT1G04437,AT1G04437
CTL1,CTL1
AT1G05860,AT1G05860
AT1G05870,AT1G05870
ARI12,ARI12
ARI5,ARI5
AT1G05894,AT1G05894
NTH2,NTH2
AT1G05910,AT1G05910
AT1G05920,AT1G05920
AT1G05930,AT1G05930
CAT9,CAT9
AT1G05950,AT1G05950
AT1G05960,AT1G05960
AT1G05970,AT1G05970
CML7,CML7
AT1G06002,AT1G06002
UGT89C1,UGT89C1
AT1G06010,AT1G06010
AT1G06020,AT1G06020
AT1G06030,AT1G06030
BBX24,BBX24
AT1G06045,AT1G06045
AT1G06050,AT1G06050
AT1G06060,AT1G06060
AT1G06070,AT1G06070
AT1G04443,AT1G04443
ADS1,ADS1
AT1G06090,AT1G06090
AT1G06100,AT1G06100
SKIP16,SKIP16
AT1G06120,AT1G06120
GLX2-4,GLX2-4
AT1G06135,AT1G06135
AT1G06137,AT1G06137
PCMP-E61,PCMP-E61
EMB1444,EMB1444
EMB1444.1,EMB1444.1
AT1G06148,AT1G06148
ERF094,ERF094
BHLH89,BHLH89
ATMYB13,ATMYB13
AT1G06190,AT1G06190
AT1G06200,AT1G06200
TOL2,TOL2
CLO,CLO
CLE3,CLE3
GTE4,GTE4
AT1G06240,AT1G06240
AT1G06250,AT1G06250
AT1G06265,AT1G06265
AT1G06260,AT1G06260
AT1G06270,AT1G06270
LBD2,LBD2
ACX3,ACX3
ACX3.2,ACX3.2
AT1G06320,AT1G06320
AT1G06330,AT1G06330
AT1G06340,AT1G06340
AT1G06350,AT1G06350
AT1G06360,AT1G06360
AT1G06380,AT1G06380
ASK9,ASK9
RABA1A,RABA1A
AT1G04453,AT1G04453
TPS7,TPS7
AT1G06420,AT1G06420
FTSH8,FTSH8
AT1G06440,AT1G06440
CAF1-1,CAF1-1
AT1G04463,AT1G04463
ACD32.1,ACD32.1
AT1G04467,AT1G04467
AT1G06470,AT1G06470
AT1G06475,AT1G06475
AT1G06480,AT1G06480
CALS7,CALS7
AT1G06500,AT1G06500
AT1G04473,AT1G04473
AT1G06515,AT1G06515
AT1G04477,AT1G04477
AT1G06510,AT1G06510
GPAT1,GPAT1
PMD2,PMD2
AT1G06540,AT1G06540
AT1G06550,AT1G06550
AT1G06560,AT1G06560
AT1G04483,AT1G04483
HPD,HPD
AT1G06580,AT1G06580
APC5,APC5
AT1G06610,AT1G06610
AT1G06620,AT1G06620
AT1G06630,AT1G06630
AT1G06640,AT1G06640
AT1G06645,AT1G06645
AT1G04487,AT1G04487
AT1G06650,AT1G06650
JASON,JASON
NIH,NIH
PSBP1,PSBP1
AT1G06690,AT1G06690
PTI11,PTI11
AT1G06710,AT1G06710
AT1G04493,AT1G04493
AT1G04497,AT1G04497
AT1G06720,AT1G06720
AT1G06730,AT1G06730
AT1G06740,AT1G06740
AT1G06750,AT1G06750
AT1G06760,AT1G06760
AT1G04503,AT1G04503
DRIP1,DRIP1
GAUT6,GAUT6
AT1G06790,AT1G06790
AT1G04507,AT1G04507
PLA-I{gamma}1,PLA-I{gamma}1
AT1G04513,AT1G04513
AT1G06810,AT1G06810
CRTISO,CRTISO
GRXS11,GRXS11
AT1G06840,AT1G06840
AtbZIP52,AtbZIP52
AT1G04517,AT1G04517
AT1G06860,AT1G06860
AT1G04523,AT1G04523
TPP2,TPP2
AT1G04527,AT1G04527
AT1G06880,AT1G06880
UXT3,UXT3
AT1G06900,AT1G06900
TRFL7,TRFL7
OFP4,OFP4
AT1G06923,AT1G06923
AT1G04533,AT1G04533
AT1G06925,AT1G06925
AT1G06930,AT1G06930
TIC110,TIC110
AT1G06960,AT1G06960
CHX14,CHX14
AT1G06980,AT1G06980
AT1G06990,AT1G06990
ATEXO70B2,ATEXO70B2
AT1G07010,AT1G07010
AT1G04537,AT1G04537
AT1G07020,AT1G07020
AT1G04547,AT1G04547
AT1G07025,AT1G07025
AT1G07030,AT1G07030
AT1G07040,AT1G07040
AT1G07050,AT1G07050
MIR847A,MIR847A
AT1G07060,AT1G07060
AT1G04557,AT1G04557
RPL35AA,RPL35AA
AT1G07080,AT1G07080
LSH6,LSH6
AT1G07100,AT1G07100
FKFBP,FKFBP
AT1G07119,AT1G07119
AT1G07120,AT1G07120
AT1G04563,AT1G04563
AT1G07128,AT1G07128
STN1,STN1
AT1G07135,AT1G07135
RANBP1A,RANBP1A
MAPKKK13,MAPKKK13
AT1G07160,AT1G07160
AT1G07170,AT1G07170
AT1G07175,AT1G07175
NDA1,NDA1
AT1G07190,AT1G07190
SMXL6,SMXL6
AT1G07210,AT1G07210
AT1G07220,AT1G07220
AT1G04567,AT1G04567
NPC1,NPC1
UGT71C5,UGT71C5
UGT71C4,UGT71C4
UGT71C3,UGT71C3
CDC6B,CDC6B
AT1G07280,AT1G07280
AT1G04573,AT1G04573
GONST2,GONST2
AT1G07300,AT1G07300
AT1G07310,AT1G07310
RPL4,RPL4
AT1G07330,AT1G07330
STP2,STP2
SR45A,SR45A
AT1G07360,AT1G07360
PCNA,PCNA
AT1G07380,AT1G07380
AtRLP1,AtRLP1
HSP17.8,HSP17.8
RABA2B,RABA2B
SMO2-2,SMO2-2
AIP1,AIP1
AT1G07440,AT1G07440
AT1G07450,AT1G07450
AT1G07460,AT1G07460
AT1G07470,AT1G07470
AT1G04577,AT1G04577
AT1G07473,AT1G07473
AT1G04583,AT1G04583
AT1G07476,AT1G07476
AT1G07480,AT1G07480
AT1G04587,AT1G04587
AT1G07485,AT1G07485
RTFL3,RTFL3
FTSH10,FTSH10
SMR5,SMR5
AT1G07520,AT1G07520
SCL14,SCL14
TRP5,TRP5
AT1G04593,AT1G04593
AT1G07550,AT1G07550
AT1G07560,AT1G07560
APK1A,APK1A
AT1G04597,AT1G04597
AT1G07580,AT1G07580
AT1G07590,AT1G07590
AT1G04603,AT1G04603
MT1C,MT1C
ATOBGM,ATOBGM
ATOBGM.1,ATOBGM.1
AT1G04607,AT1G04607
PLL5,PLL5
OBP2,OBP2
AT1G07650,AT1G07650
ATDSI-1VOC,ATDSI-1VOC
AT1G07660,AT1G07660
ECA4,ECA4
AT1G07680,AT1G07680
AT1G07690,AT1G07690
AT1G07700,AT1G07700
AT1G07705,AT1G07705
AT1G07702,AT1G07702
AT1G07710,AT1G07710
KCS3,KCS3
AT1G04623,AT1G04623
ATEXO70H6,ATEXO70H6
AT1G07728,AT1G07728
AT1G07740,AT1G07740
RAD51D,RAD51D
AT1G07747,AT1G07747
AT1G07750,AT1G07750
AT1G07760,AT1G07760
RPS15AF,RPS15AF
PAI1,PAI1
HTB1,HTB1
AT1G07795,AT1G07795
ECA1,ECA1
AT1G07820,AT1G07820
AT1G07830,AT1G07830
AT1G07840,AT1G07840
AT1G07850,AT1G07850
AT1G07870,AT1G07870
AT1G07860,AT1G07860
MPK13,MPK13
AT1G07885,AT1G07885
APX1,APX1
LBD1,LBD1
AT1G07902,AT1G07902
AT1G07901,AT1G07901
ATRNL,ATRNL
A1,A1
A1.1,A1.1
A1.2,A1.2
MED22B,MED22B
PDIL5-1,PDIL5-1
AT1G07970,AT1G07970
NF-YC10,NF-YC10
AT1G07985,AT1G07985
AT1G07990,AT1G07990
GATA10,GATA10
AT1G08005,AT1G08005
GATA11,GATA11
TPST,TPST
SMR16,SMR16
AT1G08040,AT1G08040
AT1G08050,AT1G08050
MOM,MOM
PCMP-H12,PCMP-H12
ACA7,ACA7
NRT2.1,NRT2.1
NRT2.2,NRT2.2
AT1G08110,AT1G08110
AT1G08115,AT1G08115
AT1G08120,AT1G08120
AT1G04643,AT1G04643
AT1G08125,AT1G08125
LIG1,LIG1
CHX6B,CHX6B
CHX5,CHX5
AT1G08160,AT1G08160
AT1G08165,AT1G08165
AT1G08170,AT1G08170
SMR2,SMR2
VPS41,VPS41
AXS2,AXS2
AT1G08210,AT1G08210
AT1G08220,AT1G08220
GAT1,GAT1
AT1G08240,AT1G08240
ADT6,ADT6
POL2A,POL2A
AT1G08270,AT1G08270
GALT29A,GALT29A
WIP3,WIP3
NVL,NVL
AT1G08310,AT1G08310
AT1G08315,AT1G08315
AT1G04647,AT1G04647
TGA9,TGA9
ROPGAP5,ROPGAP5
TMN5,TMN5
RPL10AA,RPL10AA
DCP1,DCP1
PSAO,PSAO
AT1G08390,AT1G08390
MAG2L,MAG2L
LSG1-2,LSG1-2
BSL2,BSL2
ALMT1,ALMT1
ALMT2,ALMT2
CRT3,CRT3
HDA8,HDA8
YAB2,YAB2
SSL3,SSL3
SDH6,SDH6
NFS2,NFS2
ENODL18,ENODL18
FATB,FATB
CHLD,CHLD
AT1G08530,AT1G08530
SIGB,SIGB
VDE1,VDE1
KN,KN
ACHT4,ACHT4
AT1G08580,AT1G08580
PXL1,PXL1
AT1G08592,AT1G08592
ATRX,ATRX
AT1G08610,AT1G08610
AT1G04657,AT1G04657
PKDM7D,PKDM7D
THA1,THA1
CJD1,CJD1
AT1G08645,AT1G08645
PPCK1,PPCK1
SIA1,SIA1
AT1G08670,AT1G08670
ZIGA4,ZIGA4
SCRL3,SCRL3
PS1,PS1
SKIP24,SKIP24
EDR1,EDR1
XI-C,XI-C
AT1G08750,AT1G08750
AT1G08760,AT1G08760
PRA1E,PRA1E
AIP3,AIP3
AT1G08790,AT1G08790
MYOB1,MYOB1
MYB60,MYB60
PVA22,PVA22
AT1G04667,AT1G04667
CSD1,CSD1
emb2411,emb2411
AT1G08845,AT1G08845
BON3,BON3
AT1G08870,AT1G08870
HTA5,HTA5
SUGTL4,SUGTL4
SUGTL3,SUGTL3
AT1G08910,AT1G08910
AT1G04673,AT1G04673
AT1G04677,AT1G04677
AT1G04683,AT1G04683
ESL1,ESL1
ERD6,ERD6
AT1G08940,AT1G08940
AT1G08950,AT1G08950
CCX5,CCX5
NFYC9,NFYC9
AMI1,AMI1
AT1G08985,AT1G08985
GUX5,GUX5
ANP1,ANP1
EBM,EBM
SNF4,SNF4
AT1G09040,AT1G09040
AT1G09050,AT1G09050
AT1G09060,AT1G09060
SRC2,SRC2
MED37B,MED37B
RBOHB,RBOHB
RPT5B,RPT5B
AT1G09110,AT1G09110
AT1G09130,AT1G09130
SR30,SR30
AT1G09150,AT1G09150
PP2B15,PP2B15
DMP8,DMP8
AT1G09160,AT1G09160
AT1G09170,AT1G09170
AT1G09176,AT1G09176
ATSAR1,ATSAR1
PCMP-E70,PCMP-E70
AT1G09195,AT1G09195
HTR2,HTR2
CRT2,CRT2
PCMP-E25,PCMP-E25
SNRNP65,SNRNP65
NAS3,NAS3
SPH14,SPH14
AT1G04687,AT1G04687
BHLH149,BHLH149
AT1G09260,AT1G09260
IMPA4,IMPA4
STR6,STR6
AT1G09290,AT1G09290
ICP55,ICP55
AT1G09310,AT1G09310
AT1G09320,AT1G09320
ECH,ECH
CRB.1,CRB.1
GOLS3,GOLS3
AT1G09360,AT1G09360
AT1G09370,AT1G09370
AT1G09380,AT1G09380
AT1G09390,AT1G09390
AT1G04697,AT1G04697
AT1G09400,AT1G09400
PCMP-H18,PCMP-H18
NIMIN-3,NIMIN-3
G6PD4,G6PD4
AT1G09421,AT1G09421
ACLA-3,ACLA-3
AT1G09440,AT1G09440
HASPIN,HASPIN
AT1G09460,AT1G09460
NEAP3,NEAP3
AT1G09480,AT1G09480
NEAP4,NEAP4
AT1G09490,AT1G09490
AT1G09500,AT1G09500
AT1G09510,AT1G09510
AT1G09520,AT1G09520
PIF3,PIF3
AT1G04703,AT1G04703
MYB61,MYB61
PAE1,PAE1
GLP4,GLP4
PHYA,PHYA
AT1G09575,AT1G09575
AT1G09580,AT1G09580
RPL21A,RPL21A
AT1G09600,AT1G09600
GXM1,GXM1
AT1G04707,AT1G04707
AT1G09620,AT1G09620
AT1G09625,AT1G09625
RABA2A,RABA2A
AT1G09640,AT1G09640
AT1G09645,AT1G09645
AT1G09650,AT1G09650
AT1G04713,AT1G04713
AT1G09660,AT1G09660
AT1G04717,AT1G04717
AT1G09665,AT1G09665
AT1G09680,AT1G09680
RPL21A.1,RPL21A.1
DRB1,DRB1
AT1G09710,AT1G09710
NET2B,NET2B
AT1G09730,AT1G09730
AT1G09740,AT1G09740
AED3,AED3
U2A',U2A'
CDC5,CDC5
PGM1,PGM1
COBL6,COBL6
AT1G09794,AT1G09794
HISN1B,HISN1B
AT1G04723,AT1G04723
AT1G09800,AT1G09800
ECT11,ECT11
AT1G09812,AT1G09812
POLD4,POLD4
AT1G09820,AT1G09820
PUR2,PUR2
ASK10,ASK10
XBCP3,XBCP3
AT1G04737,AT1G04737
PUP16,PUP16
AT1G04743,AT1G04743
AT1G09870,AT1G09870
AT1G09880,AT1G09880
AT1G09890,AT1G09890
AT1G09900,AT1G09900
AT1G09910,AT1G09910
AT1G09920,AT1G09920
OPT2,OPT2
AT1G09932,AT1G09932
AT1G09935,AT1G09935
HEMA2,HEMA2
RAS1,RAS1
SUC4,SUC4
AT1G04753,AT1G04753
LRR XI-23,LRR XI-23
AT1G09980,AT1G09980
AT1G09995,AT1G09995
AT1G10000,AT1G10000
AAP8,AAP8
AT1G10020,AT1G10020
ERG28,ERG28
AT1G10040,AT1G10040
AT1G10050,AT1G10050
ATBCAT-1,ATBCAT-1
BCAT2,BCAT2
AT1G10090,AT1G10090
AT1G10095,AT1G10095
AT1G10100,AT1G10100
AT1G04763,AT1G04763
AT1G10110,AT1G10110
AT1G04767,AT1G04767
BHLH74,BHLH74
AT1G04773,AT1G04773
ECA3,ECA3
AT1G10140,AT1G10140
PP2A10,PP2A10
ATPP2-A10,ATPP2-A10
ATNFXL1,ATNFXL1
EXO84C,EXO84C
AT1G10190,AT1G10190
WLIM1,WLIM1
MPK1,MPK1
AT1G10220,AT1G10220
AT1G10225,AT1G10225
ASK18,ASK18
FRS11,FRS11
AT1G10250,AT1G10250
AT1G04783,AT1G04783
GRP23,GRP23
AT1G10280,AT1G10280
DRP2A,DRP2A
AT1G10300,AT1G10300
AT1G10310,AT1G10310
AT1G10320,AT1G10320
PCMP-E71,PCMP-E71
AT1G10340,AT1G10340
AT1G10350,AT1G10350
GSTU18,GSTU18
GSTU17,GSTU17
AT1G10380,AT1G10380
EXO84A,EXO84A
AT1G04787,AT1G04787
NUP98A,NUP98A
AT1G10395,AT1G10395
UGT90A2,UGT90A2
AT1G10410,AT1G10410
AT1G04793,AT1G04793
AT1G10417,AT1G10417
PP2A2,PP2A2
AT1G10440,AT1G10440
SNL6,SNL6
AT1G10455,AT1G10455
GLP7,GLP7
ARR4,ARR4
ZFP5,ZFP5
AT1G10490,AT1G10490
ISCA,ISCA
emb2004,emb2004
POLL,POLL
PRIN2,PRIN2
AT1G04797,AT1G04797
AT1G10530,AT1G10530
AT1G04803,AT1G04803
NAT8,NAT8
XTH33,XTH33
PUB18,PUB18
ULP1C,ULP1C
AT1G10580,AT1G10580
BHLH167,BHLH167
BHLH168,BHLH168
AT1G10588,AT1G10588
AT1G10590,AT1G10590
AMSH2,AMSH2
BHLH90,BHLH90
PERK11,PERK11
ATARFA1F,ATARFA1F
AT1G04807,AT1G04807
AT1G10640,AT1G10640
AT1G10650,AT1G10650
AT1G04813,AT1G04813
AT1G10657,AT1G10657
AT1G10660,AT1G10660
ACLA-1,ACLA-1
ABCB10,ABCB10
AT1G10682,AT1G10682
SMR8,SMR8
PRS3,PRS3
PHS1,PHS1
ESFL2,ESFL2
ESF1.3,ESF1.3
AT1G10720,AT1G10720
AP1M1,AP1M1
AT1G10740,AT1G10740
ESF1.2,ESF1.2
ESF1.1,ESF1.1
AT1G10750,AT1G10750
AT1G04817,AT1G04817
GWD1,GWD1
AT1G10770,AT1G10770
AT1G10780,AT1G10780
AT1G10790,AT1G10790
AT1G10800,AT1G10800
AT1G10810,AT1G10810
AT1G10820,AT1G10820
Z-ISO,Z-ISO
TIF3H1,TIF3H1
AT1G04823,AT1G04823
AT1G10850,AT1G10850
AT1G10865,AT1G10865
AT1G04827,AT1G04827
AGD4,AGD4
AT1G10875,AT1G10875
AT1G10880,AT1G10880
AT1G10890,AT1G10890
PIP5K7,PIP5K7
AT1G10910,AT1G10910
LOV1,LOV1
RECQL4A,RECQL4A
ASK1,ASK1
TMN1,TMN1
FD1,FD1
ZIP4,ZIP4
AT1G10980,AT1G10980
AT1G10990,AT1G10990
MLO4,MLO4
AT1G11010,AT1G11010
AT1G11020,AT1G11020
AT1G11030,AT1G11030
AT1G11040,AT1G11040
AT1G11050,AT1G11050
AT1G04833,AT1G04833
AT1G11060,AT1G11060
AT1G11070,AT1G11070
scpl31,scpl31
AT1G04837,AT1G04837
AT1G11090,AT1G11090
AT1G11100,AT1G11100
AT1G11110,AT1G11110
AT1G11112,AT1G11112
AT1G11120,AT1G11120
AT1G11125,AT1G11125
SUB,SUB
AT1G11145,AT1G11145
AT1G11160,AT1G11160
AT1G11170,AT1G11170
AT1G11175,AT1G11175
AT1G11180,AT1G11180
AT1G11185,AT1G11185
ENDO1,ENDO1
AT1G11200,AT1G11200
AT1G11210,AT1G11210
AT1G11220,AT1G11220
AT1G11230,AT1G11230
AT1G11240,AT1G11240
SYP125,SYP125
STP1,STP1
AT1G11270,AT1G11270
AT1G11280,AT1G11280
PCMP-H40,PCMP-H40
AT1G11300,AT1G11300
AT1G11303,AT1G11303
MLO2,MLO2
AT1G11320,AT1G11320
AT1G11330,AT1G11330
RKS1,RKS1
SD113,SD113
AT1G11360,AT1G11360
AT1G11362,AT1G11362
PME56,PME56
AT1G11380,AT1G11380
AT1G11390,AT1G11390
PYM,PYM
AT1G04847,AT1G04847
AT1G11410,AT1G11410
DUF2,DUF2
MORF9,MORF9
AT1G11440,AT1G11440
AT1G11450,AT1G11450
AT1G11460,AT1G11460
AT1G11470,AT1G11470
NRPB10,NRPB10
AT1G11480,AT1G11480
AT1G11490,AT1G11490
AT1G11500,AT1G11500
AT1G11510,AT1G11510
AT1G11520,AT1G11520
CXXS1,CXXS1
AT1G04853,AT1G04853
AT1G11540,AT1G11540
XTH8,XTH8
AT1G11550,AT1G11550
OST3A,OST3A
NTL,NTL
AT1G11572,AT1G11572
ATPMEPCRA,ATPMEPCRA
AT1G04857,AT1G04857
PME19,PME19
AT1G11591,AT1G11591
AT1G11592,AT1G11592
CYP77B1,CYP77B1
AT1G11608,AT1G11608
CYP71A18,CYP71A18
AT1G11620,AT1G11620
AT1G11630,AT1G11630
AT1G11640,AT1G11640
RBP45B,RBP45B
AT1G11655,AT1G11655
HSP70-16,HSP70-16
DTX36,DTX36
AT1G04863,AT1G04863
CYP51G1,CYP51G1
AT1G11684,AT1G11684
AT1G11690,AT1G11690
AT1G11700,AT1G11700
AT1G11710,AT1G11710
ATSS3,ATSS3
AT1G04873,AT1G04873
B3GALT1,B3GALT1
AT1G04877,AT1G04877
MIR171B,MIR171B
AT1G11740,AT1G11740
CLPP6,CLPP6
AT1G04883,AT1G04883
LEW1,LEW1
MED32,MED32
AT1G11770,AT1G11770
AT1G04887,AT1G04887
AT1G11780,AT1G11780
AT1G11785,AT1G11785
ADT1,ADT1
AT1G11800,AT1G11800
AT1G11810,AT1G11810
AT1G11820,AT1G11820
AT1G04893,AT1G04893
ATGLX1,ATGLX1
AT1G11850,AT1G11850
AT1G11860,AT1G11860
OVA7,OVA7
AT1G04897,AT1G04897
AT1G04907,AT1G04907
AT1G11880,AT1G11880
SEC22,SEC22
AT1G04913,AT1G04913
AT1G11900,AT1G11900
AT1G04917,AT1G04917
AT1G11905,AT1G11905
APA1,APA1
AT1G11915,AT1G11915
AT1G11920,AT1G11920
AT1G11925,AT1G11925
AT1G11930,AT1G11930
AT1G11940,AT1G11940
AT1G11950,AT1G11950
AT1G11960,AT1G11960
AT1G11970,AT1G11970
RUB3,RUB3
AT1G11990,AT1G11990
PFP-BETA1,PFP-BETA1
AT1G12010,AT1G12010
SNOR111,SNOR111
AT1G12015,AT1G12015
AT1G12020,AT1G12020
AT1G12030,AT1G12030
AT1G04923,AT1G04923
LRX1,LRX1
FAH,FAH
BAG5,BAG5
AT1G12064,AT1G12064
AT1G12070,AT1G12070
AT1G12080,AT1G12080
ELP,ELP
AT1G12100,AT1G12100
NPF6.3,NPF6.3
AT1G12120,AT1G12120
AT1G12130,AT1G12130
FMOGS-OX5,FMOGS-OX5
AT1G04927,AT1G04927
AT1G12150,AT1G12150
AT1G04933,AT1G04933
AT1G12160,AT1G12160
AT1G12170,AT1G12170
AT1G12180,AT1G12180
AT1G12190,AT1G12190
AT1G12200,AT1G12200
RFL1,RFL1
AT1G12211,AT1G12211
RPS5,RPS5
AT1G12230,AT1G12230
BFRUCT4,BFRUCT4
AT1G12244,AT1G12244
TL20.3,TL20.3
NAC007,NAC007
AT1G04937,AT1G04937
HOP1,HOP1
SUMM2,SUMM2
AT1G12290,AT1G12290
AT1G12300,AT1G12300
AT1G12320,AT1G12320
CML13,CML13
AT1G04947,AT1G04947
AT1G12330,AT1G12330
AT1G12340,AT1G12340
PPCS1,PPCS1
KEU,KEU
PHR1,PHR1
AT1G12380,AT1G12380
AT1G12390,AT1G12390
AT1G12400,AT1G12400
CLPR2,CLPR2
AT1G12411,AT1G12411
ACR8,ACR8
ARK3,ARK3
SAP1,SAP1
AT1G12450,AT1G12450
AT1G12460,AT1G12460
VPS18,VPS18
SLAC1,SLAC1
AT1G04953,AT1G04953
AT1G12490,AT1G12490
AT1G04957,AT1G04957
AT1G12500,AT1G12500
AT1G12510,AT1G12510
CCS,CCS
AT1G12530,AT1G12530
BHLH55,BHLH55
HPR3,HPR3
EXPA7,EXPA7
AT1G12570,AT1G12570
PEPKR1,PEPKR1
AT1G12590,AT1G12590
UTR4,UTR4
DREB1F,DREB1F
AT1G12615,AT1G12615
AT1G12620,AT1G12620
ERF027,ERF027
LPLAT1,LPLAT1
AT1G12650,AT1G12650
AT1G12663,AT1G12663
AT1G12665,AT1G12665
AT1G12672,AT1G12672
PEPKR2,PEPKR2
AT1G12700,AT1G12700
AtPP2-A12,AtPP2-A12
AT1G12730,AT1G12730
CYP87A2,CYP87A2
RBL6,RBL6
AT1G12760,AT1G12760
RH47,RH47
AT1G12775,AT1G12775
UGE1,UGE1
PTD,PTD
AT1G12800,AT1G12800
AT1G12805,AT1G12805
AT1G12810,AT1G12810
AT1G04973,AT1G04973
AFB3,AFB3
AT1G04977,AT1G04977
VHA-C,VHA-C
AT1G12830,AT1G12830
AT1G12845,AT1G12845
AT1G12850,AT1G12850
AT1G12855,AT1G12855
SCRM2,SCRM2
AT1G12870,AT1G12870
NUDT12,NUDT12
AT1G04983,AT1G04983
ERF088,ERF088
GAPA-2,GAPA-2
LWD1,LWD1
ERF1-2,ERF1-2
AT1G12930,AT1G12930
NRT2.5,NRT2.5
DTX31,DTX31
RPL27AA,RPL27AA
PIRL3,PIRL3
ESR1,ESR1
AT1G12990,AT1G12990
AT1G13000,AT1G13000
AT1G13010,AT1G13010
EIF4B2,EIF4B2
COIL,COIL
AT1G13040,AT1G13040
AT1G13050,AT1G13050
PBE1,PBE1
AT1G04987,AT1G04987
CYP71B2,CYP71B2
CYP71B28,CYP71B28
CYP71B29,CYP71B29
CYP71B7,CYP71B7
GLE1,GLE1
AT1G13130,AT1G13130
CYP86C3,CYP86C3
AT1G13143,AT1G13143
CYP86C4,CYP86C4
AT1G13160,AT1G13160
ORP1D,ORP1D
ARP3,ARP3
AT1G13190,AT1G13190
AT1G13195,AT1G13195
AT1G13200,AT1G13200
ALA11,ALA11
LINC2,LINC2
PII-2,PII-2
AT1G13240,AT1G13240
AT1G04993,AT1G04993
RTFL17,RTFL17
AT1G04997,AT1G04997
GATL3,GATL3
AT1G05003,AT1G05003
RAV1,RAV1
MAP1B,MAP1B
AOC4,AOC4
WIP6,WIP6
HRS1,HRS1
AT1G13310,AT1G13310
PP2AA3,PP2AA3
HOP2,HOP2
AT1G13340,AT1G13340
AT1G13350,AT1G13350
AT1G13360,AT1G13360
AT1G05007,AT1G05007
AT1G13370,AT1G13370
AT1G13380,AT1G13380
AT1G13390,AT1G13390
JGL,JGL
AT1G13410,AT1G13410
SOT8,SOT8
STO9,STO9
GAPC2,GAPC2
AT1G05013,AT1G05013
AT1G13448,AT1G13448
GT-1,GT-1
B'THETA,B'THETA
AT1G13470,AT1G13470
AT1G13480,AT1G13480
AT1G13485,AT1G13485
AT1G13490,AT1G13490
AT1G13500,AT1G13500
AT1G13510,AT1G13510
AT1G13520,AT1G13520
AT1G13530,AT1G13530
AT1G13540,AT1G13540
AT1G13550,AT1G13550
AAPT1,AAPT1
AT1G13570,AT1G13570
LAG13,LAG13
PSK1,PSK1
AtbZIP58,AtbZIP58
AT1G13607,AT1G13607
AT1G13608,AT1G13608
AT1G13609,AT1G13609
AT1G13610,AT1G13610
RGF2,RGF2
AT1G13630,AT1G13630
AT1G13635,AT1G13635
PI4KG6,PI4KG6
AT1G13650,AT1G13650
AT1G13670,AT1G13670
AT1G13680,AT1G13680
ATE1,ATE1
AT1G05017,AT1G05017
PGL1,PGL1
AT1G05023,AT1G05023
AT1G05027,AT1G05027
CYP78A5,CYP78A5
AT1G13720,AT1G13720
AT1G13730,AT1G13730
AFP2,AFP2
AT1G05033,AT1G05033
PAP1,PAP1
RUS3,RUS3
AT1G13780,AT1G13780
FDM4,FDM4
AT1G13800,AT1G13800
AT1G13810,AT1G13810
AT1G13820,AT1G13820
AT1G13825,AT1G13825
AT1G13830,AT1G13830
AT1G13850,AT1G13850
QUL1,QUL1
KTI12,KTI12
AT1G13880,AT1G13880
SNAP30,SNAP30
PAP2,PAP2
AT1G13910,AT1G13910
AT1G13920,AT1G13920
AT1G13930,AT1G13930
AT1G13940,AT1G13940
ELF5A-1,ELF5A-1
WRKY4,WRKY4
AT1G13970,AT1G13970
GN,GN
AT1G13990,AT1G13990
VIK,VIK
AT1G14010,AT1G14010
AT1G05043,AT1G05043
OFUT3,OFUT3
LSMT-L,LSMT-L
AT1G05047,AT1G05047
PHO1;H3,PHO1;H3
AT1G14048,AT1G14048
AT1G14060,AT1G14060
MIR830A,MIR830A
FUT6,FUT6
FUT8,FUT8
FUT9,FUT9
AT1G14120,AT1G14120
AT1G14130,AT1G14130
PUMP3,PUMP3
PNSL2,PNSL2
AT1G14160,AT1G14160
AT1G05057,AT1G05057
AT1G14170,AT1G14170
AT1G14180,AT1G14180
AT1G14185,AT1G14185
AT1G14190,AT1G14190
AT1G14200,AT1G14200
AT1G14205,AT1G14205
AT1G14210,AT1G14210
AT1G14220,AT1G14220
APY4,APY4
APY3,APY3
APY5,APY5
AT1G14260,AT1G14260
AT1G14270,AT1G14270
PKS2,PKS2
SBH2,SBH2
AT1G14300,AT1G14300
AT1G14310,AT1G14310
AT1G14315,AT1G14315
RPL10A,RPL10A
AT1G14330,AT1G14330
AT1G14340,AT1G14340
AT1G14345,AT1G14345
AT1G05067,AT1G05067
AT1G05073,AT1G05073
MYB124,MYB124
UTR3,UTR3
PBL2,PBL2
AT1G05077,AT1G05077
IQD28,IQD28
AT1G05083,AT1G05083
AT1G14390,AT1G14390
UBC1,UBC1
WHY1,WHY1
AT59,AT59
AT1G14430,AT1G14430
ZHD4,ZHD4
AT1G14450,AT1G14450
AT1G14453,AT1G14453
AT1G14455,AT1G14455
AT1G14460,AT1G14460
AT1G05093,AT1G05093
PCMP-A4,PCMP-A4
AT1G14480,AT1G14480
AT1G14490,AT1G14490
AT1G14500,AT1G14500
AL7,AL7
AT1G14518,AT1G14518
MIOX1,MIOX1
THH1,THH1
PER4,PER4
PER5,PER5
COAC1,COAC1
PUX7,PUX7
AT1G14580,AT1G14580
AT1G05097,AT1G05097
AT1G05103,AT1G05103
AT1G05107,AT1G05107
AT1G14590,AT1G14590
AT1G14600,AT1G14600
TWN2,TWN2
DECOY,DECOY
AT1G14630,AT1G14630
AT1G14640,AT1G14640
AT1G14642,AT1G14642
AT1G14650,AT1G14650
NHX8,NHX8
AT1G05113,AT1G05113
TMN2,TMN2
AT1G14680,AT1G14680
BPC2,BPC2
AT1G14686,AT1G14686
ZHD14,ZHD14
AT1G14688,AT1G14688
AT1G05117,AT1G05117
MAP65-7,MAP65-7
PAP3,PAP3
AT1G14710,AT1G14710
XTH28,XTH28
CYB561C,CYB561C
OBE3,OBE3
SDS,SDS
AT1G14755,AT1G14755
KNATM,KNATM
AT1G14770,AT1G14770
AT1G14780,AT1G14780
RDR1,RDR1
AT1G14800,AT1G14800
AT1G14810,AT1G14810
AT1G05123,AT1G05123
AT1G14820,AT1G14820
DRP1C,DRP1C
MAP70.4,MAP70.4
NUP155,NUP155
NUDT18,NUDT18
PCR2,PCR2
AT1G05127,AT1G05127
PCR1,PCR1
AT1G14890,AT1G14890
HMGA,HMGA
AT1G14910,AT1G14910
AT1G05133,AT1G05133
GAI,GAI
AT1G14930,AT1G14930
AT1G14950,AT1G14950
AT1G14960,AT1G14960
OFUT4,OFUT4
CPN10,CPN10
AT1G14990,AT1G14990
SCPL50,SCPL50
AT1G15002,AT1G15002
AT1G15010,AT1G15010
AT1G15015,AT1G15015
QSOX1,QSOX1
AT1G15030,AT1G15030
AT1G05143,AT1G05143
GAT1-2.1,GAT1-2.1
AT1G05147,AT1G05147
IAA34,IAA34
AT1G15060,AT1G15060
LPP2,LPP2
AT1G15090,AT1G15090
AT1G05153,AT1G05153
AT1G15085,AT1G15085
RHA2A,RHA2A
AT1G15110,AT1G15110
AT1G15120,AT1G15120
AT1G15125,AT1G15125
BRO1,BRO1
AT1G15140,AT1G15140
DTX10,DTX10
DTX11,DTX11
AT1G15165,AT1G15165
DTX12,DTX12
AT1G15175,AT1G15175
DTX13,DTX13
FLA19,FLA19
AT1G15200,AT1G15200
ABCG35,ABCG35
AT1G15215,AT1G15215
CCMH,CCMH
AT1G15230,AT1G15230
AT1G15240,AT1G15240
RPL37A,RPL37A
AT1G15260,AT1G15260
AT1G15270,AT1G15270
AT1G15280,AT1G15280
AT1G15290,AT1G15290
SRP-54A,SRP-54A
AT1G15320,AT1G15320
PV42A,PV42A
MBD10,MBD10
AT1G15350,AT1G15350
WIN1,WIN1
AT1G15370,AT1G15370
AT1G15380,AT1G15380
AT1G15385,AT1G15385
PDF1A,PDF1A
AT1G15400,AT1G15400
AT1G05163,AT1G05163
AT1G15410,AT1G15410
AT1G15415,AT1G15415
AT1G15420,AT1G15420
AT1G15430,AT1G15430
PWP2,PWP2
AT1G15450,AT1G15450
BOR4,BOR4
AT1G15470,AT1G15470
AT1G15480,AT1G15480
AT1G15490,AT1G15490
AATP2,AATP2
PCMP-H73,PCMP-H73
ABCG40,ABCG40
LECRKS1,LECRKS1
AT1G15540,AT1G15540
GA3OX1,GA3OX1
AT1G05173,AT1G05173
CYCA2-3,CYCA2-3
IAA5,IAA5
AT1G15590,AT1G15590
AT1G15610,AT1G15610
AT1G15620,AT1G15620
AT1G15625,AT1G15625
AT1G15630,AT1G15630
AT1G15640,AT1G15640
AT1G15650,AT1G15650
CENP-C,CENP-C
AT1G15670,AT1G15670
AT1G15680,AT1G15680
AT1G05177,AT1G05177
AVP1,AVP1
AT1G05183,AT1G05183
ATPC2,ATPC2
TYRAAT2,TYRAAT2
TRFL5,TRFL5
AT1G05187,AT1G05187
AT1G15730,AT1G15730
AT1G05193,AT1G05193
AT1G15740,AT1G15740
TPL,TPL
AT1G05197,AT1G05197
AT1G15760,AT1G15760
MED15B,MED15B
AT1G15772,AT1G15772
AT1G15780,AT1G15780
AT1G15790,AT1G15790
AT1G15800,AT1G15800
AT1G15810,AT1G15810
AT1G05203,AT1G05203
LHCB6,LHCB6
AT1G05207,AT1G05207
AT1G15830,AT1G15830
AT1G15825,AT1G15825
AT1G15840,AT1G15840
AT1G15850,AT1G15850
AT1G15860,AT1G15860
AT1G15870,AT1G15870
GOS11,GOS11
AT1G15885,AT1G15885
AT1G15890,AT1G15890
AT1G15900,AT1G15900
FDM1,FDM1
CAF1-2,CAF1-2
AT1G15940,AT1G15940
CCR1,CCR1
AT1G05213,AT1G05213
NRAMP6,NRAMP6
AT1G15970,AT1G15970
PNSB1,PNSB1
CNGC7,CNGC7
AT1G16000,AT1G16000
MRS2-1,MRS2-1
CCZ1A,CCZ1A
AT1G16022,AT1G16022
AT1G16025,AT1G16025
HSP70-5,HSP70-5
AT1G16040,AT1G16040
ADAP,ADAP
TULP8,TULP8
AT1G16080,AT1G16080
WAKL7,WAKL7
AT1G16100,AT1G16100
WAKL6,WAKL6
AT1G05217,AT1G05217
WAKL1,WAKL1
WAKL2,WAKL2
WAKL4,WAKL4
WAKL5,WAKL5
AT1G16170,AT1G16170
AT1G16180,AT1G16180
RAD23A,RAD23A
AT1G16210,AT1G16210
AT1G16220,AT1G16220
AT1G16225,AT1G16225
AT1G16230,AT1G16230
SYP51,SYP51
AT1G16250,AT1G16250
WAKL8,WAKL8
AT1G16270,AT1G16270
RH36,RH36
AT1G16290,AT1G16290
GAPCP2,GAPCP2
MTP10,MTP10
AT1G16320,AT1G16320
CYCB3;1,CYCB3;1
ATKDSA2,ATKDSA2
AT1G16350,AT1G16350
AT1G16360,AT1G16360
OCT6,OCT6
CHX1,CHX1
OCT3,OCT3
CYP79F2,CYP79F2
CYP79F1,CYP79F1
AMC8,AMC8
MED22A,MED22A
RHS3,RHS3
AT1G16445,AT1G16445
AT1G16450,AT1G16450
STR2,STR2
PAB1,PAB1
AT1G16480,AT1G16480
AT1G05227,AT1G05227
AT1G16489,AT1G16489
MYB58,MYB58
AT1G16500,AT1G16500
SAUR41,SAUR41
AT1G05237,AT1G05237
AT1G16515,AT1G16515
AT1G16520,AT1G16520
LBD3,LBD3
SIR3,SIR3
AT1G16560,AT1G16560
AT1G05243,AT1G05243
AT1G16570,AT1G16570
REV7,REV7
SR45,SR45
AT1G16630,AT1G16630
AT1G16635,AT1G16635
AT1G16640,AT1G16640
AT1G16650,AT1G16650
CRPK1,CRPK1
AT1G16680,AT1G16680
AT1G16690,AT1G16690
AT1G16700,AT1G16700
AT1G16705,AT1G16705
HAC12,HAC12
HCF173,HCF173
AT1G05253,AT1G05253
UP6,UP6
AT1G05257,AT1G05257
AT1G16740,AT1G16740
AT1G16750,AT1G16750
AT1G16760,AT1G16760
AT1G16770,AT1G16770
AVPL2,AVPL2
AT1G16790,AT1G16790
AT1G16800,AT1G16800
AT1G16810,AT1G16810
AT1G16820,AT1G16820
AT1G05267,AT1G05267
AT1G05273,AT1G05273
RTNLB23,RTNLB23
AT1G16830,AT1G16830
AT1G16840,AT1G16840
AT1G16850,AT1G16850
AT1G16860,AT1G16860
AT1G16870,AT1G16870
ACR11,ACR11
UBC36,UBC36
AT1G05277,AT1G05277
ALG9,ALG9
AT1G16905,AT1G16905
LSH8,LSH8
AT1G16916,AT1G16916
RABA1B,RABA1B
AT1G16930,AT1G16930
AT1G16940,AT1G16940
AT1G16960,AT1G16960
KU70,KU70
TPS2,TPS2
ATTPS3,ATTPS3
AT1G17010,AT1G17010
SRG1,SRG1
AT1G17030,AT1G17030
SHA,SHA
AT1G05283,AT1G05283
SPS2,SPS2
CYP72C1,CYP72C1
AT1G17065,AT1G17065
AT1G05287,AT1G05287
STIPL1,STIPL1
AT1G17080,AT1G17080
AT1G17090,AT1G17090
AT1G17100,AT1G17100
UBP15,UBP15
CAT8,CAT8
AT1G17130,AT1G17130
AT1G05293,AT1G05293
ICR1,ICR1
AT1G05297,AT1G05297
DA2L,DA2L
VQ1,VQ1
AT1G17150,AT1G17150
AT1G17160,AT1G17160
GSTU24,GSTU24
GSTU25,GSTU25
GSTU26,GSTU26
AT1G17200,AT1G17200
ATILP1,ATILP1
FUG1,FUG1
AT1G17232,AT1G17232
AT1G17230,AT1G17230
RTFL11,RTFL11
AtRLP2,AtRLP2
AT1G17255,AT1G17255
AtRLP3,AtRLP3
AHA10,AHA10
OFUT5,OFUT5
UBC34,UBC34
AT1G17285,AT1G17285
ALAAT1,ALAAT1
AT1G17300,AT1G17300
AT1G17310,AT1G17310
AT1G17330,AT1G17330
SAC5,SAC5
SAUR77,SAUR77
AT1G17350,AT1G17350
AT1G17360,AT1G17360
AT1G05303,AT1G05303
UBP1B,UBP1B
TIFY11A,TIFY11A
AT1G17400,AT1G17400
AT1G17410,AT1G17410
AT1G05313,AT1G05313
LOX3,LOX3
AT1G17430,AT1G17430
TAF12B,TAF12B
AT1G17450,AT1G17450
EFL4,EFL4
TRFL3,TRFL3
DRG1,DRG1
IQD7,IQD7
AT1G17490,AT1G17490
ALA4,ALA4
AT1G17510,AT1G17510
AT1G17520,AT1G17520
TIM23-1,TIM23-1
AT1G17540,AT1G17540
AT1G17545,AT1G17545
HAB2,HAB2
HLL,HLL
AT1G17570,AT1G17570
XI-1,XI-1
NFYA8,NFYA8
AT1G17600,AT1G17600
CHS1,CHS1
AT1G17615,AT1G17615
AT1G17620,AT1G17620
PCMP-E72,PCMP-E72
AT1G17640,AT1G17640
GLYR2,GLYR2
AT1G17665,AT1G17665
AT1G17660,AT1G17660
AT1G17670,AT1G17670
AT1G17680,AT1G17680
NOF1,NOF1
PRA1F1,PRA1F1
AT1G17710,AT1G17710
PP2AB2,PP2AB2
CHMP1A,CHMP1A
AT1G17744,AT1G17744
PGDH,PGDH
AT1G05317,AT1G05317
PEPR2,PEPR2
AT1G05327,AT1G05327
CSTF77,CSTF77
AT1G17780,AT1G17780
GTE5,GTE5
TIP3-2,TIP3-2
AT1G05333,AT1G05333
AT1G17820,AT1G17820
AT1G17830,AT1G17830
AT1G05337,AT1G05337
ABCG11,ABCG11
STR8,STR8
AT1G05343,AT1G05343
KTI2,KTI2
AT1G05347,AT1G05347
EGY3,EGY3
AT1G05353,AT1G05353
BTF3,BTF3
GER2,GER2
WAKL13,WAKL13
HDG12,HDG12
AT1G05357,AT1G05357
MAIN,MAIN
AT1G17940,AT1G17940
MYB52,MYB52
AT1G17960,AT1G17960
AT1G17970,AT1G17970
PAPS1,PAPS1
AT1G17990,AT1G17990
AT1G18000,AT1G18000
AT1G18010,AT1G18010
AT1G18020,AT1G18020
AT1G18030,AT1G18030
AT1G05363,AT1G05363
CDKD-3,CDKD-3
AT1G05367,AT1G05367
AT1G18050,AT1G18050
AT1G18060,AT1G18060
AT1G18070,AT1G18070
AT1G05377,AT1G05377
MIR159B,MIR159B
RACK1A,RACK1A
AT1G18090,AT1G18090
MFT,MFT
AT1G05383,AT1G05383
AT1G18130,AT1G18130
LAC1,LAC1
MPK8,MPK8
AT1G18160,AT1G18160
FKBP17-2,FKBP17-2
AT1G18180,AT1G18180
GC2,GC2
AT1G18193,AT1G18193
AT1G18197,AT1G18197
RABA6B,RABA6B
CML27,CML27
ATPUP9,ATPUP9
AT1G05387,AT1G05387
AT1G05397,AT1G05397
ATLP-1,ATLP-1
HRD3A,HRD3A
AT1G18265,AT1G18265
AT1G18270,AT1G18270
AT1G18280,AT1G18280
AT1G18290,AT1G18290
NUDT4,NUDT4
AT1G18310,AT1G18310
AT1G18320,AT1G18320
RVE7,RVE7
AT1G18335,AT1G18335
TFB4,TFB4
MKK7,MKK7
AT1G18360,AT1G18360
KIN7A,KIN7A
AT1G18390,AT1G18390
AT1G18382,AT1G18382
BEE1,BEE1
AT1G18410,AT1G18410
AT1G18415,AT1G18415
ALMT3,ALMT3
AT1G18430,AT1G18430
AT1G18440,AT1G18440
ARP4,ARP4
AT1G18460,AT1G18460
AT1G18470,AT1G18470
SLP2,SLP2
PCMP-H8,PCMP-H8
AT1G18486,AT1G18486
PCO3,PCO3
IPMS1,IPMS1
TET16,TET16
TET11,TET11
CML15,CML15
RPL6A,RPL6A
KIN8A,KIN8A
AT1G18560,AT1G18560
MYB51,MYB51
GAUT11,GAUT11
SOT17,SOT17
RBL12,RBL12
AT1G18610,AT1G18610
AT1G18620,AT1G18620
RBG6,RBG6
PSP,PSP
PDCB3,PDCB3
AT1G18660,AT1G18660
IBS1,IBS1
AT1G18680,AT1G18680
XXT4,XXT4
AT1G18700,AT1G18700
AT1G05413,AT1G05413
AtMYB47,AtMYB47
AT1G18720,AT1G18720
PNSB4,PNSB4
AT1G18735,AT1G18735
AT1G18740,AT1G18740
AT1G18745,AT1G18745
AGL65,AGL65
AT1G18760,AT1G18760
AT1G18773,AT1G18773
AT1G18780,AT1G18780
NRP2,NRP2
PKS3,PKS3
SEC31A,SEC31A
MIF3,MIF3
AT1G05443,AT1G05443
IQD30,IQD30
AT1G18850,AT1G18850
AT1G05447,AT1G05447
WRKY61,WRKY61
ICS2,ICS2
NPF2.9,NPF2.9
MIR837A,MIR837A
CPK10,CPK10
AT1G05453,AT1G05453
AT1G18900,AT1G18900
AT1G18910,AT1G18910
AT1G18940,AT1G18940
AT1G18950,AT1G18950
AT1G18960,AT1G18960
GLP1,GLP1
AT1G18975,AT1G18975
AT1G18980,AT1G18980
MYOB5,MYOB5
AT1G19000,AT1G19000
AT1G19010,AT1G19010
AT1G19020,AT1G19020
AT1G19025,AT1G19025
AT1G19040,AT1G19040
ARR7,ARR7
AT1G19060,AT1G19060
TTN10,TTN10
AT1G19070,AT1G19070
AT1G19086,AT1G19086
RKF2,RKF2
MORC6,MORC6
AT1G19110,AT1G19110
AT1G19115,AT1G19115
LSM1A,LSM1A
AT1G05463,AT1G05463
AT1G19130,AT1G19130
AT1G05467,AT1G05467
AT1G19140,AT1G19140
LHCA6,LHCA6
AT1G19160,AT1G19160
AT1G19170,AT1G19170
AT1G05473,AT1G05473
TIFY10A,TIFY10A
CXE1,CXE1
FLZ12,FLZ12
ERF017,ERF017
ARF19,ARF19
AT1G05483,AT1G05483
AT1G05487,AT1G05487
RBOHE,RBOHE
AT1G19240,AT1G19240
FMO1,FMO1
AT1G19260,AT1G19260
DA1,DA1
AT1G19290,AT1G19290
AT1G05493,AT1G05493
AT1G05497,AT1G05497
GATL1,GATL1
AT1G19310,AT1G19310
AT1G19320,AT1G19320
AT1G19330,AT1G19330
AT1G19340,AT1G19340
BES1,BES1
RRA3,RRA3
AT1G19370,AT1G19370
MIR169H,MIR169H
AT1G19373,AT1G19373
AT1G19376,AT1G19376
AT1G19380,AT1G19380
WAKL11,WAKL11
AT1G19394,AT1G19394
AT1G19396,AT1G19396
AT1G19397,AT1G19397
AT1G19400,AT1G19400
AT1G19410,AT1G19410
AT1G19430,AT1G19430
KCS4,KCS4
AT1G19450,AT1G19450
AT1G19460,AT1G19460
MIR864A,MIR864A
AT1G19470,AT1G19470
AT1G19480,AT1G19480
AT1G19485,AT1G19485
AT1G19490,AT1G19490
AT1G19500,AT1G19500
RL5,RL5
NFD5,NFD5
AT1G19530,AT1G19530
AT1G19540,AT1G19540
AT1G19550,AT1G19550
AT1G19565,AT1G19565
DHAR1,DHAR1
GAMMACA1,GAMMACA1
AT1G19600,AT1G19600
PDF1.4,PDF1.4
CYP722A1,CYP722A1
AT1G19620,AT1G19620
JMT,JMT
SFH4,SFH4
BBD2,BBD2
CLH1,CLH1
AT1G19680,AT1G19680
AT1G19690,AT1G19690
BLH10,BLH10
AT1G05507,AT1G05507
AT1G19710,AT1G19710
JAL3,JAL3
DYW7,DYW7
TRX4,TRX4
AT1G19740,AT1G19740
AT1G19750,AT1G19750
PUP14,PUP14
CNGC8,CNGC8
SRS7,SRS7
TGD1,TGD1
AT1G19830,AT1G19830
FPP4,FPP4
AT1G19840,AT1G19840
ARF5,ARF5
AT1G19860,AT1G19860
IQD32,IQD32
AT1G19880,AT1G19880
MGH3,MGH3
AT1G19900,AT1G19900
VHA-C2,VHA-C2
APS2.1,APS2.1
AT1G19930,AT1G19930
AtGH9B5,AtGH9B5
HVA22H,HVA22H
AT1G19960,AT1G19960
AT1G19968,AT1G19968
AT1G19970,AT1G19970
AT1G19980,AT1G19980
AT1G19990,AT1G19990
TAF11B,TAF11B
TUBB5,TUBB5
AT1G20015,AT1G20015
AT1G05517,AT1G05517
LFNR2,LFNR2
AT1G20030,AT1G20030
AT1G20040,AT1G20040
HYD1,HYD1
AT1G20060,AT1G20060
AT1G20065,AT1G20065
AT1G05523,AT1G05523
AT1G20070,AT1G20070
AT1G05533,AT1G05533
SYT2,SYT2
ARAC4,ARAC4
AT1G20100,AT1G20100
FREE1,FREE1
AT1G20120,AT1G20120
APG,APG
AT1G20132,AT1G20132
AT1G20135,AT1G20135
ASK4,ASK4
SBT5.1,SBT5.1
CRSP,CRSP
AT1G20180,AT1G20180
EXPA11,EXPA11
RPN3A,RPN3A
AT1G20210,AT1G20210
AT1G20220,AT1G20220
AT1G20225,AT1G20225
PCMP-H21,PCMP-H21
AT1G20240,AT1G20240
AT1G20250,AT1G20250
VHA-B3,VHA-B3
P4H3,P4H3
AT1G20280,AT1G20280
AT1G20290,AT1G20290
AT1G20300,AT1G20300
AT1G20310,AT1G20310
AT1G20320,AT1G20320
SMT2,SMT2
DRT112,DRT112
TIM17-1,TIM17-1
AT1G20360,AT1G20360
AT1G05543,AT1G05543
AT1G20370,AT1G20370
MIR394A,MIR394A
AT1G20380,AT1G20380
AT1G20400,AT1G20400
AT1G20405,AT1G20405
AT1G20410,AT1G20410
AT1G20420,AT1G20420
AT1G20430,AT1G20430
COR47,COR47
ERD10,ERD10
AT1G20460,AT1G20460
AT1G05553,AT1G05553
AT1G05557,AT1G05557
AT1G20470,AT1G20470
4CLL2,4CLL2
AT1G20490,AT1G20490
4CLL4,4CLL4
4CLL5,4CLL5
AT1G20515,AT1G20515
AT1G20520,AT1G20520
AT1G20530,AT1G20530
AT1G20540,AT1G20540
OFUT6,OFUT6
AAE1,AAE1
AT1G20570,AT1G20570
DPMS1,DPMS1
SMD3B,SMD3B
CYCB2-5,CYCB2-5
AT1G20600,AT1G20600
CYCB2-3,CYCB2-3
CAT3,CAT3
CAT1,CAT1
NLP4,NLP4
PBL21,PBL21
AT1G20670,AT1G20670
AT1G20680,AT1G20680
AT1G20683,AT1G20683
AT1G20687,AT1G20687
AT1G20691,AT1G20691
AT1G20690,AT1G20690
HMGB2,HMGB2
HMGB3,HMGB3
WOX14,WOX14
WOX10,WOX10
AT1G20720,AT1G20720
AT1G20730,AT1G20730
AT1G20735,AT1G20735
AT1G05567,AT1G05567
AT1G20740,AT1G20740
AT1G20750,AT1G20750
AT1G20760,AT1G20760
AT1G20770,AT1G20770
PUB44,PUB44
AT1G20790,AT1G20790
AT1G20795,AT1G20795
AT1G20803,AT1G20803
FKBP18,FKBP18
OEP21A,OEP21A
ATL80,ATL80
AT1G20820,AT1G20820
MCD1,MCD1
MSSP1,MSSP1
AT1G05607,AT1G05607
XCP2,XCP2
PHT1;8,PHT1;8
IDM3,IDM3
AT1G20875,AT1G20875
AT1G20880,AT1G20880
AT1G20890,AT1G20890
AHL27,AHL27
ARID6,ARID6
RH42,RH42
AT1G20923,AT1G20923
PILS1,PILS1
CDKB2-2,CDKB2-2
AT1G20940,AT1G20940
PFP-ALPHA1,PFP-ALPHA1
BRR2A,BRR2A
AT1G20970,AT1G20970
SPL14,SPL14
AT1G20990,AT1G20990
AT1G05613,AT1G05613
AT1G21000,AT1G21000
AT1G05617,AT1G05617
AT1G21010,AT1G21010
AT1G21050,AT1G21050
AT1G05623,AT1G05623
AT1G21060,AT1G21060
AT1G21065,AT1G21065
URGT2,URGT2
AT1G21080,AT1G21080
AT1G21090,AT1G21090
IGMT1,IGMT1
IGMT3,IGMT3
AT1G21120,AT1G21120
IGMT4,IGMT4
AT1G05627,AT1G05627
AT1G05633,AT1G05633
AT1G21140,AT1G21140
AT1G21150,AT1G21150
AT1G21160,AT1G21160
SEC5B,SEC5B
LSM3A,LSM3A
AT1G21200,AT1G21200
MIR781A,MIR781A
AT1G05637,AT1G05637
WAK4,WAK4
WAK5,WAK5
AT1G05643,AT1G05643
WAK3,WAK3
AT1G21245,AT1G21245
WAK1,WAK1
WAK2,WAK2
AT1G21280,AT1G21280
EXT3,EXT3
AT1G21313,AT1G21313
AT1G05647,AT1G05647
NSRB,NSRB
AT1G21323,AT1G21323
AT1G21326,AT1G21326
AT1G05653,AT1G05653
AT1G05657,AT1G05657
DOF1.2,DOF1.2
AT1G21350,AT1G21350
GLTP2,GLTP2
AT1G21370,AT1G21370
TOL3,TOL3
emb2170,emb2170
AT1G05663,AT1G05663
AT1G05667,AT1G05667
AT1G05673,AT1G05673
AT1G21395,AT1G21395
AT1G21400,AT1G21400
SKP2A,SKP2A
YUC11,YUC11
AT1G21440,AT1G21440
SCL1,SCL1
SWEET1,SWEET1
AT1G21470,AT1G21470
AT1G21480,AT1G21480
AT1G21500,AT1G21500
AT1G21510,AT1G21510
AT1G21520,AT1G21520
AT1G21528,AT1G21528
AT1G21529,AT1G21529
AEE10,AEE10
AEE9,AEE9
CML44,CML44
AT1G21560,AT1G21560
AT1G21580,AT1G21580
AT1G21590,AT1G21590
PTAC6,PTAC6
AT1G21610,AT1G21610
APUM20,APUM20
AT1G21630,AT1G21630
NADK2,NADK2
SECA2,SECA2
AT1G21651,AT1G21651
AT1G05683,AT1G05683
AT1G21660,AT1G21660
AT1G21670,AT1G21670
AT1G21680,AT1G21680
EMB1968,EMB1968
AT1G21695,AT1G21695
SWI3C,SWI3C
OGG1,OGG1
PBC1,PBC1
AT1G21722,AT1G21722
KIN7C,KIN7C
AT1G21740,AT1G21740
AT1G21738,AT1G21738
PDIL1-1,PDIL1-1
SKIP32,SKIP32
AT1G21770,AT1G21770
AT1G21780,AT1G21780
AT1G21790,AT1G21790
AT1G21800,AT1G21800
FPP2,FPP2
AT1G21830,AT1G21830
AT1G21835,AT1G21835
UREF,UREF
sks8,sks8
sks7,sks7
AT1G21864,AT1G21864
AT1G21866,AT1G21866
GONST5,GONST5
LYM1,LYM1
AT1G05687,AT1G05687
AT1G21890,AT1G21890
AT1G21900,AT1G21900
ERF012,ERF012
AT1G21920,AT1G21920
AT1G21925,AT1G21925
AT1G21928,AT1G21928
AT1G21930,AT1G21930
AT1G21940,AT1G21940
AT1G21950,AT1G21950
NFYB9,NFYB9
PIP5K1,PIP5K1
AT1G05693,AT1G05693
AT1G05697,AT1G05697
AT1G21990,AT1G21990
AT1G22000,AT1G22000
SHM6,SHM6
AT1G22030,AT1G22030
AT1G22040,AT1G22040
MUB6,MUB6
AT1G05703,AT1G05703
AT1G22060,AT1G22060
AT1G05707,AT1G05707
AT1G22065,AT1G22065
TGA3,TGA3
AT1G22080,AT1G22080
EMB2204,EMB2204
AT1G22100,AT1G22100
AT1G22110,AT1G22110
AT1G22120,AT1G22120
AGL104,AGL104
AT1G05717,AT1G05717
AT1G22140,AT1G22140
SULTR1;3,SULTR1;3
FLZ5,FLZ5
AT1G22170,AT1G22170
AT1G05723,AT1G05723
AT1G22180,AT1G22180
AT1G05727,AT1G05727
RAP2-13,RAP2-13
AT1G22200,AT1G22200
TPPC,TPPC
AT1G22220,AT1G22220
AT1G22230,AT1G22230
APUM8,APUM8
AT1G22250,AT1G22250
AT1G05733,AT1G05733
ZYP1A,ZYP1A
TRM112A,TRM112A
ZYP1B,ZYP1B
AT1G05737,AT1G05737
PAPP2C,PAPP2C
AT1G22290,AT1G22290
GRF10,GRF10
MBD8,MBD8
AT1G22330,AT1G22330
UGT85A7,UGT85A7
UGT85A2,UGT85A2
UGT85A5,UGT85A5
UGT85A3,UGT85A3
UGT85A1,UGT85A1
AT1G22403,AT1G22403
AT1G22410,AT1G22410
AT1G22420,AT1G22420
AT1G22430,AT1G22430
AT1G22440,AT1G22440
COX6B-1,COX6B-1
OFUT7,OFUT7
AT1G05747,AT1G05747
AT1G22470,AT1G22470
AT1G22480,AT1G22480
AT1G22490,AT1G22490
ATL15,ATL15
AT1G05753,AT1G05753
AT1G22510,AT1G22510
AT1G05757,AT1G05757
AT1G22520,AT1G22520
PATL2,PATL2
NPF5.10,NPF5.10
NPF5.16,NPF5.16
NPF5.15,NPF5.15
AGL87,AGL87
AT1G22600,AT1G22600
SAC1,SAC1
AT1G22610,AT1G22610
AT1G22630,AT1G22630
MYB3,MYB3
INVD,INVD
AT1G22660,AT1G22660
RMR3,RMR3
AT1G22680,AT1G22680
GASA9,GASA9
PYG7,PYG7
AT1G05763,AT1G05763
SUC2,SUC2
AT1G22720,AT1G22720
AT1G22730,AT1G22730
RABG3B,RABG3B
AT1G22750,AT1G22750
PAB3,PAB3
GI,GI
RPS18C,RPS18C
AT1G22790,AT1G22790
AT1G05767,AT1G05767
AT1G22800,AT1G22800
ERF019,ERF019
PCMP-E24,PCMP-E24
CYTC-1,CYTC-1
AT1G05773,AT1G05773
AT1G22850,AT1G22850
AT1G05777,AT1G05777
VPS3,VPS3
AT1G22870,AT1G22870
CEL5,CEL5
SUN3,SUN3
AT1G22885,AT1G22885
AT1G22890,AT1G22890
DIR11,DIR11
AT1G22910,AT1G22910
CSN5A,CSN5A
AT1G22930,AT1G22930
TH1,TH1
AT1G22950,AT1G22950
AT1G22960,AT1G22960
AT1G22970,AT1G22970
AT1G22980,AT1G22980
ERF069,ERF069
HIPP22,HIPP22
AT1G23000,AT1G23000
LPR1,LPR1
FRO3,FRO3
PUB11,PUB11
AT1G23037,AT1G23037
AT1G23040,AT1G23040
AT1G23052,AT1G23052
AT1G23050,AT1G23050
AT1G23060,AT1G23060
AT1G23070,AT1G23070
PIN7,PIN7
SULTR3;3,SULTR3;3
AT1G23100,AT1G23100
AT1G23110,AT1G23110
AT1G05787,AT1G05787
AT1G23120,AT1G23120
AT1G23130,AT1G23130
CAR8,CAR8
AT1G05793,AT1G05793
RALFL3,RALFL3
AT1G23150,AT1G23150
AT1G23160,AT1G23160
AT1G23170,AT1G23170
AT1G23180,AT1G23180
PGM3,PGM3
PME6,PME6
AT1G23201,AT1G23201
AT1G23205,AT1G23205
AtGH9B6,AtGH9B6
AT1G23220,AT1G23220
MED23,MED23
AT1G23240,AT1G23240
AT1G23250,AT1G23250
UEV1A,UEV1A
AT1G23270,AT1G23270
AT1G23280,AT1G23280
RPL27AB,RPL27AB
DTX32,DTX32
GGAT1,GGAT1
TAR1,TAR1
AT1G23330,AT1G23330
AT1G23340,AT1G23340
AT1G23350,AT1G23350
MENG,MENG
KNAT6,KNAT6
AT1G05797,AT1G05797
AT1G05803,AT1G05803
AT1G05813,AT1G05813
AT1G23390,AT1G23390
CAF2,CAF2
RPS27AA,RPS27AA
INO,INO
AT1G05817,AT1G05817
AT1G23440,AT1G23440
AT1G23450,AT1G23450
AT1G23460,AT1G23460
AT1G23465,AT1G23465
CSLA3,CSLA3
ARF2-A,ARF2-A
AT1G23500,AT1G23500
AT1G23510,AT1G23510
AT1G23520,AT1G23520
AT1G23530,AT1G23530
PERK12,PERK12
SRO2,SRO2
AT1G23560,AT1G23560
AT1G23570,AT1G23570
AT1G23580,AT1G23580
AT1G23590,AT1G23590
AT1G23600,AT1G23600
AT1G23610,AT1G23610
AT1G23640,AT1G23640
AT1G23650,AT1G23650
AT1G23660,AT1G23660
AT1G23670,AT1G23670
AT1G23690,AT1G23690
AT1G23700,AT1G23700
AT1G23710,AT1G23710
AT1G23720,AT1G23720
BCA3,BCA3
AOR,AOR
AT1G23750,AT1G23750
PGL1.1,PGL1.1
AT1G23770,AT1G23770
SKIP22,SKIP22
AT1G23790,AT1G23790
ALDH2B7,ALDH2B7
AT1G23810,AT1G23810
SPDSYN1,SPDSYN1
AT1G05833,AT1G05833
AT1G23830,AT1G23830
AT1G05837,AT1G05837
AT1G23840,AT1G23840
AT1G23850,AT1G23850
RSZ21,RSZ21
TPS9,TPS9
AT1G23880,AT1G23880
AT1G23890,AT1G23890
GAMMA-ADR,GAMMA-ADR
AT1G23910,AT1G23910
AT1G23915,AT1G23915
AT1G23935,AT1G23935
AT1G23950,AT1G23950
AT1G23960,AT1G23960
AT1G23965,AT1G23965
AT1G23970,AT1G23970
ATL47,ATL47
AT1G23985,AT1G23985
AT1G05843,AT1G05843
AT1G23995,AT1G23995
AT1G05847,AT1G05847
AT1G24000,AT1G24000
AT1G24010,AT1G24010
MLP423,MLP423
PBL28,PBL28
AT1G24040,AT1G24040
AT1G24050,AT1G24050
AT1G24068,AT1G24068
CSLA10,CSLA10
AT1G24080,AT1G24080
AT1G24090,AT1G24090
AT1G24095,AT1G24095
AT1G05853,AT1G05853
UGT74B1,UGT74B1
PER6,PER6
ATJ16,ATJ16
AT1G24130,AT1G24130
3MMP,3MMP
AT1G05857,AT1G05857
AT1G24145,AT1G24145
AT1G24147,AT1G24147
AT1G24148,AT1G24148
ATFH4,ATFH4
AT1G24159,AT1G24159
AT1G24160,AT1G24160
GATL8,GATL8
IAR4,IAR4
SNL3,SNL3
AT1G24200,AT1G24200
AT1G24210,AT1G24210
AT1G24220,AT1G24220
AT1G24230,AT1G24230
AT1G24240,AT1G24240
AT1G24250,AT1G24250
AT1G24256,AT1G24256
SEP3,SEP3
AT1G24265,AT1G24265
AT1G24267,AT1G24267
AT1G24270,AT1G24270
G6PD3,G6PD3
AT1G05867,AT1G05867
AT1G24290,AT1G24290
AT1G05873,AT1G05873
AT1G24300,AT1G24300
NUP54,NUP54
GCS2,GCS2
PUB6,PUB6
EMB260,EMB260
AT1G24350,AT1G24350
AT1G24360,AT1G24360
AT1G24380,AT1G24380
AT1G24390,AT1G24390
AT1G05887,AT1G05887
AT1G05893,AT1G05893
AT1G05897,AT1G05897
LHT2,LHT2
AT1G24405,AT1G24405
AT1G24420,AT1G24420
AT1G24430,AT1G24430
AT1G05903,AT1G05903
AT1G24440,AT1G24440
NFD2,NFD2
AT1G24460,AT1G24460
KCR2,KCR2
AT1G24480,AT1G24480
AT1G24485,AT1G24485
ALB4,ALB4
CCT5,CCT5
BCP1,BCP1
AT1G24530,AT1G24530
CYP86C1,CYP86C1
AT1G24545,AT1G24545
AT1G24560,AT1G24560
AT1G24570,AT1G24570
AT1G24580,AT1G24580
AT1G24575,AT1G24575
AT1G24577,AT1G24577
ESR2,ESR2
AT1G24600,AT1G24600
AT1G24610,AT1G24610
CML25,CML25
ZFP7,ZFP7
TMK2,TMK2
AT1G24660,AT1G24660
THO2,THO2
AT1G05907,AT1G05907
AT1G05913,AT1G05913
AT1G24735,AT1G24735
ATMAP70-2,ATMAP70-2
LPXC5,LPXC5
AT1G24800,AT1G24800
AT1G24807,AT1G24807
AT1G24822,AT1G24822
AT1G24880,AT1G24880
AT1G24851,AT1G24851
AT1G24996,AT1G24996
AT1G25097,AT1G25097
AT1G25098,AT1G25098
AT1G25141,AT1G25141
AT1G25150,AT1G25150
AT1G25175,AT1G25175
AT1G25180,AT1G25180
AT1G25211,AT1G25211
AT1G05927,AT1G05927
ASB1,ASB1
AT1G05933,AT1G05933
AT1G25230,AT1G25230
AT1G05937,AT1G05937
AT1G25240,AT1G25240
AT1G05943,AT1G05943
AtIDD16,AtIDD16
AT1G05947,AT1G05947
AT1G05953,AT1G05953
AT1G25260,AT1G25260
AT1G25270,AT1G25270
AT1G25275,AT1G25275
AT1G25277,AT1G25277
TULP10,TULP10
RBL10,RBL10
AT1G25300,AT1G25300
AT1G25320,AT1G25320
BHLH75,BHLH75
MYB116,MYB116
OVA9,OVA9
PCMP-H74,PCMP-H74
AT1G25370,AT1G25370
AT1G25375,AT1G25375
NDT2,NDT2
LRK10L-1.1,LRK10L-1.1
AT1G25400,AT1G25400
IPT6,IPT6
AT1G25420,AT1G25420
AT1G25422,AT1G25422
CLE43,CLE43
AT1G05963,AT1G05963
COL16,COL16
KCS5,KCS5
AT1G05967,AT1G05967
AT1G25460,AT1G25460
ERF116,ERF116
ALMT4,ALMT4
PP2AA1,PP2AA1
AT1G25500,AT1G25500
AT1G25510,AT1G25510
AT1G25520,AT1G25520
AT1G25530,AT1G25530
MED25,MED25
HHO3,HHO3
TEM1,TEM1
AT1G25570,AT1G25570
SOG1,SOG1
AT1G25682,AT1G25682
AT1G25988,AT1G25988
AT1G26090,AT1G26090
AT1G05973,AT1G05973
CYB561D,CYB561D
AT1G05977,AT1G05977
DCP5,DCP5
ICMEL1,ICMEL1
AT1G05983,AT1G05983
AT1G26130,AT1G26130
AT1G26140,AT1G26140
PERK10,PERK10
AT1G26160,AT1G26160
AT1G26170,AT1G26170
AT1G26180,AT1G26180
TTM2,TTM2
AT1G26200,AT1G26200
AT1G26208,AT1G26208
ATSOFL1,ATSOFL1
AT1G05987,AT1G05987
AT1G26218,AT1G26218
AT1G26220,AT1G26220
CPN60B4,CPN60B4
AT1G26225,AT1G26225
SNOR95,SNOR95
AT1G05993,AT1G05993
AT1G05997,AT1G05997
AT1G26240,AT1G26240
AT1G26250,AT1G26250
AT1G26255,AT1G26255
BHLH76,BHLH76
PI4KG5,PI4KG5
AT1G26300,AT1G26300
AT1G26290,AT1G26290
CAL,CAL
AT1G26320,AT1G26320
AT1G26330,AT1G26330
CB5-A,CB5-A
AT1G26350,AT1G26350
SP1L1,SP1L1
MES13,MES13
RID1,RID1
FOX1,FOX1
FOX2,FOX2
FOX3,FOX3
FOX4,FOX4
FOX5,FOX5
AT1G26430,AT1G26430
UPS5,UPS5
AT1G26450,AT1G26450
AT1G26460,AT1G26460
AT1G26470,AT1G26470
GRF12,GRF12
AT1G26490,AT1G26490
AT1G26500,AT1G26500
AT1G06003,AT1G06003
AT1G26510,AT1G26510
AT1G26515,AT1G26515
AT1G26520,AT1G26520
AT1G26530,AT1G26530
DUF3,DUF3
AT1G26550,AT1G26550
AT1G26558,AT1G26558
BGLU40,BGLU40
UGD1,UGD1
AT1G26580,AT1G26580
AT1G26590,AT1G26590
CLE9,CLE9
AT1G26610,AT1G26610
AT1G26620,AT1G26620
ELF5A-2,ELF5A-2
IPK,IPK
AT1G26650,AT1G26650
AT1G26660,AT1G26660
AT1G26665,AT1G26665
VTI12,VTI12
AT1G26680,AT1G26680
AT1G26690,AT1G26690
MLO14,MLO14
AT1G26720,AT1G26720
AT1G06013,AT1G06013
PHO1-H7,PHO1-H7
AT1G26740,AT1G26740
AT1G26750,AT1G26750
AT1G06017,AT1G06017
ATXR1,ATXR1
AT1G26761,AT1G26761
AT1G26762,AT1G26762
AT1G06023,AT1G06023
ATEXPA10,ATEXPA10
AT1G26773,AT1G26773
MYB117,MYB117
AT1G26790,AT1G26790
AT1G26796,AT1G26796
AT1G26797,AT1G26797
AT1G26799,AT1G26799
MPSR1,MPSR1
GALT1,GALT1
AT1G26815,AT1G26815
AT1G06027,AT1G06027
RNS3,RNS3
CUL3A,CUL3A
ORC6,ORC6
AT1G26850,AT1G26850
FEZ,FEZ
RPL34A,RPL34A
AT1G06033,AT1G06033
AT1G26890,AT1G26890
PCMP-E54,PCMP-E54
RPL10B,RPL10B
AT1G06037,AT1G06037
AT1G26920,AT1G26920
AT1G26921,AT1G26921
AT1G26930,AT1G26930
CYP23,CYP23
PRE6,PRE6
ATHB-23,ATHB-23
PBL4,PBL4
MIR395A,MIR395A
MIR395B,MIR395B
AT1G26976,AT1G26976
MIR395C,MIR395C
AT1G27000,AT1G27000
AT1G27008,AT1G27008
AT1G27020,AT1G27020
AT1G27030,AT1G27030
NPF4.5,NPF4.5
AT1G27045,AT1G27045
ATHB54,ATHB54
AT1G27060,AT1G27060
PTST2,PTST2
NPF2.12,NPF2.12
AT1G27090,AT1G27090
AT1G27100,AT1G27100
AT1G27110,AT1G27110
GALT4,GALT4
AT1G06043,AT1G06043
GSTU13,GSTU13
ESFL3,ESFL3
GSTU14,GSTU14
AT1G27150,AT1G27150
AT1G27160,AT1G27160
AT1G27170,AT1G27170
AT1G27180,AT1G27180
AT1G27190,AT1G27190
AT1G27200,AT1G27200
AT1G06047,AT1G06047
TOR1L4,TOR1L4
AT1G06053,AT1G06053
AT1G27220,AT1G27220
AT1G27240,AT1G27240
AT1G27270,AT1G27270
AT1G06067,AT1G06067
AT1G06063,AT1G06063
AT1G27280,AT1G27280
AT1G06073,AT1G06073
AT1G27290,AT1G27290
AT1G27300,AT1G27300
AT1G06083,AT1G06083
NTF2A,NTF2A
AHK3,AHK3
AT1G27330,AT1G27330
FBX6,FBX6
AT1G27350,AT1G27350
SPL11,SPL11
SPL10,SPL10
RIC2,RIC2
AT1G27385,AT1G27385
TOM20-2,TOM20-2
RPL17A,RPL17A
AT1G06087,AT1G06087
AT1G27410,AT1G27410
AT1G27420,AT1G27420
AT1G27430,AT1G27430
AT1G27435,AT1G27435
IRX10,IRX10
APT1,APT1
NPGR1,NPGR1
AT1G27461,AT1G27461
AT1G27470,AT1G27470
LCAT1,LCAT1
AT1G27490,AT1G27490
AT1G27500,AT1G27500
EX2,EX2
MNS5,MNS5
AT1G27530,AT1G27530
AT1G27535,AT1G27535
AT1G27540,AT1G27540
AT1G06097,AT1G06097
AT1G06093,AT1G06093
AT1G27565,AT1G27565
AT1G27570,AT1G27570
AT1G06103,AT1G06103
AT1G27580,AT1G27580
AT1G27595,AT1G27595
IRX9H,IRX9H
AT1G27610,AT1G27610
AT1G27620,AT1G27620
CYCT1-3,CYCT1-3
AT1G27640,AT1G27640
U2AF35A,U2AF35A
BHLH110,BHLH110
AT1G27670,AT1G27670
APL2,APL2
AT1G27690,AT1G27690
TGD5,TGD5
AT1G27700,AT1G27700
AT1G27710,AT1G27710
TAF4,TAF4
ZAT10,ZAT10
BHLH54,BHLH54
AT1G27750,AT1G27750
AT1G27752,AT1G27752
SAT32,SAT32
ACA1,ACA1
CAF1-3,CAF1-3
ATCSA-1,ATCSA-1
AT1G27850,AT1G27850
AT1G27860,AT1G27860
AT1G27870,AT1G27870
RECQL5,RECQL5
CAF1-4,CAF1-4
AT1G27900,AT1G27900
PUB45,PUB45
AT1G27921,AT1G27921
MAP65-8,MAP65-8
AT1G27930,AT1G27930
ABCB13,ABCB13
LTPG1,LTPG1
ECT9,ECT9
NTF2B,NTF2B
DPL1,DPL1
AT1G27990,AT1G27990
AT1G28000,AT1G28000
AT1G28005,AT1G28005
ABCB14,ABCB14
AT1G28020,AT1G28020
AT1G28030,AT1G28030
ATL20,ATL20
COL15,COL15
RDM16,RDM16
AT1G28070,AT1G28070
AT1G28080,AT1G28080
AT1G06113,AT1G06113
AT1G28090,AT1G28090
AT1G06117,AT1G06117
AT1G06123,AT1G06123
AT1G28100,AT1G28100
SCPL45,SCPL45
AT1G28120,AT1G28120
GH3.17,GH3.17
AT1G28135,AT1G28135
AT1G28140,AT1G28140
AT1G28150,AT1G28150
SOT7,SOT7
AT1G28180,AT1G28180
AT1G28190,AT1G28190
AT1G06127,AT1G06127
FIP1,FIP1
ATJ1,ATJ1
PUP3,PUP3
PUP1,PUP1
AT1G28240,AT1G28240
AT1G28250,AT1G28250
SMG7L,SMG7L
AT1G28265,AT1G28265
AT1G06133,AT1G06133
RALFL4,RALFL4
VQ4,VQ4
AGP31,AGP31
LEC2,LEC2
AT1G28306,AT1G28306
AT1G28310,AT1G28310
DEG15,DEG15
AT1G28327,AT1G28327
DRM1,DRM1
LCR31,LCR31
AT1G06147,AT1G06147
AtRLP4,AtRLP4
AT1G28350,AT1G28350
ERF12,ERF12
ERF11,ERF11
AT1G28375,AT1G28375
NSL1,NSL1
AT1G28390,AT1G28390
AT1G06153,AT1G06153
AT1G28395,AT1G28395
AT1G28400,AT1G28400
AT1G28410,AT1G28410
RLT1,RLT1
AT1G06157,AT1G06157
CYP705A24,CYP705A24
HSL1,HSL1
AGL58,AGL58
AGL59,AGL59
NAC010,NAC010
AT1G06163,AT1G06163
GRXC9,GRXC9
SYP61,SYP61
AT1G28500,AT1G28500
AT1G28510,AT1G28510
VOZ1,VOZ1
AT1G28530,AT1G28530
AT1G28540,AT1G28540
RABA1I,RABA1I
SRD2,SRD2
AT1G28570,AT1G28570
AT1G28580,AT1G28580
AT1G28590,AT1G28590
AT1G28600,AT1G28600
AT1G28610,AT1G28610
AT1G28630,AT1G28630
AT1G28640,AT1G28640
AT1G28650,AT1G28650
AT1G28660,AT1G28660
ARAB-1,ARAB-1
AT1G28685,AT1G28685
AT1G28680,AT1G28680
PCMP-E34,PCMP-E34
AT1G28695,AT1G28695
AT1G28700,AT1G28700
AT1G28710,AT1G28710
AT1G28720,AT1G28720
AT1G28730,AT1G28730
AT1G28740,AT1G28740
AT1G28750,AT1G28750
AT1G28770,AT1G28770
AT1G28780,AT1G28780
AT1G28790,AT1G28790
AT1G28800,AT1G28800
AT1G28810,AT1G28810
AT1G06173,AT1G06173
AT1G06177,AT1G06177
AT1G28815,AT1G28815
AT1G28715,AT1G28715
AT1G28820,AT1G28820
AT1G28830,AT1G28830
AT1G28840,AT1G28840
AT1G28850,AT1G28850
AT1G28860,AT1G28860
AT1G28870,AT1G28870
AT1G28880,AT1G28880
AT1G28890,AT1G28890
AT1G28900,AT1G28900
AT1G28910,AT1G28910
AT1G28920,AT1G28920
AT1G28760,AT1G28760
AT1G28765,AT1G28765
AT1G28930,AT1G28930
AT1G28940,AT1G28940
AT1G28950,AT1G28950
AT1G28970,AT1G28970
AT1G28980,AT1G28980
AT1G28990,AT1G28990
ATNUDT15,ATNUDT15
HIPP04,HIPP04
AT1G29005,AT1G29005
SPEAR4,SPEAR4
AT1G29020,AT1G29020
AT1G29025,AT1G29025
AT1G06197,AT1G06197
AT1G06203,AT1G06203
AT1G29030,AT1G29030
AT1G29040,AT1G29040
AT1G06207,AT1G06207
AT1G29041,AT1G29041
AT1G06213,AT1G06213
TBL38,TBL38
AT1G06217,AT1G06217
AT1G29060,AT1G29060
RPL34,RPL34
SNOR105,SNOR105
AT1G29080,AT1G29080
AT1G29090,AT1G29090
AT1G29100,AT1G29100
AT1G29110,AT1G29110
AT1G29120,AT1G29120
AT1G29140,AT1G29140
RPN6,RPN6
DOF1.5,DOF1.5
SCAR3,SCAR3
AT1G29179,AT1G29179
AT1G29180,AT1G29180
AT1G29195,AT1G29195
AT1G29210,AT1G29210
OFUT8,OFUT8
AT1G29220,AT1G29220
CIPK18,CIPK18
AT1G29240,AT1G29240
AT1G29250,AT1G29250
PEX7,PEX7
MIR399A,MIR399A
AT1G29270,AT1G29270
WRKY65,WRKY65
CEP14,CEP14
UNE1,UNE1
AT1G29310,AT1G29310
AT1G29320,AT1G29320
ERD2A,ERD2A
PUB17,PUB17
AT1G29350,AT1G29350
AT1G29357,AT1G29357
AT1G29355,AT1G29355
AT1G29370,AT1G29370
AT1G29380,AT1G29380
COR413IM2,COR413IM2
COR413IM1,COR413IM1
ML5,ML5
PAI3,PAI3
AT1G06227,AT1G06227
AT1G06233,AT1G06233
AT1G06237,AT1G06237
AT1G06243,AT1G06243
AT1G29418,AT1G29418
AT1G29420,AT1G29420
AT1G06257,AT1G06257
SAUR62,SAUR62
AT1G29435,AT1G29435
SAUR63,SAUR63
SAUR64,SAUR64
AT1G29460,AT1G29460
AT1G29465,AT1G29465
AT1G06263,AT1G06263
AT1G06267,AT1G06267
AT1G06273,AT1G06273
AT1G06283,AT1G06283
AT1G29470,AT1G29470
AT1G29480,AT1G29480
SAUR68,SAUR68
SAUR66,SAUR66
SAUR67,SAUR67
AT1G29520,AT1G29520
AT1G29530,AT1G29530
AT1G29535,AT1G29535
AT1G29540,AT1G29540
AT1G06287,AT1G06287
EIF4E3,EIF4E3
AT1G29560,AT1G29560
AT1G29570,AT1G29570
AT1G29580,AT1G29580
EIF4E2,EIF4E2
AT1G29600,AT1G29600
EXO1,EXO1
AT1G29640,AT1G29640
AT1G29660,AT1G29660
AT1G29670,AT1G29670
OBAP2C,OBAP2C
CAD1,CAD1
AT1G06293,AT1G06293
AT1G29700,AT1G29700
PCMP-H67,PCMP-H67
RFK1,RFK1
AT1G29730,AT1G29730
AT1G29740,AT1G29740
RKF1,RKF1
SEI2,SEI2
AT1G29770,AT1G29770
AT1G29775,AT1G29775
AT1G29785,AT1G29785
AT1G29780,AT1G29780
AT1G29790,AT1G29790
AT1G29800,AT1G29800
PDL2,PDL2
AT1G29820,AT1G29820
AT1G29830,AT1G29830
AT1G29840,AT1G29840
AT1G29850,AT1G29850
WRKY71,WRKY71
AT1G29870,AT1G29870
AT1G29880,AT1G29880
AT1G29890,AT1G29890
CARB,CARB
LHCB1.1,LHCB1.1
LHCB1.1.1,LHCB1.1.1
LHCB1.3,LHCB1.3
NRPA2,NRPA2
AT1G06297,AT1G06297
BHLH144,BHLH144
AT1G29960,AT1G29960
AGL64,AGL64
RPL18AA,RPL18AA
RPL18AA.1,RPL18AA.1
AT1G29980,AT1G29980
PFD6,PFD6
MNS3,MNS3
NMAT1,NMAT1
AT1G30020,AT1G30020
GA2OX2,GA2OX2
AT1G30050,AT1G30050
AT1G30060,AT1G30060
AT1G30070,AT1G30070
AT1G30080,AT1G30080
AT1G30090,AT1G30090
NCED5,NCED5
NUDT25,NUDT25
PDH-E1 BETA,PDH-E1 BETA
AT1G30130,AT1G30130
AT1G06307,AT1G06307
TIFY5A,TIFY5A
AT1G30140,AT1G30140
AT1G30160,AT1G30160
AT1G30170,AT1G30170
AT1G30190,AT1G30190
AT1G30200,AT1G30200
TCP24,TCP24
INT2,INT2
AT1G30230,AT1G30230
AT1G30240,AT1G30240
AT1G30250,AT1G30250
AT1G30260,AT1G30260
CIPK23,CIPK23
AT1G30280,AT1G30280
AT1G30282,AT1G30282
AT1G06313,AT1G06313
AT1G06317,AT1G06317
AT1G30290,AT1G30290
AT1G30300,AT1G30300
AT1G06323,AT1G06323
AT1G30320,AT1G30320
ARF6,ARF6
AT1G30350,AT1G30350
ERD4,ERD4
AT1G30370,AT1G30370
PSAK,PSAK
ABCC1,ABCC1
ATMRP13,ATMRP13
ABCC11,ABCC11
AT1G30430,AT1G30430
AT1G30440,AT1G30440
CCC1,CCC1
AT1G30455,AT1G30455
CPSF30,CPSF30
AT1G06333,AT1G06333
AT1G30470,AT1G30470
AT1G30473,AT1G30473
AT1G30475,AT1G30475
AT1G06337,AT1G06337
DRT111,DRT111
ATHB-9,ATHB-9
AT1G06343,AT1G06343
NFYA7,NFYA7
RFNR2,RFNR2
AT1G30515,AT1G30515
AAE14,AAE14
AT1G06347,AT1G06347
UGT78D1,UGT78D1
AT1G30540,AT1G30540
AT1G30545,AT1G30545
AT1G30550,AT1G30550
AT1G30560,AT1G30560
HERK2,HERK2
YchF1,YchF1
AT1G30590,AT1G30590
SBT2.1,SBT2.1
EMB2279,EMB2279
MUR4,MUR4
AT1G30630,AT1G30630
AT1G30640,AT1G30640
WRKY14,WRKY14
AT1G30660,AT1G30660
BHLH52,BHLH52
AT1G30680,AT1G30680
PATL4,PATL4
AT1G30700,AT1G30700
AT1G30710,AT1G30710
AT1G30720,AT1G30720
AT1G30730,AT1G30730
AT1G30740,AT1G30740
AT1G30750,AT1G30750
AT1G30755,AT1G30755
AT1G30757,AT1G30757
AT1G30760,AT1G30760
AT1G30780,AT1G30780
AT1G06357,AT1G06357
JMJ18,JMJ18
AT1G30800,AT1G30800
AT1G30814,AT1G30814
AT1G30820,AT1G30820
AT1G06373,AT1G06373
ARPC2A,ARPC2A
AT1G30830,AT1G30830
PUP4,PUP4
AT1G30845,AT1G30845
AT1G06377,AT1G06377
RSH4,RSH4
AT1G30860,AT1G30860
PER7,PER7
AT1G30880,AT1G30880
AT1G30890,AT1G30890
VSR6,VSR6
AT1G30910,AT1G30910
AT1G30920,AT1G30920
AT1G30925,AT1G30925
AT1G06393,AT1G06393
UFO,UFO
ERG,ERG
SUF4,SUF4
AT1G30972,AT1G30972
AT1G30974,AT1G30974
AT1G30990,AT1G30990
AT1G31000,AT1G31000
OSB4,OSB4
ATO2,ATO2
AT1G06403,AT1G06403
AT1G31040,AT1G31040
AT1G31050,AT1G31050
GLCNAC1PUT1,GLCNAC1PUT1
AT1G06407,AT1G06407
AT1G31095,AT1G31095
AT1G31110,AT1G31110
POT10,POT10
AT1G31130,AT1G31130
AGL63,AGL63
AT1G31150,AT1G31150
HINT 2,HINT 2
AT1G31163,AT1G31163
ATSRX,ATSRX
AT1G06413,AT1G06413
MIR167D,MIR167D
AT1G06417,AT1G06417
AT1G31175,AT1G31175
ATIMD3,ATIMD3
IMPL1,IMPL1
ATPP2-A9,ATPP2-A9
AT1G06423,AT1G06423
PUR3,PUR3
AKHSDH1,AKHSDH1
AT1G31240,AT1G31240
AT1G31243,AT1G31243
AT1G31250,AT1G31250
AT1G06427,AT1G06427
AT1G31258,AT1G31258
ZIP10,ZIP10
AT1G31270,AT1G31270
AGO2,AGO2
AGO3,AGO3
AT1G31300,AT1G31300
AT1G31310,AT1G31310
LBD4,LBD4
PSAF,PSAF
AT1G31335,AT1G31335
RUB1,RUB1
KUF1,KUF1
MIR404,MIR404
RECQL2,RECQL2
AT1G31370,AT1G31370
AT1G31380,AT1G31380
AT1G31390,AT1G31390
AT1G31400,AT1G31400
AT1G31410,AT1G31410
FEI1,FEI1
PCMP-E55,PCMP-E55
SH3P1,SH3P1
AT1G31460,AT1G31460
NFD4,NFD4
SGR2,SGR2
AT1G31490,AT1G31490
AT1G31485,AT1G31485
AT1G31500,AT1G31500
AT1G31530,AT1G31530
AT1G31540,AT1G31540
AT1G31550,AT1G31550
AT1G31555,AT1G31555
AT1G06443,AT1G06443
AT1G06447,AT1G06447
ECS1,ECS1
AT1G31600,AT1G31600
AGL86,AGL86
AGL92,AGL92
ROPGEF14,ROPGEF14
AT1G31660,AT1G31660
AT1G31670,AT1G31670
AT1G31690,AT1G31690
AT1G31710,AT1G31710
AT1G31720,AT1G31720
AT1G31730,AT1G31730
BGAL15,BGAL15
AT1G31750,AT1G31750
AT1G31760,AT1G31760
ABCG14,ABCG14
AT1G31772,AT1G31772
AT1G31780,AT1G31780
PCMP-A1,PCMP-A1
CYP97A3,CYP97A3
FH14,FH14
ACBP6,ACBP6
FRL2,FRL2
NFD3,NFD3
AT1G31820,AT1G31820
AT1G31830,AT1G31830
AT1G31835,AT1G31835
AT1G31840,AT1G31840
AT1G31850,AT1G31850
HISN2,HISN2
AT1G06457,AT1G06457
AT1G06463,AT1G06463
AT1G31870,AT1G31870
NLM9,NLM9
NIP3-1,NIP3-1
PMK,PMK
PCMP-H11,PCMP-H11
XLG3,XLG3
AT1G31935,AT1G31935
AT1G31940,AT1G31940
AT1G06473,AT1G06473
AT1G06483,AT1G06483
AT1G31950,AT1G31950
AT1G06487,AT1G06487
AT1G31960,AT1G31960
RH5,RH5
AT1G31990,AT1G31990
AT1G06497,AT1G06497
AT1G06507,AT1G06507
AT1G06513,AT1G06513
AT1G06517,AT1G06517
AT1G06523,AT1G06523
AT1G32010,AT1G32010
AT1G32030,AT1G32030
SCAMP4,SCAMP4
PRK,PRK
NSI,NSI
PLGG1,PLGG1
AT1G32090,AT1G32090
PRR1,PRR1
AT1G32120,AT1G32120
AT1G32127,AT1G32127
IWS1,IWS1
AT1G32140,AT1G32140
BZIP68,BZIP68
AT1G32160,AT1G32160
XTH30,XTH30
AT1G32172,AT1G32172
CSLD6,CSLD6
AT1G32190,AT1G32190
AT1G06527,AT1G06527
AT1G06533,AT1G06533
ATS1,ATS1
DAD1,DAD1
AT1G32220,AT1G32220
AT1G32225,AT1G32225
RCD1,RCD1
KAN2,KAN2
CML17,CML17
AT1G32260,AT1G32260
SYP24,SYP24
AT1G32280,AT1G32280
GULLO1,GULLO1
SAMBA,SAMBA
MKK10,MKK10
HSFA1D,HSFA1D
AT1G32337,AT1G32337
NHL8,NHL8
AOX3,AOX3
AT1G06537,AT1G06537
AT1G32360,AT1G32360
ATL81,ATL81
TOM2B,TOM2B
AT1G06543,AT1G06543
AT1G32375,AT1G32375
PRS2,PRS2
AT1G06547,AT1G06547
AT1G32385,AT1G32385
AT1G06553,AT1G06553
AT1G06557,AT1G06557
TOM2A,TOM2A
AT1G32410,AT1G32410
PCMP-E56,PCMP-E56
AT1G06567,AT1G06567
AT1G32420,AT1G32420
AT1G32430,AT1G32430
PKP3,PKP3
NPF7.3,NPF7.3
AT1G32460,AT1G32460
AT1G06573,AT1G06573
GDH3,GDH3
IDH-IV,IDH-IV
ESP3,ESP3
ABCI7,ABCI7
ANAC011,ANAC011
AT1G32520,AT1G32520
MIP1,MIP1
LOL1,LOL1
FdC1,FdC1
LEA6,LEA6
AT1G32570,AT1G32570
AT1G06577,AT1G06577
AT1G06583,AT1G06583
AT1G06587,AT1G06587
AT1G32575,AT1G32575
AT1G06593,AT1G06593
MORF5,MORF5
TDL1,TDL1
MIR400,MIR400
VQ5,VQ5
AT1G32600,AT1G32600
AT1G32610,AT1G32610
AT1G32620,AT1G32620
AT1G32630,AT1G32630
MYC2,MYC2
AT1G32660,AT1G32660
AT1G32690,AT1G32690
AT1G32700,AT1G32700
AT1G06607,AT1G06607
AT1G32710,AT1G32710
MIR829A,MIR829A
AT1G32720,AT1G32720
AT1G32730,AT1G32730
AT1G32740,AT1G32740
TAF1,TAF1
AT1G06613,AT1G06613
AT1G32760,AT1G32760
AT1G32763,AT1G32763
NAC012,NAC012
AT1G32780,AT1G32780
AT1G06617,AT1G06617
CID11,CID11
AT1G32810,AT1G32810
UBP11,UBP11
AT1G32860,AT1G32860
ANAC13,ANAC13
AT1G32880,AT1G32880
GBSS1,GBSS1
AT1G32910,AT1G32910
AT1G06627,AT1G06627
AT1G06633,AT1G06633
AT1G32920,AT1G32920
AT1G32928,AT1G32928
GALT31A,GALT31A
SBT3.5,SBT3.5
SBT3.4,SBT3.4
AT1G06637,AT1G06637
SBT3.3,SBT3.3
SBT3.2,SBT3.2
AT1G32975,AT1G32975
AT1G32980,AT1G32980
RPL11,RPL11
MIR856A,MIR856A
AT1G33020,AT1G33020
AT1G33030,AT1G33030
NACA5,NACA5
AT1G33050,AT1G33050
AT1G33055,AT1G33055
NAC014,NAC014
AT1G33070,AT1G33070
DTX23,DTX23
DTX22,DTX22
DTX20,DTX20
AT1G33102,AT1G33102
DTX21,DTX21
RPL9B,RPL9B
RPL9B.1,RPL9B.1
AT1G33170,AT1G33170
AT1G06653,AT1G06653
AT1G06657,AT1G06657
AT1G33220,AT1G33220
AT1G33230,AT1G33230
AT-GTL1,AT-GTL1
AT1G33250,AT1G33250
AT1G33260,AT1G33260
FAX4,FAX4
AT1G33270,AT1G33270
BRN1,BRN1
AT1G33290,AT1G33290
CGS2,CGS2
AT1G06667,AT1G06667
AT1G33330,AT1G33330
AT1G33340,AT1G33340
PCMP-E57,PCMP-E57
CLPX3,CLPX3
AT1G06673,AT1G06673
AT1G33370,AT1G33370
FAS4,FAS4
TPR9,TPR9
SAR1,SAR1
AT1G33415,AT1G33415
AT1G33420,AT1G33420
AT1G33430,AT1G33430
NPF4.4,NPF4.4
AT1G33470,AT1G33470
PHYL1.2,PHYL1.2
ATL58,ATL58
AT1G33490,AT1G33490
AT1G33500,AT1G33500
MOS2,MOS2
SCPL18,SCPL18
ADR1,ADR1
AT1G33590,AT1G33590
AT1G33600,AT1G33600
AT1G06677,AT1G06677
AT1G33607,AT1G33607
AT1G33610,AT1G33610
AT1G33612,AT1G33612
AT1G33615,AT1G33615
AT1G06683,AT1G06683
AT1G33640,AT1G33640
AT1G06687,AT1G06687
AT1G06693,AT1G06693
AT1G33680,AT1G33680
AT1G33700,AT1G33700
AT1G06697,AT1G06697
AT1G33710,AT1G33710
CYP76C6,CYP76C6
CYP76C5,CYP76C5
TPS22,TPS22
ERF022,ERF022
AT1G33770,AT1G33770
AT1G33780,AT1G33780
JAL4,JAL4
GXM3,GXM3
AT1G33810,AT1G33810
AT1G33811,AT1G33811
AT1G33820,AT1G33820
IAN1,IAN1
AT1G33840,AT1G33840
AT1G33850,AT1G33850
AT1G33860,AT1G33860
AT1G06713,AT1G06713
AT1G33870,AT1G33870
IAN2,IAN2
IAN3,IAN3
IAN4,IAN4
IAN5,IAN5
PP2A4,PP2A4
IAN6,IAN6
AT1G33940,AT1G33940
IAN7,IAN7
AIG1,AIG1
IAN9,IAN9
ATUPF3,ATUPF3
MES14,MES14
OHP2,OHP2
AT1G06717,AT1G06717
AT1G34010,AT1G34010
AT1G06723,AT1G06723
AT1G34015,AT1G34015
URGT6,URGT6
RPS18C.1,RPS18C.1
TAR3,TAR3
AT1G34042,AT1G34042
AT1G06727,AT1G06727
AT1G06733,AT1G06733
AT1G06737,AT1G06737
AT1G06743,AT1G06743
AT1G34046,AT1G34046
AT1G34047,AT1G34047
AT1G34050,AT1G34050
TAR4,TAR4
SAMC2,SAMC2
AT1G34110,AT1G34110
IP5P1,IP5P1
STT3B,STT3B
PAB1.1,PAB1.1
AT1G34150,AT1G34150
PCMP-H68,PCMP-H68
ARF13,ARF13
anac016,anac016
NAC017,NAC017
AT1G34200,AT1G34200
SERK2,SERK2
AT1G34220,AT1G34220
EPF2,EPF2
FAB1D,FAB1D
AT1G34270,AT1G34270
AtRLP5,AtRLP5
AT1G34300,AT1G34300
ARF12,ARF12
AT1G06747,AT1G06747
AT1G34315,AT1G34315
AT1G34317,AT1G34317
AT1G34320,AT1G34320
AT1G34340,AT1G34340
AT1G34350,AT1G34350
PS1.1,PS1.1
IF3-1,IF3-1
STOP1,STOP1
AT1G06753,AT1G06753
AT1G34380,AT1G34380
ARF22,ARF22
AT1G34392,AT1G34392
ARF21,ARF21
AT1G34418,AT1G34418
AT1G34420,AT1G34420
EMB3003,EMB3003
AT1G34440,AT1G34440
CYCB1;5,CYCB1;5
AT1G06757,AT1G06757
AT1G06773,AT1G06773
AT1G34470,AT1G34470
AT1G34480,AT1G34480
PER8,PER8
AT1G34520,AT1G34520
CYP94D1,CYP94D1
AT1G06783,AT1G06783
EMB2756,EMB2756
AT1G34560,AT1G34560
AT1G34570,AT1G34570
AT1G34575,AT1G34575
STP5,STP5
AT1G34630,AT1G34630
AT1G06787,AT1G06787
AT1G34640,AT1G34640
HDG10,HDG10
AtMYB93,AtMYB93
AT1G34750,AT1G34750
GRF11,GRF11
AT1G34770,AT1G34770
APRL4,APRL4
AT1G34844,AT1G34844
TT1,TT1
AT1G34792,AT1G34792
AT1G34910,AT1G34910
AT1G35035,AT1G35035
EXL1,EXL1
AT1G35150,AT1G35150
GF14 PHI,GF14 PHI
AT1G35170,AT1G35170
AT1G35180,AT1G35180
AT1G35183,AT1G35183
AT1G06817,AT1G06817
AT1G06823,AT1G06823
AT1G35190,AT1G35190
AT1G35210,AT1G35210
AT1G35215,AT1G35215
AT1G06827,AT1G06827
AT1G35220,AT1G35220
AGP5,AGP5
AT1G06837,AT1G06837
ARF20,ARF20
AT1G35242,AT1G35242
ALT2,ALT2
AT1G35255,AT1G35255
MLP165,MLP165
ALT1,ALT1
MLP168,MLP168
AT1G35320,AT1G35320
AT1G35330,AT1G35330
AT1G06857,AT1G06857
AT1G06863,AT1G06863
AT1G35340,AT1G35340
PHO1-H8,PHO1-H8
AT1G06867,AT1G06867
AT1G06873,AT1G06873
AT1G06877,AT1G06877
AT1G35353,AT1G35353
AT1G06883,AT1G06883
AT1G35375,AT1G35375
AT1G35400,AT1G35400
AT1G35410,AT1G35410
AT1G35420,AT1G35420
AT1G35430,AT1G35430
AT1G35435,AT1G35435
BHLH80,BHLH80
AT1G06897,AT1G06897
RALFL5,RALFL5
AT1G06903,AT1G06903
RANBPM,RANBPM
AT1G35490,AT1G35490
AT1G35500,AT1G35500
MIR773A,MIR773A
OFUT9,OFUT9
MYB8,MYB8
AT1G35516,AT1G35516
ARF15,ARF15
AT1G35530,AT1G35530
AT1G35537,AT1G35537
AT1G06907,AT1G06907
ARF14,ARF14
AT1G35545,AT1G35545
AT1G35550,AT1G35550
TCP23,TCP23
CINV1,CINV1
AT1G35610,AT1G35610
AT1G35614,AT1G35614
AT1G35617,AT1G35617
AT1G06913,AT1G06913
PDIL5-2,PDIL5-2
RMR6,RMR6
RMR5,RMR5
AT1G06917,AT1G06917
AT1G35660,AT1G35660
CPK11,CPK11
RPL21,RPL21
AT1G35710,AT1G35710
ANN1,ANN1
APUM9,APUM9
AT1G06927,AT1G06927
APUM10,APUM10
AT1G35780,AT1G35780
AT1G06933,AT1G06933
AT1G06937,AT1G06937
AT1G35830,AT1G35830
TOC75-I,TOC75-I
AT1G35880,AT1G35880
AT1G35895,AT1G35895
TPPD,TPPD
LBD5,LBD5
AT1G36005,AT1G36005
AT1G36020,AT1G36020
AT1G06943,AT1G06943
AT1G36050,AT1G36050
ERF055,ERF055
AT1G36070,AT1G36070
AT1G06947,AT1G06947
AT1G06953,AT1G06953
AT1G06957,AT1G06957
AT1G36078,AT1G36078
AT1G36085,AT1G36085
AT1G36095,AT1G36095
AT1G06963,AT1G06963
AT1G36150,AT1G36150
ACC1,ACC1
ACC2,ACC2
RPL30A,RPL30A
AT1G06967,AT1G06967
AT1G36280,AT1G36280
TRM9,TRM9
AT1G36320,AT1G36320
AT1G36325,AT1G36325
UBC31,UBC31
AT1G36350,AT1G36350
SHM7,SHM7
AT1G36380,AT1G36380
AT1G36390,AT1G36390
AT1G06977,AT1G06977
AT1G36580,AT1G36580
AT1G36622,AT1G36622
AT1G36623,AT1G36623
AT1G06983,AT1G06983
AT1G36627,AT1G36627
AT1G36640,AT1G36640
AT1G06987,AT1G06987
AT1G36675,AT1G36675
AT1G06993,AT1G06993
AT1G36730,AT1G36730
AT1G36745,AT1G36745
AT1G36920,AT1G36920
AT1G36922,AT1G36922
AT1G36925,AT1G36925
AT1G06997,AT1G06997
AT1G36940,AT1G36940
AT1G36950,AT1G36950
AT1G36960,AT1G36960
AT1G36980,AT1G36980
AT1G36990,AT1G36990
AT1G36992,AT1G36992
AT1G37000,AT1G37000
AT1G37010,AT1G37010
AT1G07003,AT1G07003
AT1G37020,AT1G37020
AT1G07007,AT1G07007
AT1G37113,AT1G37113
AT1G07013,AT1G07013
NIA2,NIA2
MCT1,MCT1
HCS2,HCS2
AT1G07017,AT1G07017
AT1G07023,AT1G07023
AT1G07027,AT1G07027
AT1G38065,AT1G38065
OFUT11,OFUT11
AT1G39060,AT1G39060
AT1G39070,AT1G39070
AT1G40087,AT1G40087
AT1G40104,AT1G40104
AT1G40129,AT1G40129
AT1G40390,AT1G40390
SKS6,SKS6
RPL35AB,RPL35AB
AT1G41920,AT1G41920
AT1G42080,AT1G42080
AT1G42120,AT1G42120
AT1G07117,AT1G07117
AT1G42430,AT1G42430
AT1G42440,AT1G42440
AT1G42470,AT1G42470
AT1G42480,AT1G42480
AT1G07123,AT1G07123
AT1G07127,AT1G07127
AT1G07133,AT1G07133
AT1G42525,AT1G42525
GLR3.3,GLR3.3
PMI1,PMI1
MLO9,MLO9
AT1G42680,AT1G42680
AT1G42700,AT1G42700
AT1G07137,AT1G07137
AT1G42960,AT1G42960
GAPB,GAPB
AT1G07143,AT1G07143
FH12,FH12
BZIP60,BZIP60
AT1G43000,AT1G43000
AT1G43005,AT1G43005
AT1G43020,AT1G43020
AT1G43040,AT1G43040
AT1G43080,AT1G43080
LCV2,LCV2
AT1G43140,AT1G43140
RAP2-6,RAP2-6
ARP1,ARP1
AT1G43171,AT1G43171
PTB3,PTB3
AT1G43245,AT1G43245
AT1G43260,AT1G43260
AT1G43310,AT1G43310
AT1G43330,AT1G43330
Aty2,Aty2
AT1G07157,AT1G07157
AT1G43580,AT1G43580
AT1G43600,AT1G43600
AT1G07167,AT1G07167
AT1G43605,AT1G43605
AT1G07173,AT1G07173
AT1G07177,AT1G07177
AT1G43610,AT1G43610
UGT80B1,UGT80B1
AT1G43630,AT1G43630
TULP5,TULP5
AT1G43650,AT1G43650
AT1G43667,AT1G43667
AT1G07183,AT1G07183
CYFBP,CYFBP
AT1G07187,AT1G07187
AT1G43680,AT1G43680
AT1G07193,AT1G07193
AT1G43690,AT1G43690
VIP1,VIP1
SDC,SDC
AT1G43720,AT1G43720
AT1G43722,AT1G43722
AT1G43730,AT1G43730
AT1G43765,AT1G43765
AT1G43770,AT1G43770
SCPL44,SCPL44
TED6,TED6
S-ACP-DES6,S-ACP-DES6
AT1G43810,AT1G43810
AT1G43815,AT1G43815
AT1G43820,AT1G43820
SEU,SEU
AT1G43860,AT1G43860
AT1G07233,AT1G07233
RABC1,RABC1
AT1G43900,AT1G43900
AT1G43910,AT1G43910
ARF23,ARF23
PCMP-E58,PCMP-E58
SGRL,SGRL
AT1G44010,AT1G44010
AT1G44020,AT1G44020
AT1G44030,AT1G44030
AT1G44050,AT1G44050
AT1G44080,AT1G44080
AT1G07237,AT1G07237
AT1G44085,AT1G44085
GA20OX5,GA20OX5
AAP5,AAP5
AT1G07243,AT1G07243
CYCA1-1,CYCA1-1
AT1G44120,AT1G44120
AT1G44125,AT1G44125
AT1G44130,AT1G44130
AT1G44160,AT1G44160
ALDH3H1,ALDH3H1
AT1G44180,AT1G44180
AT1G44191,AT1G44191
AT1G07267,AT1G07267
HEMB2,HEMB2
ILL6,ILL6
AT1G44414,AT1G44414
CAO,CAO
AT1G44478,AT1G44478
CYCLASE3,CYCLASE3
PSBS,PSBS
AT1G44608,AT1G44608
AT1G44740,AT1G44740
PUP11,PUP11
AT1G44760,AT1G44760
AT1G44770,AT1G44770
AT1G44780,AT1G44780
GGCT2;3,GGCT2;3
AT1G44800,AT1G44800
AT1G44810,AT1G44810
AT1G44820,AT1G44820
ERF014,ERF014
AT1G44835,AT1G44835
AT1G44890,AT1G44890
AT1G44895,AT1G44895
MCM2,MCM2
PRP40A,PRP40A
AT1G44920,AT1G44920
AT1G07273,AT1G07273
AT1G44940,AT1G44940
AT1G44960,AT1G44960
PER9,PER9
PME57,PME57
AT1G44990,AT1G44990
RPT4B,RPT4B
AT1G07287,AT1G07287
AT1G45010,AT1G45010
AT1G45015,AT1G45015
UBC15,UBC15
AT1G45063,AT1G45063
AT1G45100,AT1G45100
AT1G45110,AT1G45110
BGAL5,BGAL5
TRX5,TRX5
AT1G45150,AT1G45150
AT1G45160,AT1G45160
AT1G45163,AT1G45163
AT1G45165,AT1G45165
AT1G07293,AT1G07293
AT1G07303,AT1G07303
OEP24A,OEP24A
AT1G45180,AT1G45180
DD18,DD18
BGLU1,BGLU1
ATTLL1,ATTLL1
AT1G45207,AT1G45207
AT1G45223,AT1G45223
AT1G45243,AT1G45243
AT1G45231,AT1G45231
THO5A,THO5A
AT1G45229,AT1G45229
AT1G45234,AT1G45234
AT1G45238,AT1G45238
AT1G45240,AT1G45240
AT1G07313,AT1G07313
AT1G45242,AT1G45242
AT1G45244,AT1G45244
AT1G45246,AT1G45246
AT1G45248,AT1G45248
ABF2,ABF2
DCL,DCL
MEFG1,MEFG1
AT1G45403,AT1G45403
LHCA5,LHCA5
AT1G45545,AT1G45545
AtRLP6,AtRLP6
AT1G45688,AT1G45688
SBP1,SBP1
HSFB4,HSFB4
WOX4,WOX4
AT1G46554,AT1G46554
AT1G46696,AT1G46696
RAP2-1,RAP2-1
AT1G46840,AT1G46840
AT1G46984,AT1G46984
VFB1,VFB1
AT1G07317,AT1G07317
RD21A,RD21A
AT1G47130,AT1G47130
AT1G07323,AT1G07323
WPP2,WPP2
CYCA3-2,CYCA3-2
CYCA3-4,CYCA3-4
NRAMP2,NRAMP2
AT1G07327,AT1G07327
AT1G07333,AT1G07333
AT1G07337,AT1G07337
PAF2,PAF2
GAMMACA2,GAMMACA2
AT1G47265,AT1G47265
TULP6,TULP6
AT1G47271,AT1G47271
AT1G47278,AT1G47278
AT1G47280,AT1G47280
3BETAHSD/D1,3BETAHSD/D1
AT1G47300,AT1G47300
AT1G07347,AT1G07347
AT1G47310,AT1G47310
CBSDUF7,CBSDUF7
AT1G47340,AT1G47340
AT1G47370,AT1G47370
AT1G47380,AT1G47380
AT1G47389,AT1G47389
AT1G47395,AT1G47395
AT1G47400,AT1G47400
AT1G07357,AT1G07357
AT1G07367,AT1G07367
AT1G47410,AT1G47410
SDH5,SDH5
AT1G47450,AT1G47450
AT1G47470,AT1G47470
CXE2,CXE2
CEP1,CEP1
RBP47C,RBP47C
AT1G47495,AT1G47495
AT1G47497,AT1G47497
RBP47C',RBP47C'
IP5P11,IP5P11
AT1G07383,AT1G07383
DTX33,DTX33
SEC3A,SEC3A
SEC3B,SEC3B
AT1G47570,AT1G47570
AT1G07393,AT1G07393
LIP2P2,LIP2P2
DYW1,DYW1
TGG4,TGG4
ATPUP19,ATPUP19
AT1G07397,AT1G07397
AT1G07407,AT1G07407
AT1G47610,AT1G47610
CYP96A8,CYP96A8
AT1G47640,AT1G47640
DOF1.6,DOF1.6
AT1G47657,AT1G47657
AT1G47660,AT1G47660
AATL1,AATL1
AT1G47690,AT1G47690
AT1G47710,AT1G47710
OSB1,OSB1
AT1G47730,AT1G47730
AT1G47740,AT1G47740
PEX11A,PEX11A
AGL102,AGL102
AT1G47765,AT1G47765
AT1G07413,AT1G07413
AT1G07417,AT1G07417
AT1G07423,AT1G07423
AT1G07437,AT1G07437
AT1G07433,AT1G07433
AT1G47770,AT1G47770
AT1G47780,AT1G47780
AT1G47813,AT1G47813
AT1G47820,AT1G47820
AP17,AP17
HXK3,HXK3
AT1G47845,AT1G47845
E2FC,E2FC
AT1G47885,AT1G47885
AtRLP7,AtRLP7
FPP6,FPP6
AT1G47915,AT1G47915
AT1G47920,AT1G47920
AT1G47940,AT1G47940
C/VIF1,C/VIF1
AT1G47970,AT1G47970
AT1G47980,AT1G47980
AT1G07457,AT1G07457
AT1G07463,AT1G07463
GA2OX4,GA2OX4
MYB112,MYB112
AT1G48010,AT1G48010
PMEI1,PMEI1
LPD1,LPD1
AT1G48040,AT1G48040
KU80,KU80
AT1G48060,AT1G48060
AT1G48070,AT1G48070
AT1G48080,AT1G48080
AT1G48090,AT1G48090
AT1G48095,AT1G48095
AT1G48100,AT1G48100
AT1G07477,AT1G07477
ECT7,ECT7
MAIL3,MAIL3
PER1,PER1
DPMS3,DPMS3
AT1G48145,AT1G48145
AT1G48150,AT1G48150
SRP19,SRP19
AT1G48170,AT1G48170
emb2191,emb2191
AT1G48180,AT1G48180
AT1G48195,AT1G48195
AT1G48200,AT1G48200
AT1G48210,AT1G48210
AT1G48220,AT1G48220
AT1G48230,AT1G48230
NPSN12,NPSN12
CIPK17,CIPK17
MIR161,MIR161
GCR1,GCR1
AT1G48280,AT1G48280
AT1G07483,AT1G07483
AT1G48285,AT1G48285
AT1G48300,AT1G48300
CHR18,CHR18
AT1G48315,AT1G48315
DHNAT1,DHNAT1
AT1G48325,AT1G48325
AT1G48330,AT1G48330
RPL18,RPL18
AT1G48355,AT1G48355
FAN1,FAN1
YSL8,YSL8
RHL1,RHL1
AT1G48390,AT1G48390
AT1G48400,AT1G48400
AT1G48405,AT1G48405
AGO1,AGO1
DCD,DCD
AT1G48430,AT1G48430
AT1G48440,AT1G48440
AT1G48450,AT1G48450
AT1G48460,AT1G48460
GLN1-5,GLN1-5
RKL1,RKL1
AT1G48490,AT1G48490
TIFY6A,TIFY6A
AT1G48510,AT1G48510
GATB,GATB
AT1G48530,AT1G48530
AT1G48540,AT1G48540
AT1G48550,AT1G48550
AT1G48560,AT1G48560
AT1G48570,AT1G48570
AT1G48580,AT1G48580
AT1G07493,AT1G07493
CAR5,CAR5
NMT2,NMT2
HAL3B,HAL3B
AT1G48610,AT1G48610
HON5,HON5
RACK1B,RACK1B
PEX3,PEX3
AT1G48640,AT1G48640
AT1G48650,AT1G48650
AT1G48660,AT1G48660
AT1G48670,AT1G48670
AT1G48690,AT1G48690
AT1G48698,AT1G48698
AT1G48700,AT1G48700
AT1G48720,AT1G48720
AT1G48725,AT1G48725
AT1G48730,AT1G48730
AT1G48740,AT1G48740
MIR157D,MIR157D
AT1G48745,AT1G48745
AT1G07503,AT1G07503
AT1G48750,AT1G48750
DELTA-ADR,DELTA-ADR
AT1G48770,AT1G48770
AT1G48780,AT1G48780
AMSH1,AMSH1
TPS28,TPS28
AT1G48820,AT1G48820
RPS7A,RPS7A
AT1G48840,AT1G48840
EMB1144,EMB1144
AT1G48860,AT1G48860
AT1G48870,AT1G48870
AT1G07507,AT1G07507
TBL7,TBL7
SRP-54C,SRP-54C
YUC10,YUC10
AT1G48912,AT1G48912
NUCL1,NUCL1
AtGH9C1,AtGH9C1
ENODL6,ENODL6
AT1G48950,AT1G48950
AT1G48953,AT1G48953
AT1G07513,AT1G07513
AT1G48960,AT1G48960
AT1G48970,AT1G48970
AT1G07517,AT1G07517
AT1G48980,AT1G48980
AT1G49000,AT1G49000
AT1G07523,AT1G07523
CLE11,CLE11
AT1G07527,AT1G07527
AT1G49010,AT1G49010
AT1G49015,AT1G49015
PCR6,PCR6
AT1G49032,AT1G49032
SCD1,SCD1
APCB1,APCB1
AT1G49100,AT1G49100
AT1G49110,AT1G49110
ERF117,ERF117
AT1G49130,AT1G49130
AT1G49140,AT1G49140
AT1G49150,AT1G49150
WNK7,WNK7
AT1G49170,AT1G49170
AT1G49180,AT1G49180
RR19,RR19
ATL75,ATL75
AT1G49205,AT1G49205
ATL76,ATL76
ATL10,ATL10
AT1G49225,AT1G49225
ATL78,ATL78
ACT8,ACT8
AT1G49245,AT1G49245
AT1G49250,AT1G49250
AT1G49260,AT1G49260
PERK7,PERK7
AT1G49280,AT1G49280
AT1G49290,AT1G49290
RABG3E,RABG3E
AT1G49310,AT1G49310
USPL1,USPL1
AT1G49330,AT1G49330
PI4KA1,PI4KA1
AT1G49350,AT1G49350
AT1G07543,AT1G07543
AT1G49360,AT1G49360
AT1G07547,AT1G07547
AT1G07553,AT1G07553
CCS1,CCS1
AT1G49390,AT1G49390
emb1129,emb1129
AT1G49405,AT1G49405
TOM6,TOM6
AT1G49420,AT1G49420
LACS2,LACS2
AT1G49450,AT1G49450
AT1G49460,AT1G49460
AT1G49470,AT1G49470
AT1G49475,AT1G49475
REM19,REM19
AT1G49490,AT1G49490
AT1G49500,AT1G49500
emb1273,emb1273
AT1G49520,AT1G49520
GGPP6,GGPP6
AT1G07563,AT1G07563
ELP2,ELP2
AT1G07567,AT1G07567
HHO6,HHO6
PER10,PER10
CRK8,CRK8
ZOP1,ZOP1
ATRBP47A,ATRBP47A
AT1G49610,AT1G49610
AT1G07573,AT1G07573
KRP7,KRP7
PREP2,PREP2
CXE3,CXE3
CXE4,CXE4
CXE5,CXE5
NQR,NQR
AT1G49690,AT1G49690
AT1G49700,AT1G49700
FUT12,FUT12
AT1G49715,AT1G49715
AT1G07583,AT1G07583
ABF1,ABF1
AT1G07587,AT1G07587
AT1G49730,AT1G49730
AT1G49740,AT1G49740
AT1G49750,AT1G49750
PAB8,PAB8
BHLH95,BHLH95
AT1G07593,AT1G07593
PUB26,PUB26
AT1G07597,AT1G07597
AT1G49790,AT1G49790
CEP16,CEP16
NHD2,NHD2
MTK,MTK
AT1G49830,AT1G49830
AT1G49832,AT1G49832
AT1G49840,AT1G49840
RHY1A,RHY1A
GSTF14,GSTF14
AT1G49870,AT1G49870
ERV1,ERV1
QWRF2,QWRF2
AT1G49900,AT1G49900
BUB3.2,BUB3.2
AT1G49920,AT1G49920
AT1G49930,AT1G49930
AT1G49938,AT1G49938
AT1G49940,AT1G49940
AT1G49952,AT1G49952
TRB1,TRB1
NAT4,NAT4
CLPR1,CLPR1
AT1G49975,AT1G49975
POLK,POLK
AT1G49990,AT1G49990
AT1G50000,AT1G50000
TUBA4.1,TUBA4.1
AT1G07603,AT1G07603
AT1G50020,AT1G50020
AT1G07607,AT1G07607
TOR,TOR
AT1G50040,AT1G50040
AT1G50050,AT1G50050
TAS1B,TAS1B
AT1G07613,AT1G07613
AT1G50060,AT1G50060
AT1G50070,AT1G50070
AT1G50080,AT1G50080
BCAT7,BCAT7
AT1G50100,AT1G50100
BCAT6,BCAT6
AT1G50120,AT1G50120
AT1G50140,AT1G50140
AT1G50160,AT1G50160
SIRB,SIRB
AT1G50180,AT1G50180
AT1G50190,AT1G50190
ALATS,ALATS
TIO,TIO
FTSH1,FTSH1
NTMC2TYPE5.1,NTMC2TYPE5.1
PCMP-E42,PCMP-E42
AT1G50280,AT1G50280
AT1G50290,AT1G50290
TAF15,TAF15
AT1G07617,AT1G07617
STP9,STP9
ATHX,ATHX
AT1G50325,AT1G50325
AT1G07623,AT1G07623
AT1G07627,AT1G07627
AT1G50350,AT1G50350
VIII-A,VIII-A
FYPP1,FYPP1
AT1G50380,AT1G50380
AT1G50390,AT1G50390
TOM40-2,TOM40-2
CHR28,CHR28
SCL3,SCL3
DWF5,DWF5
AT1G50440,AT1G50440
AT1G07633,AT1G07633
AT1G07637,AT1G07637
AT1G50450,AT1G50450
HKL1,HKL1
AT1G50470,AT1G50470
THFS,THFS
UBC20,UBC20
HIT1,HIT1
AT1G50510,AT1G50510
CYP705A27,CYP705A27
AT1G50530,AT1G50530
CYP705A25,CYP705A25
AT1G07647,AT1G07647
AT1G50570,AT1G50570
AT1G07653,AT1G07653
AT1G50575,AT1G50575
UGT79B5,UGT79B5
AT1G50590,AT1G50590
SCL5,SCL5
PRK5,PRK5
AT1G50620,AT1G50620
AT1G50630,AT1G50630
AT1G07657,AT1G07657
ERF3,ERF3
AT1G50659,AT1G50659
AT1G50660,AT1G50660
AT1G07663,AT1G07663
AT1G50670,AT1G50670
AT1G50680,AT1G50680
AT1G50690,AT1G50690
CPK33,CPK33
AT1G07667,AT1G07667
AUG4,AUG4
AT1G50720,AT1G50720
AT1G50730,AT1G50730
AT1G50732,AT1G50732
FAX5,FAX5
AT1G50745,AT1G50745
AT1G50750,AT1G50750
AT1G07683,AT1G07683
AT1G50760,AT1G50760
AT1G50770,AT1G50770
AT1G50780,AT1G50780
AT1G50790,AT1G50790
AT1G50820,AT1G50820
AT1G50830,AT1G50830
POLGAMMA2,POLGAMMA2
AT1G50880,AT1G50880
TOR1L1,TOR1L1
LTD,LTD
AT1G07693,AT1G07693
AT1G50910,AT1G50910
AT1G07697,AT1G07697
AT1G50920,AT1G50920
VUP2,VUP2
ETFA,ETFA
AT1G07703,AT1G07703
AT1G50950,AT1G50950
AT1G07707,AT1G07707
GA2OX7,GA2OX7
AT1G50970,AT1G50970
AT1G50980,AT1G50980
BSK11,BSK11
AT1G51020,AT1G51020
AT1G51030,AT1G51030
AT1G51035,AT1G51035
PI4KA2,PI4KA2
AT1G51055,AT1G51055
HTA10,HTA10
bHLH115,bHLH115
AT1G51080,AT1G51080
AT1G51090,AT1G51090
AT1G51100,AT1G51100
PAP12,PAP12
AT1G51120,AT1G51120
NSE4A,NSE4A
BHLH122,BHLH122
DEGP6,DEGP6
AT1G51160,AT1G51160
UNC,UNC
AT1G07723,AT1G07723
AT1G51172,AT1G51172
PLT2,PLT2
SAP2,SAP2
WIP5,WIP5
LPAT3,LPAT3
AT1G51270,AT1G51270
FBX10,FBX10
AT1G51300,AT1G51300
AT1G51310,AT1G51310
FBX11,FBX11
AT1G51330,AT1G51330
DTX42,DTX42
AT1G51350,AT1G51350
SMR9,SMR9
DABB1,DABB1
AT1G51370,AT1G51370
RH34,RH34
NIFU5,NIFU5
AT1G07733,AT1G07733
AT1G51400,AT1G51400
AT1G07737,AT1G07737
AT1G51402,AT1G51402
AT1G07743,AT1G07743
AT1G51405,AT1G51405
AT1G51410,AT1G51410
ATSPP1,ATSPP1
AT1G51430,AT1G51430
AT1G51440,AT1G51440
TRO,TRO
ABCG13,ABCG13
TGG5,TGG5
AT1G51480,AT1G51480
BGLU36,BGLU36
ABCG12,ABCG12
Y14,Y14
AT1G51520,AT1G51520
AT1G51530,AT1G51530
AT1G51538,AT1G51538
AT1G51540,AT1G51540
AT1G51550,AT1G51550
AT1G07753,AT1G07753
AT1G51560,AT1G51560
AT1G51570,AT1G51570
AT1G51580,AT1G51580
MNS1,MNS1
AT1G07757,AT1G07757
GATA28,GATA28
MTPC4,MTPC4
AT1G51620,AT1G51620
MSR2,MSR2
AT1G51645,AT1G51645
ATEXO70G2,ATEXO70G2
AT1G51650,AT1G51650
MKK4,MKK4
HTT5,HTT5
4CL1,4CL1
ATB ALPHA,ATB ALPHA
AT1G07763,AT1G07763
DOF1.7,DOF1.7
UBP6,UBP6
AT1G51720,AT1G51720
AT1G51730,AT1G51730
SYP81,SYP81
AT1G51745,AT1G51745
ILL4,ILL4
AT1G51770,AT1G51770
ILL5,ILL5
AT1G51790,AT1G51790
IOS1,IOS1
AT1G51805,AT1G51805
AT1G51810,AT1G51810
AT1G07767,AT1G07767
AT1G51820,AT1G51820
AT1G51823,AT1G51823
AT1G51830,AT1G51830
AT1G51840,AT1G51840
AT1G51850,AT1G51850
AT1G51860,AT1G51860
AT1G51870,AT1G51870
RHS6,RHS6
AT1G51890,AT1G51890
AT1G51900,AT1G51900
AT1G51910,AT1G51910
AT1G51913,AT1G51913
AT1G51915,AT1G51915
AT1G51920,AT1G51920
AT1G51930,AT1G51930
LYK3,LYK3
AT1G07773,AT1G07773
IAA18,IAA18
IQD27,IQD27
ABO5,ABO5
AT1G51970,AT1G51970
AT1G51980,AT1G51980
AT1G51990,AT1G51990
JAL5,JAL5
F-ATMBP,F-ATMBP
MBP1,MBP1
JAL8,JAL8
JAL10,JAL10
AR791,AR791
AT1G07783,AT1G07783
AT1G52100,AT1G52100
AT1G52110,AT1G52110
JAL12,JAL12
JAL13,JAL13
AT1G52140,AT1G52140
ATHB-15,ATHB-15
AT1G52155,AT1G52155
TRZ3,TRZ3
AT1G52170,AT1G52170
AT1G52180,AT1G52180
AT1G07787,AT1G07787
MIR406,MIR406
AT1G07793,AT1G07793
NPF1.2,NPF1.2
AT1G52191,AT1G52191
PCR8,PCR8
CURT1C,CURT1C
PSAH2,PSAH2
ROPGEF11,ROPGEF11
AT1G52245,AT1G52245
PDIL1-5,PDIL1-5
AT1G52270,AT1G52270
RABG3D,RABG3D
PERK15,PERK15
RPL37B,RPL37B
AT1G52310,AT1G52310
AT1G52315,AT1G52315
AT1G52320,AT1G52320
AT1G52325,AT1G52325
AT1G52330,AT1G52330
ABA2,ABA2
AT1G07803,AT1G07803
AT1G52342,AT1G52342
AT1G52343,AT1G52343
AT1G52347,AT1G52347
AT1G52350,AT1G52350
AT1G52360,AT1G52360
AT1G52370,AT1G52370
NUP50A,NUP50A
AT1G52390,AT1G52390
BGLU18,BGLU18
TSA1,TSA1
AT1G52415,AT1G52415
AT1G52420,AT1G52420
AT1G52430,AT1G52430
AT1G52440,AT1G52440
AT1G52450,AT1G52450
AT1G52470,AT1G52470
AT1G52495,AT1G52495
FPG1,FPG1
AT1G52510,AT1G52510
AT1G07807,AT1G07807
FRS6,FRS6
AT1G52530,AT1G52530
AT1G07813,AT1G07813
AT1G52540,AT1G52540
AT1G52550,AT1G52550
HSP26.5,HSP26.5
AT1G52565,AT1G52565
PLDALPHA2,PLDALPHA2
RBL5,RBL5
AT1G07823,AT1G07823
AT1G52590,AT1G52590
AT1G52600,AT1G52600
AT1G52603,AT1G52603
AT1G07833,AT1G07833
AT1G52615,AT1G52615
AT1G52618,AT1G52618
AT1G52620,AT1G52620
OFUT13,OFUT13
AT1G52640,AT1G52640
AT1G52650,AT1G52650
AT1G07837,AT1G07837
AT1G52660,AT1G52660
AT1G52670,AT1G52670
LEA7,LEA7
AT1G52695,AT1G52695
AT1G52700,AT1G52700
AT1G52710,AT1G52710
AT1G52720,AT1G52720
AT1G52730,AT1G52730
HTA9,HTA9
AT1G52750,AT1G52750
CSE,CSE
AT1G52770,AT1G52770
AT1G52780,AT1G52780
AT1G52790,AT1G52790
AT1G52800,AT1G52800
AT1G52810,AT1G52810
AT1G52820,AT1G52820
AT1G52825,AT1G52825
CDT1,CDT1
IAA6,IAA6
AT1G52857,AT1G52857
AT1G52855,AT1G52855
AT1G52860,AT1G52860
AT1G52870,AT1G52870
NAC018,NAC018
NAC019,NAC019
AT1G07843,AT1G07843
AT1G52900,AT1G52900
AT1G52905,AT1G52905
AT1G52910,AT1G52910
AT1G07847,AT1G07847
GCR2,GCR2
BRIX1-2,BRIX1-2
PAP5,PAP5
AT1G52950,AT1G52950
DD11,DD11
NUG2,NUG2
AT1G52990,AT1G52990
KDSB,KDSB
ATL19,ATL19
UBC39,UBC39
AT1G53025,AT1G53025
COX17-2,COX17-2
AT1G53035,AT1G53035
AT1G53040,AT1G53040
AT1G53050,AT1G53050
AT1G53060,AT1G53060
AT1G53070,AT1G53070
AT1G53080,AT1G53080
SPA4,SPA4
AT1G53100,AT1G53100
AT1G07853,AT1G07853
PPI4,PPI4
AT1G53120,AT1G53120
GRI,GRI
DRP5A,DRP5A
SPL4,SPL4
AT1G07867,AT1G07867
AT1G53163,AT1G53163
ATMAP4K ALPHA1,ATMAP4K ALPHA1
AT1G07873,AT1G07873
ERF8,ERF8
AT1G53180,AT1G53180
AT1G53190,AT1G53190
AT1G53200,AT1G53200
NCL,NCL
AT1G53220,AT1G53220
TCP3,TCP3
AT1G53233,AT1G53233
mMDH1,mMDH1
AT1G53250,AT1G53250
AT1G53260,AT1G53260
ABCG10,ABCG10
DJ1B,DJ1B
AT1G53285,AT1G53285
B3GALT14,B3GALT14
TTL1,TTL1
PPC1,PPC1
TULP7,TULP7
AT1G53325,AT1G53325
AT1G53330,AT1G53330
AT1G53340,AT1G53340
AT1G53345,AT1G53345
RPP8L2,RPP8L2
AT1G53360,AT1G53360
AT1G53366,AT1G53366
AT1G53370,AT1G53370
AT1G53380,AT1G53380
ABCG24,ABCG24
AT1G53400,AT1G53400
AT1G07877,AT1G07877
AT1G53410,AT1G53410
AT1G53420,AT1G53420
AT1G53430,AT1G53430
AT1G53440,AT1G53440
AT1G53450,AT1G53450
AT1G53460,AT1G53460
MSL4,MSL4
MRD1,MRD1
AT1G07887,AT1G07887
HEI10,HEI10
RHM2,RHM2
AT1G07893,AT1G07893
MPK18,MPK18
FAP3,FAP3
AT1G53530,AT1G53530
HSP17.6C,HSP17.6C
AT1G07897,AT1G07897
AT1G53542,AT1G53542
AT1G07907,AT1G07907
AT1G53550,AT1G53550
AT1G53560,AT1G53560
MAPKKK3,MAPKKK3
GLY3,GLY3
NTMC2T6.1,NTMC2T6.1
PCMP-E63,PCMP-E63
AT1G53610,AT1G53610
AT1G07917,AT1G07917
AT1G53620,AT1G53620
AT1G53625,AT1G53625
AT1G53633,AT1G53633
AT1G07923,AT1G07923
AT1G07927,AT1G07927
AT1G53635,AT1G53635
AT1G53640,AT1G53640
AT1G53645,AT1G53645
CID8,CID8
AT1G53655,AT1G53655
AT1G53660,AT1G53660
MSRB1,MSRB1
GSTU28,GSTU28
MIR169D,MIR169D
MIR169E,MIR169E
AT1G53690,AT1G53690
WAG1,WAG1
AT1G53705,AT1G53705
RTFL9,RTFL9
AT1G07933,AT1G07933
AT1G53710,AT1G53710
CYP59,CYP59
SRF6,SRF6
RPT1A,RPT1A
AT1G53760,AT1G53760
AT1G53770,AT1G53770
AT1G53780,AT1G53780
AT1G53790,AT1G53790
AT1G53800,AT1G53800
AT1G53801,AT1G53801
AT1G53815,AT1G53815
ATL60,ATL60
PME2,PME2
PME1,PME1
PAE1.1,PAE1.1
AT1G53860,AT1G53860
AT1G53870,AT1G53870
AT1G53875,AT1G53875
AT1G53880,AT1G53880
AT1G53887,AT1G53887
AT1G53890,AT1G53890
AT1G53900,AT1G53900
RAP2-12,RAP2-12
GLIP5,GLIP5
AT1G53930,AT1G53930
AT1G53935,AT1G53935
GLIP2,GLIP2
AT1G53950,AT1G53950
AT1G53970,AT1G53970
AT1G53980,AT1G53980
GLIP3,GLIP3
GLL22,GLL22
GLL23,GLL23
AT1G54020,AT1G54020
MVP1,MVP1
ESP,ESP
HSP17.4B,HSP17.4B
ASIL1,ASIL1
AT1G54070,AT1G54070
UBP1A,UBP1A
ATEXO70D2,ATEXO70D2
AT1G54095,AT1G54095
ALDH7B4,ALDH7B4
AT1G54110,AT1G54110
CCX4,CCX4
AT1G54120,AT1G54120
RSH3,RSH3
TAF9,TAF9
SPL2,SPL2
NFYA5,NFYA5
AT1G07943,AT1G07943
CID3,CID3
AT1G07947,AT1G07947
BRXL3,BRXL3
AT1G54200,AT1G54200
ATG12A,ATG12A
AT1G54215,AT1G54215
AT1G54217,AT1G54217
AT1G54220,AT1G54220
AT1G54230,AT1G54230
AT1G54240,AT1G54240
NRPB8A,NRPB8A
AT1G54260,AT1G54260
TIF4A-2,TIF4A-2
AT1G07957,AT1G07957
ALA6,ALA6
AT1G54290,AT1G54290
AT1G54300,AT1G54300
AT1G54310,AT1G54310
ALIS3,ALIS3
AT1G07963,AT1G07963
ANAC020,ANAC020
ICDH,ICDH
ABCC2,ABCC2
AT1G54355,AT1G54355
TAF6B,TAF6B
NHX5,NHX5
AT1G07967,AT1G07967
AT1G54380,AT1G54380
SINE1,SINE1
ING2,ING2
AT1G54400,AT1G54400
HIRD11,HIRD11
AT1G54420,AT1G54420
AT1G07973,AT1G07973
AT1G54440,AT1G54440
AT1G54445,AT1G54445
B''DELTA,B''DELTA
WDL2,WDL2
RPP27,RPP27
AT1G54475,AT1G54475
XRN4,XRN4
AT1G54500,AT1G54500
NEK1,NEK1
AT1G54520,AT1G54520
AT1G54530,AT1G54530
AT1G54540,AT1G54540
AT1G54550,AT1G54550
XI-E,XI-E
AT1G54570,AT1G54570
AT1G54575,AT1G54575
ACP2,ACP2
AT1G54590,AT1G54590
AT1G54610,AT1G54610
AT1G54620,AT1G54620
ACP3,ACP3
AT1G54650,AT1G54650
AT1G07977,AT1G07977
AT1G54670,AT1G54670
AT1G54680,AT1G54680
HTA3,HTA3
AT1G07983,AT1G07983
AT1G54700,AT1G54700
ATG18H,ATG18H
AT1G07987,AT1G07987
AT1G54720,AT1G54720
AT1G54730,AT1G54730
AT1G54740,AT1G54740
AGL85,AGL85
AT1G54770,AT1G54770
AT1G54773,AT1G54773
AT1G54775,AT1G54775
TLP18.3,TLP18.3
AT1G07993,AT1G07993
AT1G54790,AT1G54790
AT1G07997,AT1G07997
AT1G54820,AT1G54820
NFYC3,NFYC3
AT1G08003,AT1G08003
IDM2,IDM2
ACD22.3,ACD22.3
AT1G54860,AT1G54860
AT1G54870,AT1G54870
AT1G54890,AT1G54890
AT1G54920,AT1G54920
AT1G54930,AT1G54930
GUX4,GUX4
AT1G08007,AT1G08007
AT1G54950,AT1G54950
AT1G08013,AT1G08013
AT1G54953,AT1G54953
AT1G08017,AT1G08017
AT1G08023,AT1G08023
AT1G08027,AT1G08027
AT1G54957,AT1G54957
ANP2,ANP2
PRP1,PRP1
AT1G54980,AT1G54980
AXR4,AXR4
AT1G55000,AT1G55000
PDF1.5,PDF1.5
LOX1,LOX1
AT1G55030,AT1G55030
AT1G55040,AT1G55040
AT1G55050,AT1G55050
UBQ12,UBQ12
AT1G55070,AT1G55070
MED9,MED9
AT1G55090,AT1G55090
IDD7,IDD7
CWINV3,CWINV3
TMN6,TMN6
AT1G55140,AT1G55140
AT1G55150,AT1G55150
AT1G55160,AT1G55160
AT1G55152,AT1G55152
FLXL3,FLXL3
AT1G08033,AT1G08033
AT1G55175,AT1G55175
PLDALPHA4,PLDALPHA4
AT1G08037,AT1G08037
PRA1F2,PRA1F2
AT1G55200,AT1G55200
AT1G55205,AT1G55205
AT1G55207,AT1G55207
DIR20,DIR20
AT1G55230,AT1G55230
AT1G55240,AT1G55240
HUB2,HUB2
AT1G55260,AT1G55260
AT1G55265,AT1G55265
AT1G08043,AT1G08043
AT1G55270,AT1G55270
AT1G08047,AT1G08047
AT1G08053,AT1G08053
AT1G55280,AT1G55280
F6'H2,F6'H2
TAF7,TAF7
SR33,SR33
AAE18,AAE18
GCT,GCT
AGP21,AGP21
AT1G55335,AT1G55335
AT1G55340,AT1G55340
DEK1,DEK1
AT1G55360,AT1G55360
AT1G55365,AT1G55365
NDF5,NDF5
AT1G55380,AT1G55380
AT1G55390,AT1G55390
EDA11,EDA11
AT1G55430,AT1G55430
AT1G55440,AT1G55440
AT1G55450,AT1G55450
KIN17,KIN17
AT1G55475,AT1G55475
ZKT,ZKT
CPN60B1,CPN60B1
ECT4,ECT4
BCDH BETA1,BCDH BETA1
TBP2,TBP2
AT1G55525,AT1G55525
AT1G55530,AT1G55530
AT1G55535,AT1G55535
NUP214,NUP214
AT1G55546,AT1G55546
KIN14T,KIN14T
SCL18,SCL18
ATB,ATB
MIR158B,MIR158B
WRKY10,WRKY10
BRL1,BRL1
CLC-F,CLC-F
AT1G55625,AT1G55625
AT1G55630,AT1G55630
PRA1G1,PRA1G1
HMGB11,HMGB11
AT1G55660,AT1G55660
PSAG,PSAG
AT1G55673,AT1G55673
AT1G55675,AT1G55675
AT1G55680,AT1G55680
SFH13,SFH13
AT1G55700,AT1G55700
AT1G55710,AT1G55710
ATCAX6,ATCAX6
CAX5,CAX5
RFS1,RFS1
TFB1-1,TFB1-1
AT1G55755,AT1G55755
AT1G55760,AT1G55760
AT1G55770,AT1G55770
AT1G55775,AT1G55775
AT1G55790,AT1G55790
AT1G55800,AT1G55800
AT1G55803,AT1G55803
BOLA1,BOLA1
UKL3,UKL3
GIP1L,GIP1L
AT1G55830,AT1G55830
AT1G55840,AT1G55840
CSLE1,CSLE1
UPL1,UPL1
AT1G08073,AT1G08073
AT1G55865,AT1G55865
PARN,PARN
AT1G55880,AT1G55880
AT1G55890,AT1G55890
TIM50,TIM50
ZIP11,ZIP11
AT1G55915,AT1G55915
AT1G55917,AT1G55917
SAT1,SAT1
AT1G55928,AT1G55928
CBSDUFCH2,CBSDUFCH2
CYP708A1,CYP708A1
AT1G55945,AT1G55945
AT1G55947,AT1G55947
AT1G08077,AT1G08077
AT1G55950,AT1G55950
AT1G55960,AT1G55960
HAC04,HAC04
AT1G55980,AT1G55980
AT1G55990,AT1G55990
AT1G56000,AT1G56000
NAC021,NAC021
AT1G08087,AT1G08087
AT1G56020,AT1G56020
PUB57,PUB57
PUB58,PUB58
RPL41G,RPL41G
AT1G56050,AT1G56050
AT1G56060,AT1G56060
LOS1,LOS1
AT1G56080,AT1G56080
AT1G56085,AT1G56085
AT1G56090,AT1G56090
AT1G56100,AT1G56100
AT1G56105,AT1G56105
NOP56,NOP56
AT1G56120,AT1G56120
AT1G56130,AT1G56130
AT1G56140,AT1G56140
AT1G56145,AT1G56145
SAUR71,SAUR71
ATMYB72,ATMYB72
AT1G56165,AT1G56165
NFYC2,NFYC2
AT1G56180,AT1G56180
AT1G56190,AT1G56190
emb1303,emb1303
HIPP35,HIPP35
AT1G56220,AT1G56220
AT1G56225,AT1G56225
AT1G56230,AT1G56230
AT1G56233,AT1G56233
AT1G08097,AT1G08097
AT1G08093,AT1G08093
AT1G08103,AT1G08103
AT1G08113,AT1G08113
AT1G08117,AT1G08117
AT1G08123,AT1G08123
PP2B13,PP2B13
AT1G56242,AT1G56242
VBF,VBF
TEN1,TEN1
AT1G56270,AT1G56270
ATDI19,ATDI19
AT1G56290,AT1G56290
AT1G56300,AT1G56300
AT1G56310,AT1G56310
AT1G56320,AT1G56320
SAR1B,SAR1B
CRT1,CRT1
AT1G56345,AT1G56345
PRFB2,PRFB2
HSP70-18,HSP70-18
AT1G56415,AT1G56415
AT1G56418,AT1G56418
AT1G56420,AT1G56420
AT1G56423,AT1G56423
NAS4,NAS4
TPR5,TPR5
PBG1,PBG1
AT1G56460,AT1G56460
SOQ1,SOQ1
ADR2,ADR2
AT1G56520,AT1G56520
AT1G56530,AT1G56530
AT1G56540,AT1G56540
RGXT3,RGXT3
AT1G56553,AT1G56553
AT1G56555,AT1G56555
INVA,INVA
PCMP-E64,PCMP-E64
SVB,SVB
AP3M,AP3M
GOLS2,GOLS2
AT1G56610,AT1G56610
AT1G56612,AT1G56612
AT1G56630,AT1G56630
MYB75,MYB75
AT1G56660,AT1G56660
LIP4,LIP4
AT1G56680,AT1G56680
PCMP-H69,PCMP-H69
AT1G56700,AT1G56700
AT1G56710,AT1G56710
AT1G08133,AT1G08133
AT1G08137,AT1G08137
AT1G56720,AT1G56720
AT1G08147,AT1G08147
AT1G57540,AT1G57540
AtMYB50,AtMYB50
JAL14,JAL14
AT1G57580,AT1G57580
PAE2,PAE2
AT1G57600,AT1G57600
AT1G57610,AT1G57610
AT1G57613,AT1G57613
CYB,CYB
AT1G57630,AT1G57630
AT1G57650,AT1G57650
RPL21E,RPL21E
AT1G57670,AT1G57670
AT1G08157,AT1G08157
AT1G08163,AT1G08163
AT1G57680,AT1G57680
AT1G57690,AT1G57690
AT1G57700,AT1G57700
AT1G08173,AT1G08173
AT1G57720,AT1G57720
AT1G57730,AT1G57730
CYP96A15,CYP96A15
AT1G57760,AT1G57760
AT1G57765,AT1G57765
AT1G57770,AT1G57770
HIPP17,HIPP17
AT1G57790,AT1G57790
AT1G08177,AT1G08177
VIM5,VIM5
ORTH2,ORTH2
AT1G57830,AT1G57830
AT1G08183,AT1G08183
AT1G57835,AT1G57835
AT1G57850,AT1G57850
RPL21E.1,RPL21E.1
ATSK42,ATSK42
AT1G57906,AT1G57906
PUP17,PUP17
PUP23,PUP23
PUP18,PUP18
AT1G58007,AT1G58007
AT1G58025,AT1G58025
CAT2,CAT2
AT1G58037,AT1G58037
AT1G08193,AT1G08193
AT1G58050,AT1G58050
AT1G58055,AT1G58055
AT1G58060,AT1G58060
AT1G58070,AT1G58070
HISN1A,HISN1A
AT1G58090,AT1G58090
TCP8,TCP8
AT1G58110,AT1G58110
AT1G58120,AT1G58120
AT1G58150,AT1G58150
JAL15,JAL15
DIR19,DIR19
BCA6,BCA6
AtRLP9,AtRLP9
MSL3,MSL3
EMB1674,EMB1674
NET2A,NET2A
AT1G58220,AT1G58220
AT1G58223,AT1G58223
AT1G58225,AT1G58225
AT1G58230,AT1G58230
AT1G58235,AT1G58235
AT1G08207,AT1G08207
AT1G58242,AT1G58242
AT1G58245,AT1G58245
AT1G58248,AT1G58248
SAB,SAB
CYP79C2,CYP79C2
AT1G58265,AT1G58265
ZW9,ZW9
AT1G08213,AT1G08213
AT1G08217,AT1G08217
AT1G08227,AT1G08227
AT1G58280,AT1G58280
HEMA1,HEMA1
HO4,HO4
AT1G58310,AT1G58310
PCR9,PCR9
ZW2,ZW2
AT1G08237,AT1G08237
DTX48,DTX48
ZW18,ZW18
AAP1,AAP1
RXF12,RXF12
RPS2A,RPS2A
AT1G58390,AT1G58390
AT1G58400,AT1G58400
RXW24L,RXW24L
AT1G58420,AT1G58420
AT1G08247,AT1G08247
RXF26,RXF26
SQE1,SQE1
TPR6,TPR6
AT1G58460,AT1G58460
RBP1,RBP1
RXW8,RXW8
AT1G58590,AT1G58590
AT1G58602,AT1G58602
RPS2B,RPS2B
RDL5,RDL5
AT1G58808,AT1G58808
RF9,RF9
RDL5.1,RDL5.1
AT1G59171,AT1G59171
RF9.1,RF9.1
RPS2B.2,RPS2B.2
AT1G59453,AT1G59453
AT1G59460,AT1G59460
AT1G59470,AT1G59470
AT1G08253,AT1G08253
CF9,CF9
CW7,CW7
BZIP4,BZIP4
KIN7N,KIN7N
AT1G59550,AT1G59550
SPL1,SPL1
AT1G59570,AT1G59570
MPK2,MPK2
ZCF37,ZCF37
ZCW7,ZCW7
DRP2B,DRP2B
AT1G08257,AT1G08257
CW9,CW9
AT1G59630,AT1G59630
BPE,BPE
CW14,CW14
NUP98B,NUP98B
GSTU15,GSTU15
EDA1,EDA1
AT1G59690,AT1G59690
GSTU16,GSTU16
AT1G59710,AT1G59710
PCMP-H51,PCMP-H51
AT1G59725,AT1G59725
TRX7,TRX7
NPF4.3,NPF4.3
ARF1,ARF1
MTR4,MTR4
AT1G59780,AT1G59780
AT1G59790,AT1G59790
AT1G59800,AT1G59800
AT1G08263,AT1G08263
AGL50,AGL50
ALA3,ALA3
PP2A1,PP2A1
AT1G59833,AT1G59833
CEP2,CEP2
CCB4,CCB4
AT1G08267,AT1G08267
TOR1L5,TOR1L5
AT1G08273,AT1G08273
HSP17.6A,HSP17.6A
AT1G59865,AT1G59865
ABCG36,ABCG36
AT1G59880,AT1G59880
AT1G59885,AT1G59885
SNL5,SNL5
E1 ALPHA,E1 ALPHA
FH7,FH7
AT1G59920,AT1G59920
AT1G59930,AT1G59930
ARR3,ARR3
AT1G59950,AT1G59950
AT1G59960,AT1G59960
5MMP,5MMP
AT1G08283,AT1G08283
ATJ39,ATJ39
AT1G08287,AT1G08287
AT1G08293,AT1G08293
RH22,RH22
AT1G60000,AT1G60000
AT1G60010,AT1G60010
MIR426,MIR426
NAT7,NAT7
AGL49,AGL49
AT1G60050,AT1G60050
AT1G60060,AT1G60060
AT1G60070,AT1G60070
MIR859A,MIR859A
MIR774A,MIR774A
AT1G60080,AT1G60080
BGLU4,BGLU4
AT1G60095,AT1G60095
AT1G60110,AT1G60110
AT1G08307,AT1G08307
JAL18,JAL18
TPS10,TPS10
POT12,POT12
PRP31,PRP31
PUB19,PUB19
AT1G60200,AT1G60200
ULP1D,ULP1D
AT1G60230,AT1G60230
AT1G60240,AT1G60240
AT1G60250,AT1G60250
BGLU5,BGLU5
BGLU6,BGLU6
ANAC023,ANAC023
anac024,anac024
AT1G60360,AT1G60360
AT1G60370,AT1G60370
AT1G60380,AT1G60380
PGL2,PGL2
AT1G60410,AT1G60410
AT1G60420,AT1G60420
AT1G08317,AT1G08317
ARPC3,ARPC3
PANK1,PANK1
GOLS7,GOLS7
AT1G60460,AT1G60460
AT1G08323,AT1G08323
GOLS4,GOLS4
ATVPS34,ATVPS34
DRP4C,DRP4C
AT1G60505,AT1G60505
AT1G60525,AT1G60525
DRP4A,DRP4A
AT1G60545,AT1G60545
MENB,MENB
AT1G60560,AT1G60560
AT1G60570,AT1G60570
AT1G08327,AT1G08327
AT1G60580,AT1G60580
AT1G60590,AT1G60590
ABC4,ABC4
AT1G60610,AT1G60610
ATRPAC43,ATRPAC43
RALFL6,RALFL6
AT1G60630,AT1G60630
AT1G60640,AT1G60640
RZ1B,RZ1B
CB5LP,CB5LP
AT1G60670,AT1G60670
AT1G08333,AT1G08333
AGD2,AGD2
AT1G60690,AT1G60690
AT1G60700,AT1G60700
ATB2,ATB2
AT1G60720,AT1G60720
AT1G60730,AT1G60730
PRXIID,PRXIID
AT1G60750,AT1G60750
AT1G60760,AT1G60760
AT1G60770,AT1G60770
AP1M2,AP1M2
SMR15,SMR15
AT1G60787,AT1G60787
TBL2,TBL2
NIK3,NIK3
ACLA-2,ACLA-2
AT1G08347,AT1G08347
AT1G60820,AT1G60820
AT1G60830,AT1G60830
AT1G60840,AT1G60840
ATRPAC42,ATRPAC42
AGD2.1,AGD2.1
MEE9,MEE9
AGL56,AGL56
AT1G60890,AT1G60890
U2AF65B,U2AF65B
AT1G60910,AT1G60910
AT1G08353,AT1G08353
AT1G60913,AT1G60913
AGL55,AGL55
RECQL4B,RECQL4B
SRK2B,SRK2B
FD2,FD2
IRT3,IRT3
AT1G60970,AT1G60970
GA20OX4,GA20OX4
SCRL6,SCRL6
SCRL4,SCRL4
SCRL5,SCRL5
AT1G60990,AT1G60990
SCRL7,SCRL7
AT1G60995,AT1G60995
NUF2,NUF2
CPSF73-I,CPSF73-I
AT1G61020,AT1G61020
AT1G61030,AT1G61030
VIP5,VIP5
AT1G61050,AT1G61050
AT1G61060,AT1G61060
AT1G61065,AT1G61065
PDF2.4,PDF2.4
AT1G61080,AT1G61080
AT1G61090,AT1G61090
AT1G61093,AT1G61093
AT1G61097,AT1G61097
AT1G61100,AT1G61100
AT1G61105,AT1G61105
NAC025,NAC025
AT1G08357,AT1G08357
GES,GES
SCPL32,SCPL32
EDA16,EDA16
GID8,GID8
AT1G61160,AT1G61160
AT1G61165,AT1G61165
AT1G61170,AT1G61170
AT1G61180,AT1G61180
AT1G61190,AT1G61190
AT1G61200,AT1G61200
AT1G61210,AT1G61210
BRD4,BRD4
MIR842A,MIR842A
MIR846A,MIR846A
AT1G61230,AT1G61230
AT1G08363,AT1G08363
AT1G61240,AT1G61240
SCAMP3,SCAMP3
AT1G61255,AT1G61255
AT1G61260,AT1G61260
AT1G61270,AT1G61270
U12,U12
AT1G61280,AT1G61280
SYP124,SYP124
AT1G08367,AT1G08367
AT1G61300,AT1G61300
AT1G08377,AT1G08377
AT1G61310,AT1G61310
AT1G61320,AT1G61320
AT1G08383,AT1G08383
AT1G61340,AT1G61340
AT1G61350,AT1G61350
AT1G61360,AT1G61360
AT1G61370,AT1G61370
SD129,SD129
AT1G61390,AT1G61390
AT1G61400,AT1G61400
AT1G61410,AT1G61410
AT1G61415,AT1G61415
AT1G61420,AT1G61420
AT1G08387,AT1G08387
AT1G61430,AT1G61430
AT1G61440,AT1G61440
AT1G61450,AT1G61450
AT1G61460,AT1G61460
CAF1-5,CAF1-5
AT1G61475,AT1G61475
AT1G61480,AT1G61480
AT1G61490,AT1G61490
AT1G61500,AT1G61500
LHCA3,LHCA3
AT1G61540,AT1G61540
AT1G61550,AT1G61550
MLO6,MLO6
AT1G61562,AT1G61562
AT1G61565,AT1G61565
RALFL9,RALFL9
TIM13,TIM13
AT1G61575,AT1G61575
ARP2,ARP2
PBL15,PBL15
AT1G08393,AT1G08393
AT1G61600,AT1G61600
AT1G61610,AT1G61610
CSU1,CSU1
AT1G08403,AT1G08403
AT1G08417,AT1G08417
ENT7,ENT7
AT1G61640,AT1G61640
BHLH112,BHLH112
AT1G61667,AT1G61667
AT1G61670,AT1G61670
AT1G08427,AT1G08427
TPS14,TPS14
AT1G61688,AT1G61688
AT1G61690,AT1G61690
NRPB10L,NRPB10L
AT1G61710,AT1G61710
BAN,BAN
AT1G61730,AT1G61730
MIR776A,MIR776A
AT1G61740,AT1G61740
CRRSP1,CRRSP1
AT1G61760,AT1G61760
C50,C50
AT1G61780,AT1G61780
OST3B,OST3B
RIC9,RIC9
GPT2,GPT2
BGLU45,BGLU45
AT1G08433,AT1G08433
AT1G08437,AT1G08437
BGLU46,BGLU46
AT1G61840,AT1G61840
AT1G61850,AT1G61850
AT1G61860,AT1G61860
PPR336,PPR336
AT1G61880,AT1G61880
AT1G08443,AT1G08443
DTX37,DTX37
AT1G61900,AT1G61900
AT1G61910,AT1G61910
AT1G61920,AT1G61920
AT1G61930,AT1G61930
TULP4,TULP4
CPK19,CPK19
AT1G61960,AT1G61960
AT1G61970,AT1G61970
AT1G61980,AT1G61980
AT1G61990,AT1G61990
AT1G62000,AT1G62000
AT1G08447,AT1G08447
AT1G62010,AT1G62010
AT1G08453,AT1G08453
AT1G62020,AT1G62020
AT1G62030,AT1G62030
MIR171C,MIR171C
ATG8C,ATG8C
AT1G62045,AT1G62045
AT1G62050,AT1G62050
AT1G62080,AT1G62080
AT1G08457,AT1G08457
AT1G08463,AT1G08463
AT1G62085,AT1G62085
AT1G62110,AT1G62110
AT1G62120,AT1G62120
AT1G62130,AT1G62130
AT1G62150,AT1G62150
AT1G62160,AT1G62160
AT1G62170,AT1G62170
APR2,APR2
AT1G08477,AT1G08477
FAD4L1,FAD4L1
AT1G62200,AT1G62200
AT1G62220,AT1G62220
AT1G08483,AT1G08483
AT1G62225,AT1G62225
AT1G62250,AT1G62250
AT1G62240,AT1G62240
PCMP-E10,PCMP-E10
SLAH4,SLAH4
AT1G08487,AT1G08487
AT1G62270,AT1G62270
SLAH1,SLAH1
APA2,APA2
WRKY6,WRKY6
AT1G08497,AT1G08497
AT1G62305,AT1G62305
AT1G08503,AT1G08503
AT1G08507,AT1G08507
AT1G62310,AT1G62310
AT1G08513,AT1G08513
AT1G62320,AT1G62320
OFUT15,OFUT15
AT1G62333,AT1G62333
SBT2.4,SBT2.4
AT1G62350,AT1G62350
MIR413,MIR413
STM,STM
AT1G08517,AT1G08517
AT1G62370,AT1G62370
AT1G08523,AT1G08523
ACO2,ACO2
Phox2,Phox2
HT1,HT1
AT1G62410,AT1G62410
AT1G62421,AT1G62421
AT1G62422,AT1G62422
AT1G62420,AT1G62420
CDS1,CDS1
LRX2,LRX2
AT1G62450,AT1G62450
AT1G62480,AT1G62480
AT1G62490,AT1G62490
AT1G62500,AT1G62500
AT1G62510,AT1G62510
AT1G62515,AT1G62515
AT1G62520,AT1G62520
AT1G62530,AT1G62530
FMO GS-OX2,FMO GS-OX2
FMOGS-OX3,FMOGS-OX3
FMOGS-OX4,FMOGS-OX4
AT1G62580,AT1G62580
AT1G08533,AT1G08533
AT1G62590,AT1G62590
AT1G08537,AT1G08537
AT1G08543,AT1G08543
AT1G62600,AT1G62600
AT1G62610,AT1G62610
AT1G08547,AT1G08547
AT1G62620,AT1G62620
AT1G62630,AT1G62630
KAS III,KAS III
BFRUCT3,BFRUCT3
RPF2,RPF2
AT1G62680,AT1G62680
AT1G62690,AT1G62690
NAC026,NAC026
AT1G08553,AT1G08553
bVPE,bVPE
AT1G62720,AT1G62720
AT1G08557,AT1G08557
AT1G62730,AT1G62730
HOP2.1,HOP2.1
CPEFG,CPEFG
PMEI10,PMEI10
PMEI9,PMEI9
AT1G62780,AT1G62780
AT1G62790,AT1G62790
AT1G08563,AT1G08563
ASP4,ASP4
AT1G08567,AT1G08567
AT1G62810,AT1G62810
AT1G08573,AT1G08573
CML14,CML14
LDL1,LDL1
AT1G62840,AT1G62840
AT1G08577,AT1G08577
AT1G62850,AT1G62850
AT1G62870,AT1G62870
AT1G62880,AT1G62880
AT1G62886,AT1G62886
AT1G62900,AT1G62900
AT1G62910,AT1G62910
AT1G62914,AT1G62914
AT1G62915,AT1G62915
AT1G62920,AT1G62920
AT1G62930,AT1G62930
AT1G62935,AT1G62935
AT1G08583,AT1G08583
AT1G62950,AT1G62950
ACS10,ACS10
AT1G62970,AT1G62970
BHLH125,BHLH125
AT1G62978,AT1G62978
EXPA18,EXPA18
AT1G62981,AT1G62981
KNAT7,KNAT7
NRS/ER,NRS/ER
MIR399B,MIR399B
AT1G63010,AT1G63010
NRPD1,NRPD1
DREB1E,DREB1E
LPLAT2,LPLAT2
AT1G63057,AT1G63057
AT1G63070,AT1G63070
AT1G63080,AT1G63080
PP2A11,PP2A11
SCL28,SCL28
AT1G63105,AT1G63105
AT1G63110,AT1G63110
RBL2,RBL2
AT1G63130,AT1G63130
AT1G08597,AT1G08597
AT1G08603,AT1G08603
AT1G63140,AT1G63140
AT1G63150,AT1G63150
RFC2,RFC2
AT1G63170,AT1G63170
UGE3,UGE3
AT1G63206,AT1G63206
AT1G63210,AT1G63210
AT1G63220,AT1G63220
AT1G63230,AT1G63230
AT1G63240,AT1G63240
CLE14,CLE14
RH48,RH48
TET10,TET10
ABCI1,ABCI1
AT1G63280,AT1G63280
AT1G63290,AT1G63290
AT1G63295,AT1G63295
AT1G63300,AT1G63300
AT1G63310,AT1G63310
AT1G63320,AT1G63320
AT1G63330,AT1G63330
AT1G63340,AT1G63340
AT1G63350,AT1G63350
AT1G08607,AT1G08607
AT1G63360,AT1G63360
AT1G63370,AT1G63370
AT1G63380,AT1G63380
AT1G63390,AT1G63390
AT1G63400,AT1G63400
AT1G63410,AT1G63410
AT1G63420,AT1G63420
AT1G63430,AT1G63430
HMA5,HMA5
GT16,GT16
GPX8,GPX8
AHL5,AHL5
AHL12,AHL12
AT1G63490,AT1G63490
BSK7,BSK7
AT1G63510,AT1G63510
AT1G63520,AT1G63520
AT1G63522,AT1G63522
AT1G63530,AT1G63530
AT1G63535,AT1G63535
AT1G63540,AT1G63540
CRRSP9,CRRSP9
AT1G63570,AT1G63570
CRRSP6,CRRSP6
CRRSP5,CRRSP5
AT1G63600,AT1G63600
AT1G63610,AT1G63610
AT1G63615,AT1G63615
AT1G63630,AT1G63630
AT1G63640,AT1G63640
BHLH2,BHLH2
AT1G63660,AT1G63660
AT1G63670,AT1G63670
ATMURE,ATMURE
SPPL2,SPPL2
YDA,YDA
CYP86A7,CYP86A7
AT1G63720,AT1G63720
AT1G08623,AT1G08623
AT1G08627,AT1G08627
AT1G63730,AT1G63730
AT1G63740,AT1G63740
AT1G63750,AT1G63750
AT1G63770,AT1G63770
AT1G08633,AT1G08633
IMP4,IMP4
AT1G63790,AT1G63790
UBC5,UBC5
AT1G63810,AT1G63810
AT1G63820,AT1G63820
AT1G63830,AT1G63830
AT1G63840,AT1G63840
AT1G08637,AT1G08637
AT1G63850,AT1G63850
AT1G63855,AT1G63855
AT1G08643,AT1G08643
AT1G63860,AT1G63860
AT1G63870,AT1G63870
RLM1B,RLM1B
SP1,SP1
AtMYB103,AtMYB103
ROH1,ROH1
MDAR5,MDAR5
AT1G63950,AT1G63950
AT1G63960,AT1G63960
ISPF,ISPF
AT1G63980,AT1G63980
AT1G08647,AT1G08647
SPO11-2,SPO11-2
WRKY56,WRKY56
AT1G64010,AT1G64010
AT1G64020,AT1G64020
TOPP3,TOPP3
AT1G64050,AT1G64050
RBOHF,RBOHF
AT1G64065,AT1G64065
RLM1A,RLM1A
MAKR2,MAKR2
RTNLB3,RTNLB3
AT1G64100,AT1G64100
ANAC027,ANAC027
AT1G64107,AT1G64107
AT1G64110,AT1G64110
AT1G64120,AT1G64120
AT1G64130,AT1G64130
AT1G64140,AT1G64140
AT1G08653,AT1G08653
PAM71,PAM71
DIR5,DIR5
CHX16,CHX16
AT1G64180,AT1G64180
AT1G64185,AT1G64185
PGD1,PGD1
AT1G08657,AT1G08657
AT1G64195,AT1G64195
VHA-E3,VHA-E3
AT1G64210,AT1G64210
TOM7-2,TOM7-2
UBC28,UBC28
AT1G64235,AT1G64235
AT1G64253,AT1G64253
AT1G08663,AT1G08663
AT1G64255,AT1G64255
AT1G64260,AT1G64260
NPR1,NPR1
AT1G08667,AT1G08667
AT1G64290,AT1G64290
AT1G64295,AT1G64295
AT1G64300,AT1G64300
PCMP-E65,PCMP-E65
AT1G64320,AT1G64320
AT1G64330,AT1G64330
AT1G64340,AT1G64340
SEH1,SEH1
AT1G64355,AT1G64355
AT1G64360,AT1G64360
AT1G64370,AT1G64370
ERF061,ERF061
AT1G64385,AT1G64385
AtGH9C2,AtGH9C2
LACS3,LACS3
AT1G64405,AT1G64405
AT1G64420,AT1G64420
AT1G64430,AT1G64430
UGE4,UGE4
AT1G64450,AT1G64450
AT1G64455,AT1G64455
AT1G64460,AT1G64460
CBL8,CBL8
AT1G08677,AT1G08677
AT1G64490,AT1G64490
AT1G64500,AT1G64500
AT1G64510,AT1G64510
RPN12A,RPN12A
NLP6,NLP6
AT1G08697,AT1G08697
AT1G08703,AT1G08703
AT1G64540,AT1G64540
ABCF3,ABCF3
AT1G64561,AT1G64561
AT1G08707,AT1G08707
AT1G64563,AT1G64563
AT1G08713,AT1G08713
DUO3,DUO3
AT1G64572,AT1G64572
AT1G64580,AT1G64580
AT1G64583,AT1G64583
AT1G64584,AT1G64584
AT1G64590,AT1G64590
AT1G64600,AT1G64600
AT1G64610,AT1G64610
AT1G64618,AT1G64618
DOF1.8,DOF1.8
AT1G08717,AT1G08717
BHLH157,BHLH157
AT1G08723,AT1G08723
WNK10,WNK10
ENODL8,ENODL8
AT1G64650,AT1G64650
MGL,MGL
BDG1,BDG1
AT1G64680,AT1G64680
BLT,BLT
AT1G64700,AT1G64700
AT1G64710,AT1G64710
CP5,CP5
TUBA1,TUBA1
AT1G08727,AT1G08727
ATDSS1(I),ATDSS1(I)
AT1G64760,AT1G64760
NDF2,NDF2
AMT1-2,AMT1-2
ILA,ILA
AT1G64795,AT1G64795
AT1G64800,AT1G64800
APO1,APO1
DTX7,DTX7
AT1G64830,AT1G64830
AT1G64840,AT1G64840
AT1G64850,AT1G64850
SIGA,SIGA
AT1G64870,AT1G64870
AT1G64880,AT1G64880
AT1G64890,AT1G64890
CYP89A2,CYP89A2
UGT79B10,UGT79B10
UGT79B11,UGT79B11
CYP89A7,CYP89A7
CYP89A6,CYP89A6
CYP89A5,CYP89A5
AT1G64960,AT1G64960
VTE4,VTE4
AT1G08733,AT1G08733
AT1G64980,AT1G64980
GTG1,GTG1
AT1G65000,AT1G65000
AT1G65010,AT1G65010
AT1G65020,AT1G65020
AT1G65030,AT1G65030
AT1G65032,AT1G65032
HRD1B,HRD1B
AT1G65050,AT1G65050
4CL3,4CL3
AT1G65070,AT1G65070
ALB3L2,ALB3L2
AT1G65090,AT1G65090
AT1G65110,AT1G65110
AT1G65120,AT1G65120
AT1G65130,AT1G65130
AT1G65140,AT1G65140
AT1G65150,AT1G65150
AT1G65170,AT1G65170
AT1G65180,AT1G65180
AT1G65190,AT1G65190
AT1G65200,AT1G65200
AT1G08743,AT1G08743
AT1G65210,AT1G65210
AT1G65220,AT1G65220
AT1G65230,AT1G65230
AT1G08747,AT1G08747
AT1G65240,AT1G65240
AT1G65250,AT1G65250
VIPP1,VIPP1
AT1G65270,AT1G65270
AT1G65280,AT1G65280
MTACP2,MTACP2
AT1G65295,AT1G65295
PHE2,PHE2
ATXTH17,ATXTH17
CBSX6,CBSX6
PHE1,PHE1
UBQ13,UBQ13
AT1G65346,AT1G65346
AT1G65352,AT1G65352
AGL23,AGL23
AT1G65370,AT1G65370
CLV2,CLV2
PP2A5,PP2A5
TGD3,TGD3
NPQ7,NPQ7
AT1G08753,AT1G08753
AT1G65425,AT1G65425
ARI8,ARI8
SPT6,SPT6
AT1G65450,AT1G65450
FAS1,FAS1
FT,FT
AT1G08757,AT1G08757
AT1G65481,AT1G65481
AT1G65483,AT1G65483
AT1G08763,AT1G08763
AT1G65484,AT1G65484
AT1G65486,AT1G65486
AT1G65490,AT1G65490
AT1G65500,AT1G65500
AT1G65510,AT1G65510
ECI1,ECI1
AT1G65540,AT1G65540
AT1G65541,AT1G65541
NAT10,NAT10
AT1G65560,AT1G65560
AT1G65570,AT1G65570
AT1G08767,AT1G08767
IP5P15,IP5P15
HEXO3,HEXO3
KOR2,KOR2
AS2,AS2
DEGP3,DEGP3
DEGP4,DEGP4
UCH2,UCH2
SMP1,SMP1
CYP702A1,CYP702A1
EXPB2,EXPB2
EXPB6,EXPB6
NHL6,NHL6
AT1G65700,AT1G65700
AT1G65710,AT1G65710
AT1G65720,AT1G65720
YSL7,YSL7
AT1G65735,AT1G65735
AT1G65760,AT1G65760
AT1G65780,AT1G65780
SD17,SD17
AT1G08777,AT1G08777
SD16,SD16
AT1G65810,AT1G65810
AT1G65820,AT1G65820
AT1G65830,AT1G65830
PAO4,PAO4
AT1G65845,AT1G65845
AT1G65850,AT1G65850
FMOGS-OX1,FMOGS-OX1
DIR21,DIR21
AAE20,AAE20
AAE12,AAE12
AT1G65900,AT1G65900
anac028,anac028
AT1G65920,AT1G65920
CICDH,CICDH
AT1G08783,AT1G08783
AT1G08787,AT1G08787
AT1G65950,AT1G65950
GAD2,GAD2
AT1G08797,AT1G08797
PRXIIC,PRXIIC
AT1G08803,AT1G08803
PRXIIB,PRXIIB
AT1G65985,AT1G65985
PRXIIA,PRXIIA
AT1G66000,AT1G66000
AT1G08807,AT1G08807
TPS26,TPS26
CYP96A14P,CYP96A14P
ORTH4,ORTH4
ORTH5,ORTH5
AT1G66060,AT1G66060
AT1G66070,AT1G66070
AT1G66080,AT1G66080
AT1G66090,AT1G66090
AT1G08813,AT1G08813
AT1G66100,AT1G66100
AT1G66110,AT1G66110
AAE11,AAE11
AT1G66130,AT1G66130
ZFP4,ZFP4
CLE18,CLE18
TMK1,TMK1
PUB20,PUB20
MMD1,MMD1
AT1G66173,AT1G66173
AT1G66180,AT1G66180
AT1G66190,AT1G66190
ATGSR2,ATGSR2
AT1G08817,AT1G08817
MYB20,MYB20
AT1G66235,AT1G66235
ATX1,ATX1
AT1G66245,AT1G66245
AT1G66250,AT1G66250
ALY3,ALY3
BGLU21,BGLU21
BGLU22,BGLU22
AT1G08827,AT1G08827
AT1G66290,AT1G66290
AT1G66300,AT1G66300
AT1G08833,AT1G08833
AT1G66310,AT1G66310
AT1G66320,AT1G66320
AAF,AAF
ETR1,ETR1
AT1G66345,AT1G66345
RGL1,RGL1
CAR2,CAR2
MYB113,MYB113
MYB114,MYB114
MYB90,MYB90
CML23,CML23
CAM4,CAM4
AT1G66420,AT1G66420
AT1G66430,AT1G66430
AT1G66440,AT1G66440
AT1G66450,AT1G66450
AT1G66465,AT1G66465
AT1G66460,AT1G66460
BHLH83,BHLH83
AT1G66480,AT1G66480
AT1G66490,AT1G66490
PCFS1,PCFS1
AT1G66510,AT1G66510
pde194,pde194
AT1G66530,AT1G66530
AT1G66540,AT1G66540
WRKY67,WRKY67
WRKY64,WRKY64
SUC7,SUC7
RPL10C,RPL10C
ATCOX19-1,ATCOX19-1
WRKY63,WRKY63
AT1G66610,AT1G66610
AT1G66620,AT1G66620
AT1G66650,AT1G66650
AT1G66660,AT1G66660
CLPP3,CLPP3
AR401,AR401
AT1G66690,AT1G66690
PXMT1,PXMT1
AT1G66720,AT1G66720
MIR163,MIR163
LIG6,LIG6
ASF1A,ASF1A
CDKD-2,CDKD-2
DTX9,DTX9
SWEET6,SWEET6
DTX8,DTX8
AT1G08847,AT1G08847
MIR157A,MIR157A
MIR157B,MIR157B
AT1G66800,AT1G66800
AT1G66810,AT1G66810
AT1G66820,AT1G66820
AT1G66830,AT1G66830
PMI2,PMI2
AT1G66850,AT1G66850
AT1G66852,AT1G66852
AT1G66855,AT1G66855
AT1G66860,AT1G66860
AT1G66870,AT1G66870
AT1G08853,AT1G08853
AT1G66880,AT1G66880
AT1G08857,AT1G08857
AT1G66890,AT1G66890
AT1G66900,AT1G66900
LRK10L-2.5,LRK10L-2.5
AT1G08863,AT1G08863
LRK10L-2.4,LRK10L-2.4
AT1G08867,AT1G08867
LRK10L-2.7,LRK10L-2.7
AT1G66940,AT1G66940
ABCG39,ABCG39
AT1G66960,AT1G66960
SVL2,SVL2
SNC4,SNC4
LRK10L-2.8,LRK10L-2.8
AT1G67020,AT1G67020
AT1G67025,AT1G67025
ZFP6,ZFP6
AT1G08877,AT1G08877
AT1G67035,AT1G67035
AT1G67040,AT1G67040
AT1G08883,AT1G08883
AT1G08887,AT1G08887
AT1G67050,AT1G67050
AT1G08893,AT1G08893
AT1G08897,AT1G08897
AT1G67060,AT1G67060
PMI2.1,PMI2.1
ABA4,ABA4
RBCS-1A,RBCS-1A
LBD40,LBD40
AT1G67105,AT1G67105
CYP735A2,CYP735A2
MDN1,MDN1
AT1G67130,AT1G67130
SWEETIE,SWEETIE
AT1G67148,AT1G67148
AT1G67150,AT1G67150
KIB3,KIB3
FLXL2,FLXL2
AT1G67180,AT1G67180
AT1G67190,AT1G67190
MIR414,MIR414
AT1G08907,AT1G08907
AT1G67210,AT1G67210
AT1G08913,AT1G08913
HAC2,HAC2
CRWN1,CRWN1
AT1G67238,AT1G67238
AT1G67235,AT1G67235
AT1G67250,AT1G67250
TCP1,TCP1
AT1G08923,AT1G08923
DVL3,DVL3
AT1G67270,AT1G67270
AT1G67280,AT1G67280
GLOX1,GLOX1
AT1G67300,AT1G67300
CAMTA4,CAMTA4
AT1G67320,AT1G67320
AT1G67325,AT1G67325
AT1G67330,AT1G67330
AT1G67328,AT1G67328
AT1G08927,AT1G08927
AT1G08933,AT1G08933
AT1G67340,AT1G67340
AT1G67350,AT1G67350
AT1G67360,AT1G67360
AT1G67365,AT1G67365
ASY1,ASY1
AT1G67390,AT1G67390
AT1G67400,AT1G67400
AT1G67410,AT1G67410
AT1G67420,AT1G67420
RPL17B,RPL17B
AT1G08937,AT1G08937
emb1688,emb1688
AT1G67450,AT1G67450
AT1G67455,AT1G67455
AT1G67460,AT1G67460
AT1G67470,AT1G67470
AT1G67480,AT1G67480
MIR839A,MIR839A
GCS1,GCS1
REV3,REV3
AT1G67510,AT1G67510
AT1G67520,AT1G67520
PUB7,PUB7
AT1G67540,AT1G67540
URE,URE
LOX6,LOX6
AT1G67570,AT1G67570
AT1G67580,AT1G67580
AT1G67590,AT1G67590
AT1G67600,AT1G67600
AT1G08947,AT1G08947
AT1G67620,AT1G67620
AT1G67623,AT1G67623
POLA2,POLA2
AT1G67635,AT1G67635
AT1G67640,AT1G67640
AT1G67650,AT1G67650
AT1G67660,AT1G67660
AT1G67670,AT1G67670
AT1G67680,AT1G67680
AT1G67690,AT1G67690
HHL1,HHL1
ARR11,ARR11
AT1G08953,AT1G08953
AT1G67720,AT1G67720
KCR1,KCR1
PSBY,PSBY
AT1G67750,AT1G67750
AT1G67760,AT1G67760
TEL2,TEL2
AT1G67780,AT1G67780
AT1G67785,AT1G67785
AT1G67792,AT1G67792
SEOC,SEOC
AT1G67800,AT1G67800
SUFE2,SUFE2
AT1G67820,AT1G67820
FXG1,FXG1
CSK,CSK
AT1G67850,AT1G67850
AT1G67855,AT1G67855
AT1G67856,AT1G67856
AT1G67860,AT1G67860
AT1G67865,AT1G67865
AT1G67870,AT1G67870
AT1G67880,AT1G67880
AT1G67890,AT1G67890
AT1G67900,AT1G67900
AT1G67910,AT1G67910
AT1G67920,AT1G67920
AT1G67930,AT1G67930
ABCI17,ABCI17
AT1G67950,AT1G67950
AT1G08963,AT1G08963
POD1,POD1
HSFA8,HSFA8
CCOAMT,CCOAMT
TSM1,TSM1
PIS1,PIS1
HPR,HPR
TPS6,TPS6
AT1G68030,AT1G68030
AT1G68040,AT1G68040
ADO3,ADO3
MAP70.1,MAP70.1
AT1G68070,AT1G68070
AT1G68080,AT1G68080
ANN5,ANN5
IAR1,IAR1
AT1G68110,AT1G68110
BPC3,BPC3
IDD14,IDD14
AT1G08967,AT1G08967
AT1G68140,AT1G68140
WRKY9,WRKY9
AT1G68160,AT1G68160
AT1G68170,AT1G68170
AT1G68180,AT1G68180
AT1G68185,AT1G68185
AT1G68190,AT1G68190
AT1G68200,AT1G68200
APRR6,APRR6
AT1G68220,AT1G68220
RTNLB14,RTNLB14
AT1G68238,AT1G68238
BHLH109,BHLH109
AT1G68250,AT1G68250
ALT3,ALT3
AT1G68280,AT1G68280
AT1G08973,AT1G08973
ENDO2,ENDO2
AT1G68300,AT1G68300
AE7,AE7
MYB62,MYB62
AT1G68325,AT1G68325
AT1G68330,AT1G68330
AT1G08977,AT1G08977
AT1G68340,AT1G68340
AT1G68350,AT1G68350
AT1G08983,AT1G08983
GIS3,GIS3
ATJ15,ATJ15
AT1G68380,AT1G68380
AT1G68390,AT1G68390
AT1G68400,AT1G68400
AT1G08987,AT1G08987
AT1G68410,AT1G68410
AT1G68420,AT1G68420
AT1G68430,AT1G68430
AT1G68440,AT1G68440
VQ8,VQ8
IPT1,IPT1
GT17,GT17
JAG,JAG
AT1G68490,AT1G68490
AT1G68500,AT1G68500
LBD42,LBD42
COL6,COL6
AT1G68526,AT1G68526
CUT1,CUT1
TKPR2,TKPR2
ERF118,ERF118
XYL1,XYL1
AT1G08993,AT1G08993
NPF3.1,NPF3.1
AT1G68568,AT1G68568
AT1G08997,AT1G08997
AT1G68580,AT1G68580
AT1G68585,AT1G68585
AT1G68590,AT1G68590
ALMT5,ALMT5
PCR11,PCR11
CXE6,CXE6
PCR12,PCR12
PAN,PAN
AT1G09003,AT1G09003
AT1G68650,AT1G68650
CPLS1,CPLS1
HHO2,HHO2
AT1G68680,AT1G68680
AT1G09007,AT1G09007
PERK9,PERK9
AT1G68700,AT1G68700
AT1G68710,AT1G68710
TADA,TADA
AT1G68723,AT1G68723
AGP19,AGP19
AT1G68730,AT1G68730
PHO1-H1,PHO1-H1
PPC4,PPC4
NUDT1,NUDT1
IDA,IDA
AT1G68780,AT1G68780
CRWN3,CRWN3
CLE12,CLE12
BRC2,BRC2
AT1G09013,AT1G09013
BHLH30,BHLH30
AT1G68820,AT1G68820
DVL5,DVL5
STN7,STN7
RAV2,RAV2
AT1G68845,AT1G68845
PER11,PER11
AT1G68860,AT1G68860
AT1G68862,AT1G68862
ATSOFL2,ATSOFL2
AT1G68872,AT1G68872
AT1G68875,AT1G68875
AT1G09017,AT1G09017
BZIP8,BZIP8
PHYLLO,PHYLLO
AT1G68905,AT1G68905
AT1G68907,AT1G68907
WIT2,WIT2
BHLH49,BHLH49
PCMP-H22,PCMP-H22
AT1G09023,AT1G09023
AT1G68940,AT1G68940
AT1G68937,AT1G68937
AT1G68945,AT1G68945
AT1G09027,AT1G09027
AT1G68950,AT1G68950
AT1G68980,AT1G68980
MGP3,MGP3
BIM2,BIM2
AT1G69020,AT1G69020
AT1G69030,AT1G69030
AT1G09033,AT1G09033
AT1G09037,AT1G09037
ACR4,ACR4
AT1G69050,AT1G69050
AT1G69060,AT1G69060
AT1G69070,AT1G69070
AT1G69080,AT1G69080
AT1G69085,AT1G69085
AP1,AP1
AT1G69130,AT1G69130
AT1G69150,AT1G69150
AT1G09043,AT1G09043
AT1G09047,AT1G09047
AT1G69160,AT1G69160
SPL6,SPL6
CRC,CRC
CytHPPK/DHPS,CytHPPK/DHPS
FLN2,FLN2
AT1G69210,AT1G69210
SIK1,SIK1
SP1L2,SP1L2
MES15,MES15
AT1G69250,AT1G69250
AT1G69252,AT1G69252
AFP1,AFP1
RPK1,RPK1
AT1G09053,AT1G09053
AT1G69280,AT1G69280
AT1G69290,AT1G69290
AT1G69300,AT1G69300
PDCB4,PDCB4
WRKY57,WRKY57
CLE10,CLE10
AT1G69325,AT1G69325
AT1G69330,AT1G69330
AT1G69340,AT1G69340
PCMP-E66,PCMP-E66
AT1G69360,AT1G69360
CM3,CM3
AT1G69380,AT1G69380
MINE1,MINE1
BUB3.3,BUB3.3
ELF5A-3,ELF5A-3
PAT22,PAT22
AT1G69430,AT1G69430
AGO7,AGO7
AT1G69450,AT1G69450
AT1G09057,AT1G09057
AT1G69460,AT1G69460
PHO1-H10,PHO1-H10
AT1G69485,AT1G69485
NAC029,NAC029
CYP704B1,CYP704B1
AT1G69510,AT1G69510
AT1G69520,AT1G69520
AT1G69523,AT1G69523
AT1G69526,AT1G69526
AT1G09063,AT1G09063
ATEXPA1,ATEXPA1
AGL94,AGL94
AT1G69550,AT1G69550
AT1G09067,AT1G09067
MYB105,MYB105
CDF5,CDF5
AT1G69572,AT1G69572
AT1G69580,AT1G69580
AT1G69587,AT1G69587
CLE45,CLE45
ZHD11,ZHD11
AT1G09077,AT1G09077
AT1G69610,AT1G69610
RPL34B,RPL34B
AT1G09083,AT1G09083
AT1G09087,AT1G09087
FBL13,FBL13
SBH1,SBH1
AT1G69650,AT1G69650
AT1G69660,AT1G69660
CUL3B,CUL3B
AT1G69680,AT1G69680
AT1G09097,AT1G09097
AT1G09103,AT1G09103
TCP15,TCP15
HVA22C,HVA22C
AT1G69710,AT1G69710
HO3,HO3
WAKL9,WAKL9
HEMB1,HEMB1
COX19-2,COX19-2
AT1G69760,AT1G69760
CMT3,CMT3
ATHB-13,ATHB-13
PBL18,PBL18
MIR395D,MIR395D
AT1G09107,AT1G09107
AT1G09113,AT1G09113
MIR395E,MIR395E
MIR395F,MIR395F
AT1G69800,AT1G69800
WRKY36,WRKY36
AT1G69828,AT1G69828
AMY3,AMY3
HIR2,HIR2
NPF4.6,NPF4.6
AT1G09123,AT1G09123
NPF2.14,NPF2.14
NPF2.13,NPF2.13
TRX8,TRX8
AT1G69890,AT1G69890
AT1G69900,AT1G69900
LRK10L-1.5,LRK10L-1.5
GSTU12,GSTU12
GSTU11,GSTU11
SHW1,SHW1
PPME1,PPME1
PP2A5.1,PP2A5.1
CLE26,CLE26
AT1G09127,AT1G09127
AT1G69980,AT1G69980
AT1G69990,AT1G69990
AT1G70000,AT1G70000
AT1G70020,AT1G70020
AT1G70030,AT1G70030
AT1G70040,AT1G70040
AT1G70050,AT1G70050
AT1G09133,AT1G09133
SNL4,SNL4
ISE2,ISE2
TPS06,TPS06
GATL9,GATL9
AT1G70100,AT1G70100
LECRK51,LECRK51
AT1G70120,AT1G70120
LECRK52,LECRK52
FH8,FH8
AT1G70150,AT1G70150
AT1G70160,AT1G70160
2MMP,2MMP
AT1G70175,AT1G70175
AT1G09137,AT1G09137
AT1G70180,AT1G70180
AT1G70185,AT1G70185
AT1G70190,AT1G70190
AT1G70200,AT1G70200
AT1G09143,AT1G09143
CYCD1-1,CYCD1-1
AT1G70209,AT1G70209
AT1G09147,AT1G09147
AT1G09153,AT1G09153
AT1G70220,AT1G70220
AXY4,AXY4
AT1G70250,AT1G70250
AT1G70260,AT1G70260
AT1G70270,AT1G70270
AT1G70280,AT1G70280
TPS8,TPS8
POT6,POT6
SPDSYN2,SPDSYN2
AT1G09163,AT1G09163
UPL2,UPL2
ENT1,ENT1
AT1G70335,AT1G70335
AT1G70340,AT1G70340
AT1G09167,AT1G09167
AT1G70350,AT1G70350
AT1G70360,AT1G70360
PGL3,PGL3
AT1G70380,AT1G70380
AT1G70390,AT1G70390
AT1G70400,AT1G70400
BCA4,BCA4
AT1G70420,AT1G70420
AT1G09173,AT1G09173
AT1G09183,AT1G09183
AT1G70430,AT1G70430
SRO3,SRO3
AT1G70450,AT1G70450
PERK13,PERK13
AT1G70470,AT1G70470
AT1G70475,AT1G70475
AT1G70480,AT1G70480
ARF2-A.1,ARF2-A.1
AT1G70500,AT1G70500
AT1G09187,AT1G09187
AT1G70505,AT1G70505
KNAT2,KNAT2
AT1G70518,AT1G70518
CRK2,CRK2
CRK3,CRK3
EDA24,EDA24
AT1G70550,AT1G70550
TAA1,TAA1
AT1G70570,AT1G70570
GGAT2,GGAT2
AT1G70581,AT1G70581
AT1G70590,AT1G70590
RPL27AC,RPL27AC
ABCB26,ABCB26
AT1G70620,AT1G70620
AT1G70630,AT1G70630
AT1G70640,AT1G70640
MIR777A,MIR777A
AT1G70650,AT1G70650
UEV1B,UEV1B
PXG4,PXG4
PXG5,PXG5
CRRSP2,CRRSP2
JAZ9,JAZ9
CEL1,CEL1
AT1G70720,AT1G70720
PGM2,PGM2
AT1G70740,AT1G70740
MYOB2,MYOB2
AT1G09193,AT1G09193
ndhL,ndhL
AT1G70770,AT1G70770
AT1G70780,AT1G70780
AT1G09197,AT1G09197
CAR9,CAR9
CAR6,CAR6
CAR7,CAR7
AT1G70820,AT1G70820
MLP28,MLP28
MLP31,MLP31
MLP34,MLP34
AT1G70860,AT1G70860
AT1G70870,AT1G70870
AT1G70880,AT1G70880
MLP43,MLP43
CLE17,CLE17
AT1G70900,AT1G70900
DEP,DEP
ATHB-X,ATHB-X
PIN3,PIN3
AT1G70944,AT1G70944
AT1G70949,AT1G70949
WDL7,WDL7
AT1G70960,AT1G70960
AT1G70970,AT1G70970
SYNC3,SYNC3
AT1G70985,AT1G70985
AT1G70990,AT1G70990
AT1G71000,AT1G71000
AT1G09207,AT1G09207
AT1G09213,AT1G09213
MIR858A,MIR858A
FAB1C,FAB1C
AT1G71015,AT1G71015
PUB10,PUB10
AT1G09217,AT1G09217
ATMYBL2,ATMYBL2
LPR2,LPR2
HIPP20,HIPP20
AT1G71060,AT1G71060
AT1G71070,AT1G71070
AT1G71080,AT1G71080
PILS2,PILS2
RPI1,RPI1
AT1G71110,AT1G71110
GLIP6,GLIP6
ERF070,ERF070
DTX14,DTX14
AT1G71150,AT1G71150
KCS7,KCS7
AT1G71170,AT1G71170
AT1G71180,AT1G71180
SAG18,SAG18
AT1G71200,AT1G71200
AT1G71210,AT1G71210
EBS1,EBS1
CSN5B,CSN5B
AT1G71235,AT1G71235
AT1G71240,AT1G71240
AT1G71250,AT1G71250
WHY2,WHY2
AT1G09223,AT1G09223
VPS52,VPS52
RH55,RH55
AT1G71290,AT1G71290
AT1G09227,AT1G09227
AT1G71300,AT1G71300
RAD52-1,RAD52-1
AT1G09233,AT1G09233
AT1G71320,AT1G71320
NAP5,NAP5
GDPD4,GDPD4
AT1G71350,AT1G71350
AT1G71360,AT1G71360
RH49,RH49
CEL3,CEL3
AT1G09243,AT1G09243
AtRLP11,AtRLP11
RLP12,RLP12
AT1G71410,AT1G71410
PCMP-H70,PCMP-H70
AT1G09247,AT1G09247
AT1G71430,AT1G71430
TFCE,TFCE
ERF021,ERF021
PCMP-A3,PCMP-A3
AT1G71470,AT1G71470
AT1G71480,AT1G71480
AT1G09253,AT1G09253
PCMP-E67,PCMP-E67
AT1G09257,AT1G09257
AT1G71500,AT1G71500
ERF020,ERF020
AT1G71528,AT1G71528
AT1G71530,AT1G71530
AT1G71680,AT1G71680
AT1G71690,AT1G71690
AT1G71691,AT1G71691
AGL12,AGL12
PER12,PER12
SOL1,SOL1
CK1,CK1
IP5P3,IP5P3
AT1G09263,AT1G09263
AT1G71720,AT1G71720
AT1G71730,AT1G71730
AT1G71740,AT1G71740
HGPT,HGPT
AT1G71760,AT1G71760
PAB5,PAB5
AT1G71780,AT1G71780
AT1G71790,AT1G71790
CSTF64,CSTF64
AT1G71810,AT1G71810
SEC6,SEC6
AT1G71828,AT1G71828
SERK1,SERK1
AT1G71840,AT1G71840
AT1G71850,AT1G71850
PTP1,PTP1
AT1G71865,AT1G71865
AT1G09267,AT1G09267
EPFL7,EPFL7
DTX54,DTX54
AT1G09273,AT1G09273
SUC1,SUC1
SUC5,SUC5
AT1G71900,AT1G71900
AT1G71910,AT1G71910
HISN6A,HISN6A
AT1G09283,AT1G09283
NAC030,NAC030
AT1G71940,AT1G71940
AT1G71950,AT1G71950
AT1G09287,AT1G09287
ABCG25,ABCG25
AT1G09293,AT1G09293
AT1G71970,AT1G71970
RMR2,RMR2
FUT13,FUT13
INVF,INVF
TCP22,TCP22
AT1G72020,AT1G72020
AT1G72030,AT1G72030
AT1G72040,AT1G72040
TFIIIA,TFIIIA
AT1G72060,AT1G72060
AT1G72070,AT1G72070
AT1G09297,AT1G09297
AT1G72080,AT1G72080
AT1G09303,AT1G09303
AT1G72090,AT1G72090
AT1G72100,AT1G72100
AT1G72110,AT1G72110
NPF5.14,NPF5.14
NPF5.13,NPF5.13
NPF5.11,NPF5.11
NPF5.12,NPF5.12
PATL1,PATL1
PATL3,PATL3
AT1G72170,AT1G72170
AT1G72175,AT1G72175
CEPR2,CEPR2
AT1G72190,AT1G72190
ATL11,ATL11
BHLH96,BHLH96
ATL54,ATL54
AT1G72230,AT1G72230
AT1G72240,AT1G72240
AT1G72250,AT1G72250
THI2.1,THI2.1
AT1G72270,AT1G72270
AT1G72275,AT1G72275
AERO1,AERO1
WSCP,WSCP
PSY1R,PSY1R
ATL3,ATL3
APUM23,APUM23
ALAAT2,ALAAT2
AT1G72340,AT1G72340
AT1G72350,AT1G72350
HRE1,HRE1
RPSAA,RPSAA
PHL,PHL
AT1G72410,AT1G72410
AT1G72416,AT1G72416
AT1G72420,AT1G72420
SAUR78,SAUR78
EDA25,EDA25
TIFY11B,TIFY11B
AT1G09307,AT1G09307
AT1G72460,AT1G72460
ATEXO70D1,ATEXO70D1
AT1G72480,AT1G72480
AT1G72490,AT1G72490
AT1G72500,AT1G72500
AT1G72510,AT1G72510
LOX4,LOX4
AT1G72530,AT1G72530
AT1G09317,AT1G09317
AT1G72540,AT1G72540
AT1G72545,AT1G72545
AT1G72550,AT1G72550
PSD,PSD
AT1G09323,AT1G09323
AIL1,AIL1
AT1G72580,AT1G72580
PPRD1,PPRD1
AT1G72600,AT1G72600
AT1G09327,AT1G09327
GLP1.1,GLP1.1
AT1G72620,AT1G72620
EFL2,EFL2
AT1G72640,AT1G72640
AT1G72645,AT1G72645
TRFL6,TRFL6
DRG2,DRG2
iqd8,iqd8
CAD1.1,CAD1.1
AT1G72690,AT1G72690
AT1G09337,AT1G09337
ALA5,ALA5
CKL2,CKL2
AT1G72720,AT1G72720
TIF4A-3,TIF4A-3
AT1G72740,AT1G72740
TIM23-2,TIM23-2
AT1G72755,AT1G72755
AT1G72760,AT1G72760
HAB1,HAB1
AT1G72780,AT1G72780
AT1G72790,AT1G72790
AT1G72800,AT1G72800
TS2,TS2
AT1G72820,AT1G72820
HAP2C,HAP2C
AT1G72840,AT1G72840
AT1G72850,AT1G72850
AT1G72852,AT1G72852
AT1G72855,AT1G72855
AT1G72860,AT1G72860
AT1G72870,AT1G72870
AT1G72880,AT1G72880
AT1G72890,AT1G72890
AT1G72900,AT1G72900
AT1G72910,AT1G72910
AT1G09343,AT1G09343
AT1G72920,AT1G72920
TIR,TIR
AT1G09353,AT1G09353
AT1G72940,AT1G72940
AT1G09357,AT1G09357
AT1G72950,AT1G72950
AT1G72960,AT1G72960
HTH,HTH
LBD7,LBD7
BGAL17,BGAL17
PYL3,PYL3
PS2,PS2
AT1G73020,AT1G73020
CHMP1B,CHMP1B
AT1G09363,AT1G09363
JAL19,JAL19
AT1G73050,AT1G73050
LPA3,LPA3
AT1G73065,AT1G73065
AT1G73066,AT1G73066
PEPR1,PEPR1
AT1G73090,AT1G73090
SUVH3,SUVH3
AT1G09367,AT1G09367
AT1G73110,AT1G73110
AT1G73120,AT1G73120
AT1G73130,AT1G73130
TBL31,TBL31
GTE3,GTE3
AT1G73160,AT1G73160
CLE1,CLE1
AT1G73170,AT1G73170
APC13,APC13
AT1G73180,AT1G73180
TIP3-1,TIP3-1
AT1G73200,AT1G73200
AT1G73210,AT1G73210
OCT1,OCT1
AT1G73230,AT1G73230
AT1G73240,AT1G73240
GER1,GER1
KTI1,KTI1
SCPL6,SCPL6
SCPL3,SCPL3
SCPL5,SCPL5
SCPL2,SCPL2
SCPL4,SCPL4
AT1G73320,AT1G73320
AT1G73325,AT1G73325
ATDR4,ATDR4
AT1G73340,AT1G73340
AT1G73350,AT1G73350
AT1G09377,AT1G09377
HDG11,HDG11
SUS6,SUS6
AT1G73380,AT1G73380
AT1G73390,AT1G73390
AT1G73400,AT1G73400
ATMYB54,ATMYB54
AT1G73430,AT1G73430
AT1G73440,AT1G73440
AT1G09383,AT1G09383
AT1G73450,AT1G73450
AT1G73460,AT1G73460
AT1G73470,AT1G73470
AT1G73480,AT1G73480
AT1G73490,AT1G73490
MKK9,MKK9
AT1G09387,AT1G09387
AT1G73510,AT1G73510
ORRM6,ORRM6
NUDT21,NUDT21
AT1G73550,AT1G73550
AT1G73560,AT1G73560
AT1G73570,AT1G73570
CAR3,CAR3
AT1G09393,AT1G09393
AT1G09397,AT1G09397
PIN1,PIN1
AT1G73600,AT1G73600
LCR64,LCR64
LCR65,LCR65
AT1G73610,AT1G73610
AT1G73620,AT1G73620
CML26,CML26
RABA6A,RABA6A
AT1G73650,AT1G73650
FKBP17-3,FKBP17-3
SIS8,SIS8
MPK15,MPK15
ALPHA DOX2,ALPHA DOX2
MIR159A,MIR159A
CDKD-1,CDKD-1
DTX17,DTX17
AT1G09407,AT1G09407
AT1G73710,AT1G73710
SMU1,SMU1
EIL3,EIL3
AT1G73740,AT1G73740
AT1G73750,AT1G73750
AT1G73760,AT1G73760
AT1G73770,AT1G73770
AT1G73780,AT1G73780
GIP2,GIP2
SARD1,SARD1
AT1G73810,AT1G73810
AT1G73820,AT1G73820
BEE3,BEE3
AT1G09417,AT1G09417
ESP1,ESP1
AT1G73850,AT1G73850
KIN14P,KIN14P
COL7,COL7
CCR4-5,CCR4-5
UGT89B1,UGT89B1
AT1G73885,AT1G73885
AT1G73890,AT1G73890
ATARP4A,ATARP4A
AT1G73920,AT1G73920
AT1G73930,AT1G73930
AT1G73940,AT1G73940
AT1G73950,AT1G73950
TAF2,TAF2
CLE13,CLE13
AT1G73970,AT1G73970
TTM1,TTM1
SPPA,SPPA
SSL11,SSL11
AT1G74010,AT1G74010
SSL12,SSL12
ENO1,ENO1
AT1G74035,AT1G74035
IPMS2,IPMS2
TET17,TET17
RPL6C,RPL6C
RPL6B,RPL6B
AT1G74055,AT1G74055
CYP26-2,CYP26-2
MYB122,MYB122
AT1G74088,AT1G74088
SOT18,SOT18
SOT16,SOT16
CYP78A10,CYP78A10
MTERF15,MTERF15
RBL16,RBL16
RBL17,RBL17
AT1G74150,AT1G74150
AT1G74160,AT1G74160
AtRLP13,AtRLP13
AtRLP14,AtRLP14
AT1G09423,AT1G09423
AtRLP15,AtRLP15
AtRLP16,AtRLP16
AT1G74205,AT1G74205
AT1G09427,AT1G09427
GDPD5,GDPD5
AT1G74220,AT1G74220
RBG5,RBG5
AT1G74240,AT1G74240
JJJ1,JJJ1
PUR4,PUR4
RPL35AC,RPL35AC
AT1G74280,AT1G74280
AT1G74290,AT1G74290
AT1G74300,AT1G74300
AT1G09433,AT1G09433
CLPB1,CLPB1
AT1G74320,AT1G74320
AT1G74330,AT1G74330
DPMS2,DPMS2
AT1G74350,AT1G74350
AT1G74360,AT1G74360
AT1G09437,AT1G09437
AT1G74370,AT1G74370
AT1G09443,AT1G09443
XXT5,XXT5
AT1G74385,AT1G74385
NEN3,NEN3
PCMP-E68,PCMP-E68
ATL24,ATL24
AT1G09447,AT1G09447
AT1G09453,AT1G09453
FUT3,FUT3
MYB95,MYB95
AT1G09457,AT1G09457
AT1G74440,AT1G74440
AT1G09463,AT1G09463
AT1G74450,AT1G74450
AT1G74453,AT1G74453
AT1G74456,AT1G74456
AT1G09467,AT1G09467
AT1G74458,AT1G74458
AT1G74460,AT1G74460
CHLP,CHLP
RKD2,RKD2
AT1G74490,AT1G74490
PRE3,PRE3
AT1G74510,AT1G74510
HVA22A,HVA22A
AT1G74530,AT1G74530
AT1G09477,AT1G09477
AT1G74545,AT1G74545
CYP98A8,CYP98A8
CYP98A9,CYP98A9
AT1G09487,AT1G09487
NRP1,NRP1
AT1G74580,AT1G74580
GSTU10,GSTU10
PCMP-E69,PCMP-E69
AT1G74610,AT1G74610
AT1G74620,AT1G74620
AT1G74630,AT1G74630
AT1G74640,AT1G74640
ATY13,ATY13
AT1G09493,AT1G09493
MIF1,MIF1
AT1G09497,AT1G09497
GASA6,GASA6
AT1G74675,AT1G74675
AT1G09507,AT1G09507
AT1G74680,AT1G74680
IQD31,IQD31
TRZ1,TRZ1
EDS16,EDS16
QKY,QKY
AT1G74730,AT1G74730
AT1G09513,AT1G09513
CPK30,CPK30
AT1G74750,AT1G74750
AT1G74770,AT1G74770
AT1G74780,AT1G74780
HIPL1,HIPL1
GALT5,GALT5
BOR5,BOR5
AT1G74820,AT1G74820
MYOB6,MYOB6
AT1G74840,AT1G74840
PTAC2,PTAC2
AT1G74860,AT1G74860
AT1G74870,AT1G74870
AT1G74875,AT1G74875
ndhO,ndhO
ARR15,ARR15
OTP43,OTP43
AT1G09517,AT1G09517
AT1G74910,AT1G74910
ALDH10A8,ALDH10A8
ERF018,ERF018
AT1G74929,AT1G74929
FLZ13,FLZ13
TIFY10B,TIFY10B
KAS2,KAS2
RPS9,RPS9
AT1G74990,AT1G74990
AT1G75000,AT1G75000
ARC3,ARC3
LPAT4,LPAT4
ATLP-3,ATLP-3
PR5,PR5
AT1G75050,AT1G75050
AT1G75060,AT1G75060
BZR1,BZR1
AT1G09523,AT1G09523
AT1G75090,AT1G75090
AT1G09527,AT1G09527
JAC1,JAC1
RRA2,RRA2
RRA1,RRA1
AT1G75125,AT1G75125
CYP721A1,CYP721A1
AT1G75140,AT1G75140
AT1G75150,AT1G75150
AT1G75160,AT1G75160
AT1G09533,AT1G09533
AT1G75163,AT1G75163
AT1G75166,AT1G75166
AT1G75170,AT1G75170
AT1G09537,AT1G09537
AT1G75180,AT1G75180
AT1G09543,AT1G09543
AT1G75190,AT1G75190
TYW1,TYW1
AT1G75210,AT1G75210
AT1G75220,AT1G75220
AT1G75230,AT1G75230
ZHD5,ZHD5
ATRL6,ATRL6
AT1G75260,AT1G75260
DHAR2,DHAR2
AT1G75280,AT1G75280
AT1G75290,AT1G75290
AT1G75295,AT1G75295
AT1G75300,AT1G75300
AUL1,AUL1
OTC,OTC
AT1G75335,AT1G75335
CG1,CG1
RPL31,RPL31
AT1G75360,AT1G75360
AT1G75370,AT1G75370
BBD1,BBD1
BZIP44,BZIP44
AT1G75400,AT1G75400
BLH3,BLH3
AT1G75420,AT1G75420
BLH11,BLH11
UBC16,UBC16
AT1G09553,AT1G09553
CKX5,CKX5
AT1G09557,AT1G09557
AT1G75460,AT1G75460
PUP15,PUP15
DREB2D,DREB2D
WAT1,WAT1
AT1G09563,AT1G09563
AT1G09567,AT1G09567
AT1G75510,AT1G75510
SRS5,SRS5
AT1G75530,AT1G75530
BBX21,BBX21
AT1G75550,AT1G75550
AT1G75560,AT1G75560
AT1G75580,AT1G75580
AT1G75590,AT1G75590
AT1G75600,AT1G75600
AT1G75620,AT1G75620
AVA-P4,AVA-P4
AT1G75640,AT1G75640
AT1G75650,AT1G75650
XRN3,XRN3
AT1G75670,AT1G75670
AtGH9B7,AtGH9B7
AT1G09573,AT1G09573
LQY1,LQY1
HVA22G,HVA22G
AT1G75710,AT1G75710
AT1G75717,AT1G75717
AT1G75720,AT1G75720
AT1G75730,AT1G75730
AT1G75740,AT1G75740
GASA1,GASA1
AT1G75760,AT1G75760
AT1G75770,AT1G75770
TUBB1,TUBB1
AT1G75785,AT1G75785
sks18,sks18
AT1G75800,AT1G75800
AT1G75810,AT1G75810
CLV1,CLV1
AT1G09577,AT1G09577
AT1G09583,AT1G09583
PDF1.1,PDF1.1
ARAC5,ARAC5
VPS35B,VPS35B
AT1G75860,AT1G75860
EXL1.1,EXL1.1
AT1G75890,AT1G75890
AT1G75891,AT1G75891
AT1G09597,AT1G09597
EXL3,EXL3
EXL4,EXL4
AT1G09603,AT1G09603
AT1G75920,AT1G75920
AT1G75945,AT1G75945
SKP1A,SKP1A
AAE8,AAE8
AT1G75970,AT1G75970
AT1G75980,AT1G75980
RPN3B,RPN3B
AT1G76000,AT1G76000
AT1G76010,AT1G76010
AT1G76020,AT1G76020
VHA-B1,VHA-B1
CPK29,CPK29
AT1G76050,AT1G76050
EMB1793,EMB1793
AT1G76065,AT1G76065
AT1G76070,AT1G76070
CDSP32,CDSP32
SMT3,SMT3
PETE1,PETE1
HMGB9,HMGB9
AT1G76120,AT1G76120
AMY2,AMY2
AT1G09607,AT1G09607
MIR394B,MIR394B
AT1G76140,AT1G76140
ECH2,ECH2
sks5,sks5
AT1G76170,AT1G76170
ERD14,ERD14
AT1G76185,AT1G76185
AT1G76190,AT1G76190
AT1G76200,AT1G76200
AT1G76210,AT1G76210
AT1G76220,AT1G76220
AT1G76230,AT1G76230
AT1G76240,AT1G76240
AT1G76250,AT1G76250
DWA2,DWA2
OFUT16,OFUT16
AT1G76280,AT1G76280
AEE21,AEE21
SMD3A,SMD3A
CYCB2;4,CYCB2;4
FRS4,FRS4
AT1G76330,AT1G76330
GONST3,GONST3
NLP5,NLP5
AT1G09617,AT1G09617
AT1G76360,AT1G76360
AT1G09623,AT1G09623
PBL22,PBL22
AT1G76380,AT1G76380
AT1G09627,AT1G09627
PUB43,PUB43
OST1A,OST1A
OEP21B,OEP21B
ATL8,ATL8
NAC031,NAC031
PHT1-9,PHT1-9
AT1G76440,AT1G76440
PPD3,PPD3
AT1G76460,AT1G76460
AT1G76465,AT1G76465
AT1G76470,AT1G76470
AT1G76480,AT1G76480
HMG1,HMG1
AHL29,AHL29
AT1G76510,AT1G76510
PILS3,PILS3
PILS4,PILS4
CDKB2-1,CDKB2-1
PFP-ALPHA2,PFP-ALPHA2
CP12-3,CP12-3
LHCB7,LHCB7
AT1G76580,AT1G76580
AT1G09633,AT1G09633
AT1G76590,AT1G76590
AT1G76600,AT1G76600
AT1G76610,AT1G76610
AT1G76620,AT1G76620
SKI3,SKI3
CML39,CML39
CML38,CML38
AT1G76660,AT1G76660
URGT1,URGT1
OPR1,OPR1
OPR2,OPR2
ATJ10,ATJ10
AT1G09637,AT1G09637
AT1G09647,AT1G09647
AT1G76705,AT1G76705
ASHH1,ASHH1
AT1G76720,AT1G76720
AT1G09653,AT1G09653
AT1G76728,AT1G76728
COG0212,COG0212
AT1G76740,AT1G76740
EC1.1,EC1.1
AT1G09657,AT1G09657
ATY1,ATY1
AT1G09663,AT1G09663
AT1G09667,AT1G09667
AT1G76770,AT1G76770
AT1G76780,AT1G76780
AT1G09673,AT1G09673
IGMT5,IGMT5
AT1G76800,AT1G76800
AT1G76810,AT1G76810
AT1G76820,AT1G76820
AT1G76830,AT1G76830
AT1G76840,AT1G76840
SEC5A,SEC5A
AT1G09677,AT1G09677
LSM3B,LSM3B
AT1G76870,AT1G76870
AT1G76878,AT1G76878
AT1G76880,AT1G76880
GT-2,GT-2
AT1G76892,AT1G76892
TULP1,TULP1
AT1G09683,AT1G09683
AT1G76910,AT1G76910
AT1G09687,AT1G09687
AT1G09693,AT1G09693
SKIP15,SKIP15
ATEXT4,ATEXT4
NSRA,NSRA
PRAF1,PRAF1
IDL5,IDL5
AT1G76954,AT1G76954
AT1G76955,AT1G76955
AT1G76960,AT1G76960
AT1G76965,AT1G76965
TOL4,TOL4
AT1G76980,AT1G76980
AT1G09697,AT1G09697
ACR3,ACR3
AT1G76994,AT1G76994
SKP2B,SKP2B
PCMP-E5,PCMP-E5
AT1G77020,AT1G77020
AT1G77040,AT1G77040
RH29,RH29
AT1G77060,AT1G77060
MAF1,MAF1
PPD4,PPD4
AT1G77093,AT1G77093
AT1G09703,AT1G09703
PER13,PER13
PIN6,PIN6
ADH1,ADH1
AT1G77122,AT1G77122
AT1G09713,AT1G09713
GUX3,GUX3
AT1G77138,AT1G77138
VPS45,VPS45
AT1G77145,AT1G77145
AT1G77150,AT1G77150
AT1G77160,AT1G77160
PCMP-E21,PCMP-E21
SKIP,SKIP
AT1G77190,AT1G77190
ERF037,ERF037
STP14,STP14
AT1G77220,AT1G77220
AT1G77230,AT1G77230
MIR402,MIR402
AEE4,AEE4
AT1G77250,AT1G77250
AT1G77260,AT1G77260
AT1G77270,AT1G77270
AT1G77280,AT1G77280
TCHQD,TCHQD
EFS,EFS
UBN2,UBN2
MEI1,MEI1
AT1G77330,AT1G77330
AT1G77340,AT1G77340
AT1G77350,AT1G77350
AT1G77360,AT1G77360
AT1G77370,AT1G77370
AAP3,AAP3
AT1G09723,AT1G09723
CYCA1-2,CYCA1-2
AT1G77400,AT1G77400
AT1G77405,AT1G77405
BGAL16,BGAL16
AT1G77420,AT1G77420
PBC2,PBC2
AT1G09733,AT1G09733
NAC032,NAC032
CSI3,CSI3
RFC5,RFC5
AT1G77480,AT1G77480
APXT,APXT
AT1G77500,AT1G77500
PDIL1-2,PDIL1-2
AT1G77520,AT1G77520
AT1G77525,AT1G77525
AT1G77530,AT1G77530
AT1G77540,AT1G77540
AT1G77550,AT1G77550
AT1G77560,AT1G77560
AT1G77570,AT1G77570
FPP1,FPP1
LACS9,LACS9
AT1G77600,AT1G77600
UDP-GALT1,UDP-GALT1
AT1G77620,AT1G77620
AT1G09737,AT1G09737
LYM3,LYM3
ERF013,ERF013
AT1G77650,AT1G77650
AT1G77655,AT1G77655
AT1G77660,AT1G77660
AT1G77670,AT1G77670
SOV,SOV
AT1G09743,AT1G09743
AT1G09747,AT1G09747
LAX3,LAX3
AT1G77700,AT1G77700
AT1G77710,AT1G77710
AT1G09753,AT1G09753
PPK1,PPK1
AT1G77730,AT1G77730
PIP5K2,PIP5K2
RPS13,RPS13
NIA1,NIA1
AT1G77765,AT1G77765
AT1G77770,AT1G77770
AT1G77790,AT1G77790
AT1G77800,AT1G77800
AT1G09757,AT1G09757
AT1G77810,AT1G77810
AT1G77815,AT1G77815
AT1G77830,AT1G77830
AT1G77840,AT1G77840
ARF17,ARF17
AT1G77855,AT1G77855
AT1G09763,AT1G09763
KOM,KOM
MUB5,MUB5
AT1G77880,AT1G77880
AT1G77885,AT1G77885
AT1G77890,AT1G77890
AT1G77910,AT1G77910
AT1G09767,AT1G09767
TGA7,TGA7
AT1G77930,AT1G77930
AT1G77932,AT1G77932
RPL30B,RPL30B
AGL67,AGL67
AT1G77960,AT1G77960
AGL66,AGL66
SULTR2;2,SULTR2;2
AT1G77992,AT1G77992
SULTR1;2,SULTR1;2
AT1G78010,AT1G78010
FLZ6,FLZ6
AT1G78030,AT1G78030
AT1G09773,AT1G09773
AT1G78040,AT1G78040
PGM,PGM
BXL7,BXL7
AT1G09777,AT1G09777
AT1G78070,AT1G78070
RAP2-4,RAP2-4
TPPB,TPPB
AT1G78100,AT1G78100
AT1G78110,AT1G78110
TPR12,TPR12
AT1G09783,AT1G09783
UNE2,UNE2
AT1G78140,AT1G78140
AT1G78150,AT1G78150
APUM7,APUM7
AT1G78170,AT1G78170
AT1G78172,AT1G78172
AT1G78180,AT1G78180
TRM112B,TRM112B
AT1G78200,AT1G78200
AT1G09787,AT1G09787
MIR775A,MIR775A
AT1G78210,AT1G78210
GF14 PI,GF14 PI
AT1G09793,AT1G09793
AT1G09797,AT1G09797
AT1G78230,AT1G78230
QUA2,QUA2
AT1G78250,AT1G78250
AT1G78260,AT1G78260
AT1G78265,AT1G78265
UGT85A4,UGT85A4
AT1G78280,AT1G78280
SRK2C,SRK2C
AT1G09803,AT1G09803
GRF2,GRF2
VQ9,VQ9
GSTU23,GSTU23
GSTU22,GSTU22
ATGSTU21,ATGSTU21
GSTU20,GSTU20
GSTU19,GSTU19
NCED9,NCED9
AT1G78400,AT1G78400
VQ10,VQ10
DA2,DA2
ICR4,ICR4
GA2OX1,GA2OX1
AT1G78450,AT1G78450
AT1G78460,AT1G78460
AT1G78470,AT1G78470
AT1G78476,AT1G78476
MIR833A,MIR833A
AT1G09817,AT1G09817
AT1G78480,AT1G78480
CYP708A3,CYP708A3
PEN6,PEN6
SPS1,SPS1
AT1G78520,AT1G78520
AT1G78530,AT1G78530
SHB,SHB
AT1G78550,AT1G78550
BASS1,BASS1
RHM1,RHM1
AT1G09823,AT1G09823
TPS1,TPS1
AT1G09827,AT1G09827
NADK3,NADK3
LZF1,LZF1
MSL6,MSL6
AT1G78620,AT1G78620
RPL13,RPL13
AT1G78640,AT1G78640
POLD3,POLD3
GGH1,GGH1
GGH3,GGH3
GGH2,GGH2
AT1G78690,AT1G78690
BEH4,BEH4
TBL42,TBL42
AT1G78720,AT1G78720
AT1G78730,AT1G78730
AT1G78740,AT1G78740
AT1G78750,AT1G78750
AT1G78760,AT1G78760
APC6,APC6
AT1G78780,AT1G78780
MHF2,MHF2
AT1G78800,AT1G78800
AT1G78810,AT1G78810
LSH7,LSH7
AT1G78820,AT1G78820
AT1G78830,AT1G78830
AT1G78840,AT1G78840
AT1G78850,AT1G78850
AT1G78860,AT1G78860
AT1G78865,AT1G78865
AT1G09833,AT1G09833
UBC35,UBC35
AT1G78880,AT1G78880
AT1G78890,AT1G78890
RTNLB22,RTNLB22
VHA-A,VHA-A
AT1G78910,AT1G78910
AT1G78915,AT1G78915
AT1G09837,AT1G09837
AVPL1,AVPL1
AT1G78922,AT1G78922
AT1G78930,AT1G78930
AT1G78940,AT1G78940
AT1G78950,AT1G78950
CAMS1,CAMS1
LUP2,LUP2
LUP1,LUP1
SRF5,SRF5
AT1G78990,AT1G78990
AT1G78995,AT1G78995
HAC1,HAC1
AT1G79010,AT1G79010
AT1G79020,AT1G79020
AT1G79030,AT1G79030
PSBR,PSBR
RECA,RECA
AT1G09843,AT1G09843
AT1G79060,AT1G79060
AT1G79070,AT1G79070
AT1G79075,AT1G79075
AT1G79080,AT1G79080
PAT1,PAT1
AT1G79100,AT1G79100
AT1G79103,AT1G79103
BRG2,BRG2
AT1G79120,AT1G79120
AT1G09853,AT1G09853
AT1G09857,AT1G09857
SAUR40,SAUR40
AT1G79150,AT1G79150
AT1G79160,AT1G79160
AT1G79170,AT1G79170
ATMYB63,ATMYB63
AT1G79190,AT1G79190
SCI1,SCI1
PAB2,PAB2
AT1G79220,AT1G79220
STR1,STR1
AT1G79240,AT1G79240
AGC1-7,AGC1-7
AT1G79260,AT1G79260
ECT8,ECT8
NUA,NUA
AT1G79290,AT1G79290
AT1G79300,AT1G79300
AMC7,AMC7
AMC6,AMC6
AMC5,AMC5
AMC4,AMC4
FGT1,FGT1
OCT2,OCT2
CYP79C1,CYP79C1
RGLG4,RGLG4
AT1G79390,AT1G79390
CHX2,CHX2
OCT5,OCT5
AT1G79420,AT1G79420
APL,APL
ALDH5F1,ALDH5F1
ALIS5,ALIS5
GA2,GA2
IMPDH,IMPDH
AT1G79480,AT1G79480
AT1G79485,AT1G79485
EMB2217,EMB2217
KDSA1,KDSA1
AT1G09863,AT1G09863
AT1G79510,AT1G79510
AT1G09867,AT1G09867
AT1G79520,AT1G79520
AT1G79529,AT1G79529
GAPCP1,GAPCP1
AT1G79540,AT1G79540
AT1G09887,AT1G09887
PGK3,PGK3
FTSH12,FTSH12
AT1G09893,AT1G09893
AT1G79570,AT1G79570
SMB,SMB
SYP52,SYP52
ABC1K3,ABC1K3
NHX6,NHX6
AT1G79620,AT1G79620
AT1G79630,AT1G79630
AT1G79640,AT1G79640
RAD23,RAD23
AT1G79660,AT1G79660
AT1G09897,AT1G09897
WAKL22,WAKL22
AT1G09903,AT1G09903
WAKL10,WAKL10
NUDT3,NUDT3
AT1G79700,AT1G79700
AT1G09907,AT1G09907
AT1G79710,AT1G79710
AT1G79720,AT1G79720
AT1G09913,AT1G09913
VIP2,VIP2
AT1G79740,AT1G79740
NADP-ME4,NADP-ME4
DTA4,DTA4
AT1G79770,AT1G79770
AT1G79780,AT1G79780
AT1G79790,AT1G79790
ENODL7,ENODL7
PEX2,PEX2
AT1G09917,AT1G09917
SGB1,SGB1
AT1G09923,AT1G09923
GC5,GC5
GL2,GL2
RPS17,RPS17
AT1G09927,AT1G09927
ROPGEF12,ROPGEF12
HPR2,HPR2
LA2,LA2
AT1G79890,AT1G79890
BAC2,BAC2
AT1G79910,AT1G79910
AT1G79915,AT1G79915
AT1G79920,AT1G79920
HSP70-14,HSP70-14
ERDJ2A,ERDJ2A
RTEL1,RTEL1
OFP14,OFP14
AT1G09937,AT1G09937
AT1G79970,AT1G79970
AT1G79980,AT1G79980
AT1G79985,AT1G79985
AT1G79990,AT1G79990
AT1G09947,AT1G09947
MLN51,MLN51
FRS8,FRS8
AT1G80030,AT1G80030
AT1G80040,AT1G80040
APT2,APT2
AT1G80060,AT1G80060
PRP8A,PRP8A
TMM,TMM
PV42B,PV42B
AHP6,AHP6
PP2B11,PP2B11
AT1G80120,AT1G80120
AT1G80130,AT1G80130
EPFL8,EPFL8
AT1G09957,AT1G09957
AT1G80140,AT1G80140
AT1G80150,AT1G80150
AT1G80160,AT1G80160
AT1G80165,AT1G80165
AT1G80170,AT1G80170
AT1G80180,AT1G80180
PSF1,PSF1
AT1G80200,AT1G80200
BRCC36A,BRCC36A
COX5B-2,COX5B-2
AT1G80240,AT1G80240
AT1G80250,AT1G80250
AT1G80245,AT1G80245
emb1427,emb1427
PPR596,PPR596
AT1G80280,AT1G80280
AT1G80290,AT1G80290
AATP1,AATP1
AT1G80325,AT1G80325
MOT2,MOT2
AT1G80320,AT1G80320
GA3OX4,GA3OX4
GA3OX2,GA3OX2
AAA1,AAA1
ISS1,ISS1
CYCA2-4,CYCA2-4
GLYK,GLYK
IAA15,IAA15
AT1G80400,AT1G80400
EMB2753,EMB2753
AT1G09963,AT1G09963
XRCC1,XRCC1
AT1G80430,AT1G80430
AT1G09967,AT1G09967
AT1G09973,AT1G09973
AT1G80440,AT1G80440
VQ11,VQ11
GLPK,GLPK
AT1G80470,AT1G80470
PTAC17,PTAC17
TPR1,TPR1
AT1G80500,AT1G80500
AVT6E,AVT6E
AT1G09977,AT1G09977
AT1G80520,AT1G80520
AT1G80525,AT1G80525
AT1G80530,AT1G80530
AT1G80540,AT1G80540
AT1G80550,AT1G80550
AT1G80555,AT1G80555
IMDH2,IMDH2
FBL14,FBL14
ERF084,ERF084
WRKY66,WRKY66
WIN1.1,WIN1.1
AT1G80610,AT1G80610
AT1G80620,AT1G80620
AT1G80625,AT1G80625
AT1G80630,AT1G80630
AT1G80640,AT1G80640
RTL1,RTL1
AHA9,AHA9
RAE1,RAE1
NUP96,NUP96
AT1G80690,AT1G80690
AT1G80700,AT1G80700
DRS1,DRS1
AT1G80720,AT1G80720
ZFP1,ZFP1
CMT1,CMT1
AT1G80745,AT1G80745
RPL7A,RPL7A
NIP6-1,NIP6-1
PDE318,PDE318
AT1G80780,AT1G80780
FDM5,FDM5
AT1G80810,AT1G80810
CCR2,CCR2
NRAMP1,NRAMP1
WRKY40,WRKY40
AT1G80850,AT1G80850
AT1G09987,AT1G09987
PLMT,PLMT
AT1G80865,AT1G80865
AT1G80870,AT1G80870
AT1G80880,AT1G80880
AT1G80890,AT1G80890
AT1G09993,AT1G09993
MRS2-10,MRS2-10
CCZ1B,CCZ1B
ATJ8,ATJ8
AT1G80930,AT1G80930
AT1G80940,AT1G80940
LPEAT1,LPEAT1
AT1G80960,AT1G80960
AT1G09997,AT1G09997
AT1G80970,AT1G80970
AT1G80980,AT1G80980
AT1G80990,AT1G80990
AT5G01010,AT5G01010
AT5G01015,AT5G01015
AT5G01017,AT5G01017
PBL8,PBL8
AT5G01030,AT5G01030
LAC8,LAC8
LAC9,LAC9
AT5G01060,AT5G01060
AT5G01070,AT5G01070
AT5G01075,AT5G01075
AT5G01080,AT5G01080
AT5G01090,AT5G01090
FRB1,FRB1
AT5G00735,AT5G00735
AT5G00740,AT5G00740
AT5G01110,AT5G01110
AT5G01120,AT5G01120
AT5G01130,AT5G01130
AT5G01140,AT5G01140
AT5G01150,AT5G01150
AT5G01160,AT5G01160
OPSL1,OPSL1
AT5G01175,AT5G01175
NPF8.2,NPF8.2
LAC10,LAC10
AT5G01200,AT5G01200
AT5G01215,AT5G01215
AT5G01210,AT5G01210
SQD2,SQD2
AT5G01225,AT5G01225
AT5G01230,AT5G01230
AT5G00745,AT5G00745
LAX1,LAX1
AT5G01250,AT5G01250
AT5G01260,AT5G01260
CPL2,CPL2
AT5G01280,AT5G01280
AT5G01290,AT5G01290
AT5G01300,AT5G01300
AT5G01305,AT5G01305
APTX,APTX
PDC4,PDC4
PDC3,PDC3
AT5G00750,AT5G00750
AT5G00755,AT5G00755
SFC1,SFC1
AT5G01350,AT5G01350
AT5G00760,AT5G00760
AT5G00765,AT5G00765
TBL3,TBL3
AT5G01365,AT5G01365
ACI1,ACI1
GT-3A,GT-3A
AT5G01390,AT5G01390
ESP4,ESP4
PDX13,PDX13
AT5G01420,AT5G01420
AT5G01430,AT5G01430
AT5G01440,AT5G01440
AT5G01445,AT5G01445
AT5G01450,AT5G01450
AT5G01460,AT5G01460
AT5G01470,AT5G01470
AT5G01480,AT5G01480
AT5G00770,AT5G00770
AT5G00775,AT5G00775
CAX4,CAX4
TAAC,TAAC
RUS5,RUS5
AIRP2,AIRP2
LHCB4.1,LHCB4.1
LECRK62,LECRK62
AT5G01542,AT5G01542
LECRKA4.2,LECRKA4.2
LECRK64,LECRK64
AT5G01570,AT5G01570
AT5G00780,AT5G00780
OSH1,OSH1
TIC56,TIC56
AT5G01595,AT5G01595
FER1,FER1
AT5G01610,AT5G01610
TBL35,TBL35
BRCA2B,BRCA2B
PRA1B5,PRA1B5
AT5G01650,AT5G01650
AT5G01660,AT5G01660
AT5G01670,AT5G01670
CHX26,CHX26
CHX27,CHX27
AT5G01700,AT5G01700
AT5G01710,AT5G01710
FBL3,FBL3
AT5G00785,AT5G00785
SCAR4,SCAR4
AT5G01732,AT5G01732
AT5G01740,AT5G01740
MIR164B,MIR164B
AT5G00790,AT5G00790
AT5G01750,AT5G01750
TOL7,TOL7
RAPTOR2,RAPTOR2
AT5G01780,AT5G01780
AT5G01790,AT5G01790
AT5G01800,AT5G01800
CIPK15,CIPK15
CIPK14,CIPK14
AT5G00795,AT5G00795
AT5G00800,AT5G00800
PUB16,PUB16
OFP1,OFP1
AT5G00805,AT5G00805
AT5G01850,AT5G01850
AT5G01860,AT5G01860
LTP10,LTP10
ATL74,ATL74
AT5G01881,AT5G01881
PXC2,PXC2
AT5G01895,AT5G01895
AT5G00810,AT5G00810
WRKY62,WRKY62
AT5G01910,AT5G01910
STN8,STN8
MAN6,MAN6
AT5G01940,AT5G01940
AT5G01950,AT5G01950
AT5G01960,AT5G01960
AT5G01970,AT5G01970
AT5G01980,AT5G01980
PILS6,PILS6
AT5G02000,AT5G02000
ROPGEF7,ROPGEF7
SIS,SIS
AT5G02025,AT5G02025
BLH9,BLH9
AT5G02035,AT5G02035
PRA1A1,PRA1A1
AT5G02050,AT5G02050
AT5G02060,AT5G02060
AT5G02065,AT5G02065
WAKL20,WAKL20
AT5G02080,AT5G02080
AT5G02090,AT5G02090
ORP3A,ORP3A
CYCD7-1,CYCD7-1
OHP1,OHP1
NDP1,NDP1
AT5G02140,AT5G02140
AT5G00815,AT5G00815
Fes1C,Fes1C
AT5G00820,AT5G00820
AT5G02160,AT5G02160
AVT1E,AVT1E
AVT1D,AVT1D
PCS1,PCS1
FHL,FHL
AT5G02210,AT5G02210
AT5G00825,AT5G00825
SMR4,SMR4
AT5G02230,AT5G02230
AT5G02240,AT5G02240
RNR1,RNR1
EXPA9,EXPA9
ATNAP9,ATNAP9
AT5G02280,AT5G02280
PBL11,PBL11
PRT6,PRT6
MYB3R5,MYB3R5
AT5G02330,AT5G02330
AT5G02350,AT5G02350
AT5G00835,AT5G00835
AT5G02360,AT5G02360
AT5G02370,AT5G02370
MT2B,MT2B
AT5G02385,AT5G02385
AT5G02390,AT5G02390
AT5G00840,AT5G00840
PLL2,PLL2
ALG10,ALG10
SMR3,SMR3
AT5G00845,AT5G00845
AT5G02430,AT5G02430
AT5G02440,AT5G02440
RPL36C,RPL36C
AT5G00850,AT5G00850
DOF5.1,DOF5.1
DPA,DPA
AT5G00855,AT5G00855
AT5G02480,AT5G02480
MED37D,MED37D
MED37E,MED37E
OST4B,OST4B
AT5G02510,AT5G02510
AT5G02520,AT5G02520
AT5G00860,AT5G00860
ALY2,ALY2
AT5G00865,AT5G00865
AT5G02540,AT5G02540
AT5G02550,AT5G02550
HTA12,HTA12
AT5G02570,AT5G02570
AT5G02580,AT5G02580
AT5G02590,AT5G02590
AT5G00870,AT5G00870
NAKR1,NAKR1
AT5G02610,AT5G02610
AT5G02615,AT5G02615
ANK1,ANK1
AT5G02630,AT5G02630
AT5G02640,AT5G02640
AT5G02650,AT5G02650
AT5G02660,AT5G02660
AT5G02670,AT5G02670
AT5G02680,AT5G02680
AT5G02690,AT5G02690
AT5G02700,AT5G02700
AT5G02710,AT5G02710
AT5G02720,AT5G02720
AT5G02725,AT5G02725
AT5G02740,AT5G02740
SGR9,SGR9
AT5G00875,AT5G00875
AT5G02760,AT5G02760
MOS11,MOS11
GSTL1,GSTL1
GSTL3,GSTL3
PBL7,PBL7
APRR7,APRR7
AT5G02815,AT5G02815
TOP6A,TOP6A
AT5G02830,AT5G02830
AT5G00880,AT5G00880
RVE4,RVE4
MED4,MED4
AT5G02860,AT5G02860
RPL4D,RPL4D
AT5G00885,AT5G00885
UPL4,UPL4
AT5G02890,AT5G02890
CYP96A13,CYP96A13
AT5G02910,AT5G02910
AT5G02930,AT5G02930
AT5G02940,AT5G02940
AT5G02950,AT5G02950
RPS23B,RPS23B
AT5G02970,AT5G02970
AT5G02980,AT5G02980
AT5G02995,AT5G02995
AT5G03000,AT5G03000
AT5G03010,AT5G03010
AT5G03020,AT5G03020
AT5G00895,AT5G00895
AT5G03030,AT5G03030
AT5G00900,AT5G00900
iqd2,iqd2
AT5G03050,AT5G03050
AT5G03060,AT5G03060
IMPA9,IMPA9
LPPG,LPPG
AT5G03090,AT5G03090
AT5G03100,AT5G03100
AT5G03110,AT5G03110
AT5G03120,AT5G03120
AT5G03130,AT5G03130
LECRK82,LECRK82
JKD,JKD
P58IPK,P58IPK
FLA11,FLA11
AT5G03180,AT5G03180
CPUORF47,CPUORF47
AT5G00905,AT5G00905
LUL1,LUL1
AT5G03204,AT5G03204
AT5G03210,AT5G03210
MED7A,MED7A
AT5G03230,AT5G03230
UBQ3,UBQ3
AT5G03250,AT5G03250
LAC11,LAC11
LOG6,LOG6
EIN2,EIN2
AT5G03285,AT5G03285
IDH5,IDH5
ADK2,ADK2
AT5G03310,AT5G03310
AT5G00910,AT5G00910
PCRK2,PCRK2
AT5G03330,AT5G03330
CDC48E,CDC48E
AT5G03345,AT5G03345
LLP,LLP
AT5G03355,AT5G03355
AT5G03360,AT5G03360
AT5G03370,AT5G03370
HIPP06,HIPP06
AT5G03390,AT5G03390
AT5G03400,AT5G03400
AT5G03406,AT5G03406
DPB,DPB
PTST,PTST
AT5G00920,AT5G00920
AT5G03430,AT5G03430
AT5G00925,AT5G00925
AT5G03435,AT5G03435
AT5G03440,AT5G03440
AT5G03445,AT5G03445
AT5G03450,AT5G03450
AT5G03452,AT5G03452
CDC25,CDC25
AT5G03460,AT5G03460
B'ALPHA,B'ALPHA
AT5G03480,AT5G03480
UGT89A2,UGT89A2
AT5G03495,AT5G03495
AT5G03500,AT5G03500
AT5G03510,AT5G03510
RABE1D,RABE1D
RABC2A,RABC2A
ATEXO70A1,ATEXO70A1
AT4,AT4
AT5G03550,AT5G03550
AT5G03553,AT5G03553
MIR822A,MIR822A
NCS1,NCS1
AT5G03560,AT5G03560
IREG2,IREG2
AT5G03580,AT5G03580
AT5G03590,AT5G03590
AT5G00930,AT5G00930
AT5G03600,AT5G03600
AT5G03610,AT5G03610
SBT4.15,SBT4.15
MDAR2,MDAR2
AT5G03640,AT5G03640
SBE2.2,SBE2.2
AT5G03660,AT5G03660
AT5G03668,AT5G03668
AT5G03670,AT5G03670
PTL,PTL
FBA4,FBA4
AT5G03700,AT5G03700
AT5G00935,AT5G00935
AT5G03705,AT5G03705
AT5G03710,AT5G03710
HSFA3,HSFA3
CTR1,CTR1
HDT3,HDT3
AT5G03745,AT5G03745
AT5G03750,AT5G03750
CSLA9,CSLA9
KDTA,KDTA
AT5G03775,AT5G03775
TRFL10,TRFL10
ATHB-51,ATHB-51
AT5G03795,AT5G03795
EMB175,EMB175
AT5G03810,AT5G03810
AT5G03830,AT5G03830
TFL1,TFL1
RPS28A,RPS28A
AT5G00940,AT5G00940
MLS,MLS
AT5G03870,AT5G03870
AT5G03880,AT5G03880
AT5G03885,AT5G03885
AT5G03890,AT5G03890
AT5G03900,AT5G03900
AT5G03905,AT5G03905
ABCB29,ABCB29
AT5G03920,AT5G03920
AT5G03930,AT5G03930
FFC,FFC
IQD12,IQD12
AT5G03970,AT5G03970
AT5G03980,AT5G03980
AT5G03990,AT5G03990
AT5G03995,AT5G03995
AT5G04000,AT5G04000
NSFBX,NSFBX
PICBP,PICBP
AT5G04030,AT5G04030
SDP1,SDP1
AT5G04045,AT5G04045
AT5G04047,AT5G04047
AT5G04050,AT5G04050
AT5G04060,AT5G04060
AT5G04070,AT5G04070
AT5G04080,AT5G04080
AT5G04090,AT5G04090
GYRB3,GYRB3
IPSP,IPSP
GYRBM,GYRBM
GLU1,GLU1
BHLH101,BHLH101
UUAT1,UUAT1
CML50,CML50
ACA3,ACA3
PKS4,PKS4
AMC9,AMC9
AT5G04210,AT5G04210
SYT3,SYT3
PAL3,PAL3
ELF6,ELF6
AT5G04238,AT5G04238
AT5G04250,AT5G04250
WCRKC2,WCRKC2
AT5G04267,AT5G04267
AT5G04270,AT5G04270
MIR172B,MIR172B
RZ1C,RZ1C
RDM3,RDM3
AT5G04310,AT5G04310
SGO2,SGO2
CYP84A4,CYP84A4
ZAT6,ZAT6
AT5G04347,AT5G04347
PU1,PU1
AT5G00950,AT5G00950
AT5G00955,AT5G00955
AT5G00960,AT5G00960
NAMT1,NAMT1
AT5G04380,AT5G04380
AT5G04390,AT5G04390
AT5G04395,AT5G04395
anac077,anac077
NAC078,NAC078
AT5G00965,AT5G00965
AT5G04420,AT5G04420
BTR1,BTR1
AT5G04440,AT5G04440
AT5G04460,AT5G04460
SIM,SIM
AT5G04475,AT5G04475
AT5G04480,AT5G04480
VTE5,VTE5
AT5G04500,AT5G04500
PDPK1,PDPK1
AT5G04520,AT5G04520
KCS19,KCS19
AT5G00970,AT5G00970
MTM2,MTM2
AT5G04550,AT5G04550
DME,DME
SIR,SIR
AT5G04600,AT5G04600
AT5G04610,AT5G04610
BIOF,BIOF
CYP77A9,CYP77A9
AT5G04670,AT5G04670
CYP77A4,CYP77A4
AT5G00975,AT5G00975
AT5G00980,AT5G00980
AT5G00985,AT5G00985
AT5G04680,AT5G04680
AT5G04690,AT5G04690
AT5G04700,AT5G04700
AT5G04710,AT5G04710
ADR1-L2,ADR1-L2
AT5G04730,AT5G04730
ACR12,ACR12
AT5G04750,AT5G04750
AT5G04760,AT5G04760
AT5G00990,AT5G00990
AT5G00995,AT5G00995
CAT6,CAT6
PCMP-H16,PCMP-H16
RPS17D,RPS17D
AT5G04790,AT5G04790
PPR4,PPR4
OFP13,OFP13
AT5G04830,AT5G04830
AT5G04840,AT5G04840
VPS60.2,VPS60.2
AT5G04853,AT5G04853
AT5G04860,AT5G04860
CPK1,CPK1
AT5G04885,AT5G04885
RTM2,RTM2
AT5G04895,AT5G04895
NOL,NOL
AT5G04910,AT5G04910
VPS36,VPS36
ALA1,ALA1
AT5G04933,AT5G04933
AT5G04937,AT5G04937
SUVH1,SUVH1
NAS1,NAS1
PME46,PME46
PME47,PME47
IP5P10,IP5P10
SUN1,SUN1
TOC34,TOC34
AT5G05010,AT5G05010
AT5G05020,AT5G05020
AT5G05030,AT5G05030
AT5G05040,AT5G05040
AT5G05050,AT5G05050
AT5G05060,AT5G05060
PAT03,PAT03
UBC22,UBC22
AT5G05085,AT5G05085
AT5G05090,AT5G05090
AT5G05100,AT5G05100
CYS7,CYS7
AT5G05113,AT5G05113
AT5G05120,AT5G05120
AT5G05130,AT5G05130
MED26B,MED26B
ATG18E,ATG18E
AT5G05160,AT5G05160
CESA3,CESA3
AT5G05180,AT5G05180
EDR4,EDR4
AT5G01005,AT5G01005
AT5G05200,AT5G05200
AT5G05210,AT5G05210
AT5G05220,AT5G05220
PUB62,PUB62
AT5G05240,AT5G05240
AT5G05250,AT5G05250
CYP79A2,CYP79A2
AT5G01045,AT5G01045
CHI3,CHI3
ATL73,ATL73
EXPA2,EXPA2
AT5G05300,AT5G05300
AT5G05310,AT5G05310
MO3,MO3
AT5G05330,AT5G05330
PER52,PER52
AT5G05350,AT5G05350
AT5G05360,AT5G05360
AT5G05365,AT5G05365
AT5G05370,AT5G05370
PRA1.B3,PRA1.B3
LAC12,LAC12
AT5G05400,AT5G05400
DREB2A,DREB2A
FKBP15-3,FKBP15-3
AT5G05430,AT5G05430
AT5G05435,AT5G05435
PYL5,PYL5
RH18,RH18
ENGASE1,ENGASE1
AT5G01055,AT5G01055
EIF2A,EIF2A
AT5G05480,AT5G05480
SYN1,SYN1
AT5G05500,AT5G05500
AT5G05510,AT5G05510
AT5G05520,AT5G05520
AT5G05530,AT5G05530
SDN2,SDN2
AT5G05550,AT5G05550
EMB2771,EMB2771
AT5G05570,AT5G05570
FAD8,FAD8
PAI2,PAI2
AT5G05598,AT5G05598
AT5G05600,AT5G05600
AL1,AL1
TUBG2,TUBG2
RMV1,RMV1
AT5G05635,AT5G05635
AT5G05640,AT5G05640
AT5G05650,AT5G05650
AT5G01065,AT5G01065
AT5G05653,AT5G05653
AT5G05657,AT5G05657
NFXL2,NFXL2
AT5G05670,AT5G05670
AT5G05675,AT5G05675
NUP88,NUP88
CYP90A1,CYP90A1
ATE1.1,ATE1.1
AT5G05710,AT5G05710
AT5G05720,AT5G05720
ASA1,ASA1
AT5G05735,AT5G05735
EGY2,EGY2
AT5G05750,AT5G05750
AT5G01095,AT5G01095
SYP31,SYP31
AT5G01105,AT5G01105
RPN8A,RPN8A
AT5G05790,AT5G05790
AT5G05795,AT5G05795
LIMYB,LIMYB
AT5G01115,AT5G01115
ATL43,ATL43
AT5G05820,AT5G05820
AT5G05830,AT5G05830
AT5G05840,AT5G05840
PIRL1,PIRL1
UGT76C2,UGT76C2
UGT76C1,UGT76C1
UGT76C4,UGT76C4
UGT76C5,UGT76C5
UGT76C3,UGT76C3
DHS,DHS
ATGC1,ATGC1
ROPGEF5,ROPGEF5
AT5G05945,AT5G05945
MEE60,MEE60
AT5G05960,AT5G05960
AT5G05965,AT5G05965
NEDD1,NEDD1
FPGS1,FPGS1
AT5G01125,AT5G01125
AT5G05985,AT5G05985
PRA1A2,PRA1A2
AT5G05990,AT5G05990
EIF3G2,EIF3G2
AT5G01135,AT5G01135
AT5G01145,AT5G01145
AT5G06010,AT5G06010
SPH27,SPH27
SPH28,SPH28
AT5G06040,AT5G06040
AT5G06050,AT5G06050
AT5G06060,AT5G06060
RBE,RBE
GPAT7,GPAT7
MYB33,MYB33
AT5G06110,AT5G06110
AT5G06120,AT5G06120
AT5G06125,AT5G06125
ORLIKE,ORLIKE
SNX1,SNX1
CYCB1-2,CYCB1-2
ATO,ATO
AT5G06165,AT5G06165
AT5G01155,AT5G01155
AT5G01165,AT5G01165
SUC9,SUC9
AT5G06180,AT5G06180
AT5G06190,AT5G06190
AT5G01205,AT5G01205
CASP4,CASP4
S-RBP11,S-RBP11
AT5G06220,AT5G06220
TBL9,TBL9
emb2735,emb2735
AT5G01235,AT5G01235
AT5G01245,AT5G01245
AT5G06250,AT5G06250
AT5G06260,AT5G06260
AT5G06265,AT5G06265
AT5G06270,AT5G06270
AT5G06280,AT5G06280
2-Cys Prx B,2-Cys Prx B
LOG7,LOG7
POT1B,POT1B
NHL3,NHL3
AT5G01255,AT5G01255
AT5G06330,AT5G06330
NUDT27,NUDT27
AT5G06350,AT5G06350
AT5G06360,AT5G06360
AT5G06370,AT5G06370
AT5G06380,AT5G06380
FLA17,FLA17
AT5G06400,AT5G06400
AT5G06410,AT5G06410
AT5G01265,AT5G01265
AT5G06420,AT5G06420
AT5G06430,AT5G06430
AT5G06440,AT5G06440
AT5G06450,AT5G06450
UBA2,UBA2
AT5G06470,AT5G06470
AT5G06480,AT5G06480
ATL71,ATL71
AGL96,AGL96
NFYA10,NFYA10
AT5G06520,AT5G06520
ABCG22,ABCG22
PCMP-H88,PCMP-H88
AT5G06550,AT5G06550
MYOB7,MYOB7
AT5G06570,AT5G06570
DLD,DLD
AT5G06590,AT5G06590
UBP12,UBP12
AT5G06610,AT5G06610
ATXR4,ATXR4
AT5G06630,AT5G06630
AT5G06640,AT5G06640
AT5G06645,AT5G06645
GIS2,GIS2
AT5G06660,AT5G06660
AT5G06670,AT5G06670
GCP3,GCP3
AT5G06685,AT5G06685
WCRKC1,WCRKC1
TBR,TBR
HAT14,HAT14
PER53,PER53
PER54,PER54
AT5G06740,AT5G06740
AT5G06750,AT5G06750
AT5G06755,AT5G06755
LEA46,LEA46
AT5G06770,AT5G06770
AT5G06780,AT5G06780
AT5G06790,AT5G06790
AT5G06800,AT5G06800
AT5G06810,AT5G06810
AT5G06811,AT5G06811
SRF2,SRF2
AT5G06830,AT5G06830
TGA10,TGA10
FTIP1,FTIP1
AT5G06865,AT5G06865
PGIP1,PGIP1
PGIP2,PGIP2
AT5G06890,AT5G06890
CYP93D1,CYP93D1
CYP712A2,CYP712A2
ATJ6,ATJ6
FLA21,FLA21
AT5G06930,AT5G06930
AT5G06940,AT5G06940
TGA2,TGA2
TGA5,TGA5
PATROL1,PATROL1
AT5G06980,AT5G06980
AT5G06990,AT5G06990
SOT14,SOT14
SOT15,SOT15
AT5G01275,AT5G01275
MPH1,MPH1
AT5G07030,AT5G07030
ATL69,ATL69
AT5G07050,AT5G07050
AT5G07060,AT5G07060
CIPK2,CIPK2
AT5G01285,AT5G01285
AT5G07080,AT5G07080
RPS4B,RPS4B
WRKY26,WRKY26
PRA1B6,PRA1B6
AT5G01295,AT5G01295
SNX2B,SNX2B
AT5G01315,AT5G01315
LAC13,LAC13
AT5G07135,AT5G07135
AT5G07140,AT5G07140
AT5G07152,AT5G07152
AT5G07150,AT5G07150
AT5G01325,AT5G01325
AT5G07160,AT5G07160
AT5G07165,AT5G07165
AT5G07170,AT5G07170
AT5G07175,AT5G07175
AT5G01345,AT5G01345
ERL2,ERL2
ATS3,ATS3
GA20OX3,GA20OX3
ARR21,ARR21
BAG3,BAG3
AT5G07225,AT5G07225
IQD24,IQD24
AT5G01375,AT5G01375
RBL3,RBL3
AT5G07260,AT5G07260
XBAT33,XBAT33
EMS1,EMS1
ML4,ML4
BON2,BON2
ERF115,ERF115
AT5G07315,AT5G07315
AT5G07320,AT5G07320
AT5G07322,AT5G07322
AT5G07330,AT5G07330
AT5G07340,AT5G07340
Tudor1,Tudor1
AT5G07360,AT5G07360
IPK2A,IPK2A
AT5G07380,AT5G07380
RBOHA,RBOHA
AT5G07400,AT5G07400
PME48,PME48
PME49,PME49
PME50,PME50
GDH2,GDH2
CYCU4-2,CYCU4-2
MRSA2,MRSA2
MSRA3,MSRA3
AT5G07475,AT5G07475
KUOX1,KUOX1
AT5G07490,AT5G07490
TZF6,TZF6
GRP14,GRP14
GRP17,GRP17
GRP19,GRP19
GRP20,GRP20
AT5G07570,AT5G07570
AT5G07571,AT5G07571
AT5G07572,AT5G07572
ERF106,ERF106
AT5G07590,AT5G07590
AT5G07600,AT5G07600
AT5G07610,AT5G07610
AT5G07620,AT5G07620
AT5G07630,AT5G07630
AT5G07640,AT5G07640
AT5G07650,AT5G07650
SMC6A,SMC6A
AT5G07670,AT5G07670
AT5G07675,AT5G07675
NAC079,NAC079
AT5G01425,AT5G01425
MYB29,MYB29
MYB76,MYB76
NEN1,NEN1
XXT3,XXT3
AT5G07730,AT5G07730
AT5G07740,AT5G07740
AT5G07760,AT5G07760
AT5G07770,AT5G07770
FH19,FH19
AT5G07790,AT5G07790
AT5G07800,AT5G07800
AT5G07810,AT5G07810
AT5G07820,AT5G07820
AtGUS2,AtGUS2
PIA1,PIA1
AT5G07850,AT5G07850
AT5G07860,AT5G07860
AT5G07870,AT5G07870
SNAP29,SNAP29
AT5G07890,AT5G07890
AT5G07900,AT5G07900
AT5G01435,AT5G01435
AT5G07910,AT5G07910
DGK1,DGK1
MCT2,MCT2
AT5G07940,AT5G07940
AT5G07950,AT5G07950
AT5G07960,AT5G07960
AT5G07970,AT5G07970
AT5G07980,AT5G07980
AT5G01455,AT5G01455
AT5G01465,AT5G01465
CYP75B1,CYP75B1
E13L3,E13L3
AT5G08005,AT5G08005
AT5G08010,AT5G08010
RPA1B,RPA1B
AT5G08030,AT5G08030
TOM5,TOM5
AT5G08050,AT5G08050
AT5G08055,AT5G08055
AT5G08060,AT5G08060
TCP17,TCP17
SYP132,SYP132
AT5G08090,AT5G08090
AT5G08100,AT5G08100
AT5G08110,AT5G08110
MPB2C,MPB2C
BIM1,BIM1
AT5G08139,AT5G08139
AtbZIP75,AtbZIP75
AT5G01485,AT5G01485
SOB5,SOB5
ATPK3,ATPK3
AIH,AIH
AT5G08180,AT5G08180
AT5G01495,AT5G01495
AT5G01505,AT5G01505
AT5G01515,AT5G01515
MIR162A,MIR162A
NF-YB12,NF-YB12
AT5G08200,AT5G08200
HULK1,HULK1
MIR834A,MIR834A
AT5G01535,AT5G01535
AT5G08240,AT5G08240
AT5G08250,AT5G08250
SCPL35,SCPL35
AT5G08270,AT5G08270
HEMC,HEMC
AT5G01545,AT5G01545
YLS8,YLS8
AT5G08300,AT5G08300
PCMP-E105,PCMP-E105
AT5G08310,AT5G08310
AT5G08315,AT5G08315
AT5G08320,AT5G08320
TCP21,TCP21
ICMTB,ICMTB
RIBF2,RIBF2
AT5G08350,AT5G08350
AT5G08360,AT5G08360
AGAL2,AGAL2
AGAL1,AGAL1
AT5G08391,AT5G08391
AT5G08390,AT5G08390
AT5G08400,AT5G08400
FTRA2,FTRA2
LIP1P,LIP1P
AT5G08420,AT5G08420
AT5G08430,AT5G08430
AT5G08440,AT5G08440
AT5G08450,AT5G08450
AT5G08460,AT5G08460
PEX1,PEX1
VQ31,VQ31
PCMP-E32,PCMP-E32
AT5G08500,AT5G08500
AT5G08505,AT5G08505
PCMP-E20,PCMP-E20
SRM1,SRM1
CI51,CI51
AT5G08535,AT5G08535
AT5G08540,AT5G08540
ILP1,ILP1
AT5G01555,AT5G01555
WDR26,WDR26
AT5G08565,AT5G08565
AT5G08570,AT5G08570
AT5G08580,AT5G08580
SRK2G,SRK2G
AT5G08600,AT5G08600
RH26,RH26
RH25,RH25
AT5G08630,AT5G08630
FLS1,FLS1
AT5G08650,AT5G08650
AT5G08660,AT5G08660
AT5G08670,AT5G08670
AT5G08680,AT5G08680
AT5G08690,AT5G08690
AT5G08695,AT5G08695
AT5G08710,AT5G08710
MIR166C,MIR166C
AT5G01575,AT5G01575
AT5G01565,AT5G01565
MIR166D,MIR166D
AT5G01585,AT5G01585
AT5G08720,AT5G08720
ARI16,ARI16
NDC1,NDC1
AT5G08750,AT5G08750
AT5G08760,AT5G08760
AT5G08770,AT5G08770
AT5G08780,AT5G08780
NAC081,NAC081
AT5G01605,AT5G01605
AT5G09210,AT5G09210
AAP2,AAP2
AT5G09225,AT5G09225
SRT2,SRT2
AT5G01615,AT5G01615
AT5G09240,AT5G09240
KIWI,KIWI
VPS20.2,VPS20.2
AT5G09270,AT5G09270
AT5G09280,AT5G09280
SAL4,SAL4
AT5G09300,AT5G09300
AT5G09310,AT5G09310
AT5G09315,AT5G09315
VPS9B,VPS9B
NAC082,NAC082
AT5G09340,AT5G09340
AT5G09345,AT5G09345
PI4KB2,PI4KB2
LAC14,LAC14
AT5G09370,AT5G09370
AT5G09380,AT5G09380
AT5G09390,AT5G09390
POT7,POT7
EICBP.B,EICBP.B
OM64,OM64
AT5G09430,AT5G09430
EXL4.1,EXL4.1
AT5G09443,AT5G09443
AT5G09445,AT5G09445
AT5G09450,AT5G09450
BHLH143,BHLH143
PUMP6,PUMP6
AT5G09480,AT5G09480
RPS15B,RPS15B
RPS15C,RPS15C
RPS15D,RPS15D
PELPK2,PELPK2
PELPK1,PELPK1
AT5G09540,AT5G09540
AT5G09550,AT5G09550
AT5G09570,AT5G09570
AT5G09580,AT5G09580
U2.5,U2.5
HSP70-10,HSP70-10
SDH3-1,SDH3-1
APUM21,APUM21
AT5G09620,AT5G09620
AT5G09630,AT5G09630
SCPL19,SCPL19
PPA6,PPA6
AT5G09655,AT5G09655
PMDH2,PMDH2
AT5G09670,AT5G09670
RLF,RLF
ATMGT7,ATMGT7
AT5G09700,AT5G09700
AT5G09711,AT5G09711
MRS2-8,MRS2-8
BXL3,BXL3
HAM2,HAM2
HEC3,HEC3
AT5G09755,AT5G09755
AT5G09760,AT5G09760
AT5G09770,AT5G09770
REM23,REM23
ATXR5,ATXR5
PUB28,PUB28
IDL3,IDL3
ACT7,ACT7
PAP7,PAP7
BOLA2,BOLA2
AT5G09840,AT5G09840
MED26C,MED26C
THO1,THO1
CESA5,CESA5
AT5G09876,AT5G09876
AT5G09880,AT5G09880
AT5G09890,AT5G09890
EMB2107,EMB2107
LIP2.1,LIP2.1
AT5G01635,AT5G01635
NRPB4,NRPB4
ABCF2,ABCF2
AT5G09940,AT5G09940
PCMP-H35,PCMP-H35
AT5G09960,AT5G09960
CYP78A7,CYP78A7
AT5G09976,AT5G09976
PEP7,PEP7
PEP4,PEP4
PEP5,PEP5
AT5G09995,AT5G09995
AT5G01645,AT5G01645
HIT4,HIT4
AT5G10020,AT5G10020
TGA4,TGA4
AT5G10040,AT5G10040
AT5G10050,AT5G10050
AT5G10060,AT5G10060
AT5G10070,AT5G10070
AT5G10080,AT5G10080
TPR13,TPR13
TPPI,TPPI
AT5G01655,AT5G01655
AT5G10110,AT5G10110
AT5G01665,AT5G01665
EIL4,EIL4
DFC,DFC
AT5G01675,AT5G01675
FLC,FLC
UFC,UFC
AT5G10160,AT5G10160
IPS3,IPS3
SULTR2;1,SULTR2;1
AT5G10190,AT5G10190
AT5G10200,AT5G10200
AT5G10210,AT5G10210
ANN6,ANN6
ANNAT7,ANNAT7
AT5G10235,AT5G10235
ASN3,ASN3
DOT3,DOT3
RABH1E,RABH1E
CDKC-1,CDKC-1
AT5G10278,AT5G10278
MYB92,MYB92
AT5G10290,AT5G10290
HNL,HNL
AT5G10310,AT5G10310
AT5G10320,AT5G10320
AT5G01705,AT5G01705
AT5G01725,AT5G01725
HISN6A.1,HISN6A.1
AT5G10336,AT5G10336
AT5G10340,AT5G10340
PABN3,PABN3
RPS6B,RPS6B
AT5G10370,AT5G10370
ATL55,ATL55
HTR2.1,HTR2.1
HTR2.2,HTR2.2
AT5G10410,AT5G10410
DTX26,DTX26
AGP4,AGP4
AT5G10435,AT5G10435
CYCD4-2,CYCD4-2
GRF6,GRF6
AT5G10460,AT5G10460
KCA1,KCA1
PAS2,PAS2
MSL2,MSL2
NET2C,NET2C
AIL6,AIL6
RBK1,RBK1
AT5G10525,AT5G10525
CYOP,CYOP
LECRK91,LECRK91
AT5G01765,AT5G01765
GTE2,GTE2
BXL6,BXL6
BHLH61,BHLH61
AT5G01775,AT5G01775
SNOR77,SNOR77
AT5G10580,AT5G10580
AT5G01795,AT5G01795
CYP81K2,CYP81K2
AT5G10605,AT5G10605
CYP81K1,CYP81K1
AT5G10620,AT5G10620
FLP2,FLP2
AT5G10630,AT5G10630
AT5G10650,AT5G10650
AT5G01805,AT5G01805
AT5G10660,AT5G10660
AT5G10680,AT5G10680
CBSPPR1,CBSPPR1
AT5G10695,AT5G10695
AT5G01815,AT5G01815
AT5G10700,AT5G10700
AT5G10710,AT5G10710
AT5G01825,AT5G01825
AHK5,AHK5
AT5G10730,AT5G10730
AT5G10740,AT5G10740
AT5G10745,AT5G10745
AT5G10750,AT5G10750
AED1,AED1
AT5G10770,AT5G10770
AT5G10780,AT5G10780
UBP22,UBP22
AT5G10800,AT5G10800
ATER,ATER
AT5G10820,AT5G10820
AT5G10830,AT5G10830
TMN8,TMN8
AT5G01835,AT5G01835
CBSX3,CBSX3
CM2,CM2
AT5G10880,AT5G10880
AT5G10890,AT5G10890
AT5G10900,AT5G10900
AT5G10910,AT5G10910
AT5G10920,AT5G10920
CIPK5,CIPK5
AT5G10940,AT5G10940
AT5G10946,AT5G10946
MIR156D,MIR156D
AT5G10950,AT5G10950
CAF1-10,CAF1-10
AT5G10965,AT5G10965
AT5G10970,AT5G10970
HTR8,HTR8
AT5G10990,AT5G10990
AT5G11000,AT5G11000
AT5G11010,AT5G11010
AT5G11020,AT5G11020
ALF4,ALF4
TRS120,TRS120
MYB64,MYB64
KNAT4,KNAT4
AT5G11070,AT5G11070
AT5G11080,AT5G11080
AT5G11090,AT5G11090
SYTD,SYTD
SPS2.1,SPS2.1
AT5G11140,AT5G11140
ATVAMP713,ATVAMP713
APT5,APT5
RH15,RH15
GLR2.6,GLR2.6
SHN2,SHN2
AT5G11200,AT5G11200
GLR2.5,GLR2.5
AT5G01865,AT5G01865
AT5G11220,AT5G11220
AT5G11225,AT5G11225
AT5G11230,AT5G11230
AT5G11240,AT5G11240
AT5G11250,AT5G11250
HY5,HY5
OCP3,OCP3
AT5G11280,AT5G11280
AT5G11290,AT5G11290
CYCA2-2,CYCA2-2
AT5G11310,AT5G11310
YUC4,YUC4
AT5G11330,AT5G11330
AT5G11340,AT5G11340
AT5G11350,AT5G11350
AT5G11360,AT5G11360
AT5G11370,AT5G11370
DXPS3,DXPS3
WIT1,WIT1
AT5G11400,AT5G11400
AT5G11410,AT5G11410
AT5G11412,AT5G11412
AT5G01875,AT5G01875
AT5G11416,AT5G11416
AT5G11420,AT5G11420
AT5G11430,AT5G11430
AT5G11425,AT5G11425
CID5,CID5
AT5G11450,AT5G11450
FLZ10,FLZ10
AT5G11470,AT5G11470
AT5G11480,AT5G11480
AT5G11490,AT5G11490
AT5G11500,AT5G11500
MYB3R4,MYB3R4
ASP3,ASP3
EMF1,EMF1
GULLO3,GULLO3
AT5G11550,AT5G11550
AT5G11560,AT5G11560
NPF1.3,NPF1.3
AT5G11580,AT5G11580
DREB3,DREB3
AT5G11600,AT5G11600
AT5G11610,AT5G11610
AT5G11620,AT5G11620
AT5G11630,AT5G11630
AT5G11640,AT5G11640
AT5G11650,AT5G11650
AT5G11660,AT5G11660
NADP-ME2,NADP-ME2
AT5G11680,AT5G11680
TIM17-3,TIM17-3
AT5G11700,AT5G11700
EPSIN1,EPSIN1
AT5G11720,AT5G11720
AT5G11730,AT5G11730
AGP15,AGP15
AT5G01885,AT5G01885
AT5G11750,AT5G11750
AT5G11760,AT5G11760
AT5G11770,AT5G11770
AT5G11780,AT5G11780
NDL2,NDL2
KEA6,KEA6
AT5G11810,AT5G11810
AT5G11820,AT5G11820
AT5G11830,AT5G11830
AT5G11840,AT5G11840
AT5G11850,AT5G11850
SSP5,SSP5
AT5G11870,AT5G11870
LYSA2,LYSA2
AT5G11890,AT5G11890
AT5G11900,AT5G11900
AT5G11910,AT5G11910
CWINV6,CWINV6
GRXC10,GRXC10
SBT3.11,SBT3.11
LOG8,LOG8
AT5G11960,AT5G11960
AT5G11970,AT5G11970
AT5G11975,AT5G11975
AT5G11980,AT5G11980
AT5G11990,AT5G11990
AT5G12000,AT5G12000
AT5G12010,AT5G12010
HSP17.6,HSP17.6
HSP17.7,HSP17.7
NLP3,NLP3
AT5G12043,AT5G12043
AT5G01925,AT5G01925
AT5G12050,AT5G12050
SPH3,SPH3
SPH4,SPH4
MSL10,MSL10
AT5G12090,AT5G12090
AT5G12100,AT5G12100
AT5G12110,AT5G12110
AT5G12120,AT5G12120
TERC,TERC
CYS1,CYS1
ROPGAP6,ROPGAP6
CLT3,CLT3
CPK17,CPK17
AT5G12190,AT5G12190
PYD2,PYD2
RGTB1,RGTB1
AT5G12220,AT5G12220
MED19A,MED19A
CLE22,CLE22
AT5G12236,AT5G12236
AT5G12240,AT5G12240
TUBB6,TUBB6
AT5G12260,AT5G12260
AT5G12270,AT5G12270
AT5G12280,AT5G12280
DGS1,DGS1
AT5G12300,AT5G12300
AT5G12310,AT5G12310
AT5G12320,AT5G12320
LRP1,LRP1
AT5G12340,AT5G12340
AT5G12350,AT5G12350
PANS2,PANS2
SEC10a,SEC10a
AT5G01935,AT5G01935
ANNAT8,ANNAT8
FIS1B,FIS1B
AT5G01945,AT5G01945
AT5G12400,AT5G12400
AT5G12410,AT5G12410
AT5G12420,AT5G12420
TPR16,TPR16
AT5G12440,AT5G12440
AT5G12450,AT5G12450
AT5G12460,AT5G12460
RER4,RER4
CPK7,CPK7
NFYA1,NFYA1
AT5G12850,AT5G12850
DIT1,DIT1
MYB46,MYB46
AT5G12880,AT5G12880
UGT92A1,UGT92A1
IRKI,IRKI
AT5G12920,AT5G12920
AT5G12930,AT5G12930
AT5G12940,AT5G12940
AT5G12950,AT5G12950
AT5G12960,AT5G12960
AT5G12970,AT5G12970
AT5G12980,AT5G12980
CLE40,CLE40
CALS3,CALS3
CUV,CUV
EML3,EML3
AT5G13030,AT5G13030
5FCL,5FCL
ABAP1,ABAP1
AT5G13070,AT5G13070
WRKY75,WRKY75
AT5G13090,AT5G13090
AT5G13100,AT5G13100
G6PD2,G6PD2
PNSL5,PNSL5
MORC5,MORC5
AT5G13140,AT5G13140
ATEXO70C1,ATEXO70C1
PBS1,PBS1
SWEET15,SWEET15
AT5G01965,AT5G01965
NAC083,NAC083
AT5G13181,AT5G13181
AT5G01975,AT5G01975
AT5G01985,AT5G01985
AT5G01995,AT5G01995
AT5G02015,AT5G02015
AT5G13190,AT5G13190
AT5G13200,AT5G13200
AT5G13210,AT5G13210
AT5G02045,AT5G02045
JAZ10,JAZ10
AT5G02055,AT5G02055
PCMP-H89,PCMP-H89
AT5G13240,AT5G13240
AT5G13250,AT5G13250
AT5G02075,AT5G02075
AT5G13260,AT5G13260
PCMP-H90,PCMP-H90
AK1,AK1
CRN,CRN
AT5G13295,AT5G13295
AGD3,AGD3
AT5G13310,AT5G13310
AT5G02085,AT5G02085
PBS3,PBS3
ERF113,ERF113
AT5G13340,AT5G13340
AT5G13350,AT5G13350
AT5G13360,AT5G13360
AT5G13370,AT5G13370
AT5G13380,AT5G13380
NEF1,NEF1
NPF6.1,NPF6.1
FKBP19,FKBP19
AT5G13420,AT5G13420
UCR1-1,UCR1-1
UCR1-2,UCR1-2
ATP5,ATP5
IQD11,IQD11
AT5G13470,AT5G13470
FY,FY
AAC2,AAC2
HPAT3,HPAT3
AT5G02095,AT5G02095
RPL10,RPL10
LKHA4,LKHA4
KEG,KEG
SULTR4;1,SULTR4;1
AT5G13560,AT5G13560
AT5G13565,AT5G13565
DCP2,DCP2
ABCG6,ABCG6
AT5G13590,AT5G13590
AT5G13600,AT5G13600
AT5G13610,AT5G13610
AT5G13620,AT5G13620
CHLH,CHLH
PDAT1,PDAT1
AT5G13650,AT5G13650
AT5G13660,AT5G13660
AT5G13670,AT5G13670
ELP1,ELP1
NAGLU,NAGLU
PAO1,PAO1
SMT1,SMT1
AT5G13720,AT5G13720
SIGD,SIGD
ZIF1,ZIF1
ZIFL1,ZIFL1
AT5G13760,AT5G13760
AT5G13770,AT5G13770
NAA10,NAA10
AGL15,AGL15
PPH,PPH
AT5G13810,AT5G13810
TRP4,TRP4
AT5G13825,AT5G13825
AT5G13830,AT5G13830
FZR3,FZR3
AT5G02105,AT5G02105
AT5G13845,AT5G13845
NACA3,NACA3
AT5G02115,AT5G02115
ELCL,ELCL
XTH5,XTH5
AT5G13880,AT5G13880
AT5G13890,AT5G13890
MIR848A,MIR848A
VAS,VAS
LEP,LEP
AT5G13920,AT5G13920
CHS,CHS
AT5G13940,AT5G13940
AT5G02125,AT5G02125
AT5G13950,AT5G13950
SUVH4,SUVH4
AT5G13970,AT5G13970
AT5G13980,AT5G13980
ATEXO70C2,ATEXO70C2
anac084,anac084
KNU,KNU
AT5G14020,AT5G14020
AT5G14030,AT5G14030
AT5G14035,AT5G14035
MPT3,MPT3
AT5G14050,AT5G14050
AK2,AK2
AT5G02145,AT5G02145
GRXC8,GRXC8
AT5G14080,AT5G14080
LA1,LA1
ABCI11,ABCI11
AT5G14105,AT5G14105
AT5G14110,AT5G14110
AT5G14120,AT5G14120
AT5G02155,AT5G02155
AT5G14130,AT5G14130
AT5G14140,AT5G14140
AT5G14150,AT5G14150
AT5G14160,AT5G14160
CHC1,CHC1
LIP2.2,LIP2.2
IMDH3,IMDH3
AT5G14210,AT5G14210
HEMG2,HEMG2
AT5G02175,AT5G02175
AT5G02185,AT5G02185
AT5G14230,AT5G14230
AT5G02195,AT5G02195
AT5G14240,AT5G14240
CSN3,CSN3
AT5G14260,AT5G14260
BET9,BET9
AT5G14275,AT5G14275
GPL2,GPL2
AT5G14285,AT5G14285
AT5G02205,AT5G02205
AT5G14290,AT5G14290
PHB5,PHB5
CXE16,CXE16
RPS13.1,RPS13.1
AT5G14330,AT5G14330
AtMYB40,AtMYB40
ENODL21,ENODL21
AT5G14350,AT5G14350
AT5G14360,AT5G14360
AT5G14370,AT5G14370
AGP6,AGP6
AT5G14390,AT5G14390
CYP724A1,CYP724A1
AT5G14410,AT5G14410
RGLG2,RGLG2
AT5G14430,AT5G14430
AT5G14440,AT5G14440
AT5G02225,AT5G02225
AT5G14450,AT5G14450
AT5G14460,AT5G14460
GLCAK2,GLCAK2
AT5G14480,AT5G14480
anac085,anac085
AT5G14500,AT5G14500
AT5G14510,AT5G14510
AT5G14515,AT5G14515
PES,PES
APRF1,APRF1
AT5G14540,AT5G14540
AT5G02245,AT5G02245
AT5G02255,AT5G02255
AT5G14550,AT5G14550
MIR398B,MIR398B
AT5G14560,AT5G14560
MIR398C,MIR398C
NRT2.7,NRT2.7
PNP2,PNP2
AT5G14590,AT5G14590
AT5G14600,AT5G14600
AT5G14602,AT5G14602
AT5G14610,AT5G14610
DRM2,DRM2
ASK5,ASK5
AT5G02265,AT5G02265
AT5G02275,AT5G02275
AT5G14650,AT5G14650
PDF1B,PDF1B
ATARFA1B,ATARFA1B
AT5G14680,AT5G14680
AT5G14690,AT5G14690
AT5G14700,AT5G14700
AT5G14710,AT5G14710
AT5G14720,AT5G14720
AT5G14730,AT5G14730
BCA2,BCA2
WER,WER
AO,AO
AT5G14770,AT5G14770
FDH1,FDH1
AT5G14790,AT5G14790
PROC1,PROC1
AT5G14820,AT5G14820
AT5G14850,AT5G14850
AT5G14860,AT5G14860
CNGC18,CNGC18
POT8,POT8
AT5G14890,AT5G14890
AT5G14895,AT5G14895
AT5G14900,AT5G14900
AT5G14910,AT5G14910
GASA14,GASA14
SAG101,SAG101
NPF5.8,NPF5.8
GMII,GMII
E2FD,E2FD
AT5G14970,AT5G14970
AT5G14980,AT5G14980
AT5G14990,AT5G14990
AT5G14995,AT5G14995
AT5G15000,AT5G15000
AT5G15008,AT5G15008
AT5G15010,AT5G15010
SNL2,SNL2
AT5G15022,AT5G15022
AT5G15025,AT5G15025
AT5G15030,AT5G15030
AT5G15040,AT5G15040
GLCAT14B,GLCAT14B
LBD34,LBD34
AT5G15070,AT5G15070
PIX7,PIX7
VDAC3,VDAC3
PIN8,PIN8
PCO1,PCO1
WRKY72,WRKY72
AT5G15140,AT5G15140
HAT7,HAT7
AT5G02335,AT5G02335
PRE2,PRE2
TDP1,TDP1
PER56,PER56
AT5G15190,AT5G15190
RPS9B,RPS9B
ZHD8,ZHD8
AT5G15220,AT5G15220
AT5G02345,AT5G02345
GASA4,GASA4
AVT1J,AVT1J
FTSH6,FTSH6
AT5G15260,AT5G15260
AT5G15265,AT5G15265
AT5G15270,AT5G15270
AT5G15280,AT5G15280
CASP5,CASP5
PCMP-E40,PCMP-E40
AT5G02355,AT5G02355
AT5G02375,AT5G02375
AT5G02395,AT5G02395
ATMYB16,ATMYB16
AT5G15320,AT5G15320
ATSPX4,ATSPX4
PCMP-H91,PCMP-H91
ENODL17,ENODL17
AT5G15360,AT5G15360
AT5G02405,AT5G02405
DRM1.1,DRM1.1
AT5G15390,AT5G15390
PUB1,PUB1
CNGC2,CNGC2
AT5G15420,AT5G15420
AT5G15430,AT5G15430
EDL1,EDL1
AT5G02415,AT5G02415
CLPB3,CLPB3
MUB2,MUB2
GAUT14,GAUT14
AT5G15480,AT5G15480
UGD3,UGD3
AT5G15500,AT5G15500
AT5G15510,AT5G15510
RPS19B,RPS19B
BCCP2,BCCP2
AT5G15533,AT5G15533
AT5G15537,AT5G15537
AT5G02425,AT5G02425
EMB2773,EMB2773
WDR12,WDR12
AT5G15570,AT5G15570
LNG1,LNG1
AT5G15581,AT5G15581
SP1L4,SP1L4
AT5G15610,AT5G15610
AT5G15620,AT5G15620
COBL4,COBL4
AT5G15640,AT5G15640
RGP2,RGP2
AT5G15660,AT5G15660
AT5G15670,AT5G15670
AT5G15680,AT5G15680
AT5G15685,AT5G15685
AT5G15690,AT5G15690
AT5G15700,AT5G15700
AT5G15710,AT5G15710
GLIP7,GLIP7
AT5G15725,AT5G15725
CRLK2,CRLK2
OFUT34,OFUT34
AT5G15745,AT5G15745
AT5G15750,AT5G15750
AT5G15760,AT5G15760
GNA1,GNA1
AT5G15780,AT5G15780
AT5G15790,AT5G15790
AT5G02445,AT5G02445
SEP1,SEP1
AT5G02455,AT5G02455
AT5G15802,AT5G15802
AT5G15805,AT5G15805
AT5G15810,AT5G15810
AT5G15815,AT5G15815
AT5G15820,AT5G15820
AtbZIP3,AtbZIP3
MIR865A,MIR865A
CO,CO
AT5G15843,AT5G15843
AT5G15845,AT5G15845
COL1,COL1
AT5G15853,AT5G15853
ICME,ICME
AT5G15870,AT5G15870
AT5G15880,AT5G15880
TBL21,TBL21
TBL19,TBL19
AT5G15910,AT5G15910
SMC5,SMC5
PAM1,PAM1
AT5G15940,AT5G15940
SAMDC2,SAMDC2
KIN1,KIN1
KIN2,KIN2
AT5G15980,AT5G15980
AT5G02485,AT5G02485
NIK1,NIK1
AT5G16010,AT5G16010
GEX3,GEX3
RTFL18,RTFL18
AT5G02495,AT5G02495
AT5G16030,AT5G16030
AT5G02515,AT5G02515
AT5G16040,AT5G16040
GRF5,GRF5
AT5G16060,AT5G16060
CCT6B,CCT6B
CXE17,CXE17
AT5G16090,AT5G16090
AT5G16100,AT5G16100
AT5G16110,AT5G16110
AT5G16120,AT5G16120
RPS7C,RPS7C
CRS2B,CRS2B
GLT1,GLT1
AT5G16160,AT5G16160
AT5G16170,AT5G16170
CRS1,CRS1
ATCSLA11,ATCSLA11
AT5G16200,AT5G16200
AT5G16210,AT5G16210
AT5G16220,AT5G16220
S-ACP-DES3,S-ACP-DES3
AT5G16235,AT5G16235
S-ACP-DES1,S-ACP-DES1
AT5G16250,AT5G16250
ELF9,ELF9
SYN4,SYN4
AT5G16280,AT5G16280
VAT1,VAT1
AT5G16300,AT5G16300
UCH1,UCH1
AT5G02525,AT5G02525
FRL1,FRL1
AT5G16330,AT5G16330
AAE6,AAE6
AT5G16350,AT5G16350
AT5G16360,AT5G16360
AAE5,AAE5
AT5G16380,AT5G16380
BCCP1,BCCP1
TRXF2,TRXF2
AT5G16410,AT5G16410
AT5G16420,AT5G16420
AT5G16430,AT5G16430
IPP1,IPP1
AT5G16450,AT5G16450
AT5G02535,AT5G02535
AT5G16453,AT5G16453
MBS2,MBS2
DSP5,DSP5
AT5G16486,AT5G16486
RIC4,RIC4
LIP1,LIP1
RGP5,RGP5
AT5G16520,AT5G16520
PIN5,PIN5
ZFN3,ZFN3
AT5G16550,AT5G16550
KAN1,KAN1
AT5G02555,AT5G02555
GLN1-4,GLN1-4
BGLU2,BGLU2
LRR1,LRR1
MYB43,MYB43
AT5G16610,AT5G16610
AT5G02565,AT5G02565
AT5G02575,AT5G02575
TIC40,TIC40
RAD4,RAD4
AT5G16640,AT5G16640
AT5G16650,AT5G16650
AT5G16660,AT5G16660
AT5G16680,AT5G16680
ORC3,ORC3
AT5G16700,AT5G16700
DHAR3,DHAR3
EMB2247,EMB2247
MYOB3,MYOB3
AT5G16730,AT5G16730
AVT1H,AVT1H
TOZ,TOZ
ITPK1,ITPK1
AtMYB9,AtMYB9
DOT2,DOT2
THO7A,THO7A
AT5G16800,AT5G16800
AT5G16810,AT5G16810
HSFA1B,HSFA1B
SYP21,SYP21
AT5G02595,AT5G02595
BPA1,BPA1
AT5G02605,AT5G02605
TERT,TERT
PCMP-H92,PCMP-H92
AT5G16870,AT5G16870
TOL1,TOL1
AT5G16890,AT5G16890
AT5G16900,AT5G16900
CSLD2,CSLD2
AT5G16920,AT5G16920
AT5G16930,AT5G16930
AT5G16940,AT5G16940
AT5G16950,AT5G16950
AT5G02635,AT5G02635
AT5G16960,AT5G16960
AER,AER
AT5G16980,AT5G16980
P2,P2
AT5G17000,AT5G17000
AT5G17010,AT5G17010
XPO1,XPO1
UGT78D3,UGT78D3
UGT78D4,UGT78D4
UGT78D2,UGT78D2
ATARFB1B,ATARFB1B
AT5G17070,AT5G17070
AT5G17080,AT5G17080
AT5G17090,AT5G17090
AT5G17130,AT5G17130
AT5G17140,AT5G17140
AT5G17150,AT5G17150
AT5G17160,AT5G17160
AT5G17165,AT5G17165
AT5G17167,AT5G17167
ENH1,ENH1
AT5G17180,AT5G17180
AT5G17190,AT5G17190
AT5G17200,AT5G17200
AT5G17210,AT5G17210
GSTF12,GSTF12
PSY,PSY
SDG40,SDG40
AT5G17250,AT5G17250
AT5G02645,AT5G02645
AT5G02665,AT5G02665
AT5G02675,AT5G02675
NAC086,NAC086
AT5G17270,AT5G17270
ATG5,ATG5
AT5G17280,AT5G17280
RVE1,RVE1
AT5G17305,AT5G17305
UGP1,UGP1
HDG9,HDG9
GAD1,GAD1
AT5G17340,AT5G17340
AT5G17345,AT5G17345
AT5G17350,AT5G17350
AT5G17360,AT5G17360
AT5G02695,AT5G02695
AT5G17370,AT5G17370
HACL,HACL
AT5G17390,AT5G17390
ER-ANT1,ER-ANT1
AT5G17410,AT5G17410
AT5G02705,AT5G02705
CESA7,CESA7
AT5G02715,AT5G02715
BBM,BBM
AT5G17440,AT5G17440
AT5G02735,AT5G02735
HIPP21,HIPP21
AT5G17460,AT5G17460
CML32,CML32
RGL3,RGL3
AT5G17500,AT5G17500
AT5G17510,AT5G17510
MEX1,MEX1
AT5G17522,AT5G17522
AT5G17523,AT5G17523
AT5G17530,AT5G17530
AT5G17540,AT5G17540
PEX19-2,PEX19-2
BOLA4,BOLA4
AT5G17570,AT5G17570
AT5G02745,AT5G02745
AT5G17580,AT5G17580
AT5G17590,AT5G17590
ATL52,ATL52
AT5G17610,AT5G17610
AUG7,AUG7
XPT,XPT
AT5G02755,AT5G02755
AT5G17640,AT5G17640
AT5G17650,AT5G17650
AT5G17660,AT5G17660
AT5G17670,AT5G17670
AT5G17680,AT5G17680
TFL2,TFL2
DTX25,DTX25
AT5G02765,AT5G02765
EMB1241,EMB1241
BDG5,BDG5
AT5G17730,AT5G17730
AT5G17750,AT5G17750
AT5G17760,AT5G17760
CBR1,CBR1
AT5G17780,AT5G17780
VAR3,VAR3
MYB56,MYB56
WOX12,WOX12
AT5G17820,AT5G17820
AT5G02795,AT5G02795
AT5G17830,AT5G17830
AT5G17840,AT5G17840
AT5G17847,AT5G17847
CCX2,CCX2
CCX1,CCX1
PSRP6,PSRP6
CSA1,CSA1
AT5G02805,AT5G02805
DAR4,DAR4
AT5G17900,AT5G17900
AT5G17910,AT5G17910
MS1,MS1
AT5G17930,AT5G17930
AT5G17950,AT5G17950
AT5G17960,AT5G17960
AT5G17970,AT5G17970
AT5G02825,AT5G02825
AT5G17980,AT5G17980
PAT1.1,PAT1.1
VDD,VDD
AT5G18005,AT5G18005
SAUR19,SAUR19
AT5G02835,AT5G02835
AT5G02855,AT5G02855
AT5G18015,AT5G18015
SAUR20,SAUR20
AT5G02865,AT5G02865
SAUR21,SAUR21
AT5G18037,AT5G18037
HTT2,HTT2
SAUR22,SAUR22
SAUR23,SAUR23
HTT3,HTT3
DRT101,DRT101
SAUR24,SAUR24
AT5G18085,AT5G18085
AT5G18090,AT5G18090
CSD3,CSD3
AT5G02875,AT5G02875
NCBP,NCBP
APRL7,APRL7
AT5G18130,AT5G18130
AT5G18140,AT5G18140
AT5G18150,AT5G18150
AT5G18160,AT5G18160
GDH1,GDH1
AT5G18180,AT5G18180
AT5G18190,AT5G18190
AT5G18200,AT5G18200
AT5G18210,AT5G18210
AT5G18220,AT5G18220
AT5G18230,AT5G18230
AT5G18245,AT5G18245
MYR1,MYR1
AT5G18250,AT5G18250
AT5G18255,AT5G18255
AT5G18260,AT5G18260
ANAC087,ANAC087
APY2,APY2
SIP1-2,SIP1-2
AT5G02885,AT5G02885
anac088,anac088
AT5G18310,AT5G18310
PUB46,PUB46
PUB47,PUB47
PUB48,PUB48
AT5G18350,AT5G18350
AT5G18360,AT5G18360
DSC2,DSC2
RPS16C,RPS16C
AT5G18390,AT5G18390
AT5G18400,AT5G18400
AT5G18403,AT5G18403
AT5G18404,AT5G18404
AT5G18407,AT5G18407
PIR,PIR
AT5G18420,AT5G18420
AT5G18430,AT5G18430
AT5G18440,AT5G18440
DREB2G,DREB2G
AT5G18460,AT5G18460
AT5G18470,AT5G18470
AT5G02895,AT5G02895
AT5G18475,AT5G18475
IPUT1,IPUT1
AT5G18490,AT5G18490
AT5G18500,AT5G18500
AT5G18510,AT5G18510
AT5G18520,AT5G18520
GFS12,GFS12
AT5G18540,AT5G18540
AT5G18550,AT5G18550
ERF086,ERF086
OBGL,OBGL
TON2,TON2
AT5G02905,AT5G02905
AT5G02915,AT5G02915
AT5G18590,AT5G18590
GRXS2,GRXS2
PBL27,PBL27
CHR17,CHR17
AT5G18630,AT5G18630
AT5G18636,AT5G18636
AT5G18640,AT5G18640
MIEL1,MIEL1
DVR,DVR
AT5G18661,AT5G18661
BAM9,BAM9
TULP11,TULP11
AGP25,AGP25
RUK,RUK
AT5G18705,AT5G18705
AT5G18710,AT5G18710
AT5G18720,AT5G18720
AT5G18730,AT5G18730
AT5G18735,AT5G18735
AT5G18740,AT5G18740
AT5G18748,AT5G18748
AT5G18750,AT5G18750
AT5G18755,AT5G18755
AT5G18760,AT5G18760
AT5G18770,AT5G18770
AT5G18780,AT5G18780
AT5G18790,AT5G18790
AT5G18800,AT5G18800
SCL28.1,SCL28.1
CPN60A2,CPN60A2
SPL7,SPL7
AT5G18840,AT5G18840
AT5G18850,AT5G18850
AT5G18860,AT5G18860
AT5G18870,AT5G18870
AT5G18880,AT5G18880
AT5G18890,AT5G18890
P4H4,P4H4
AT5G18910,AT5G18910
AT5G18920,AT5G18920
SAMDC4,SAMDC4
AT5G18933,AT5G18933
AT5G02925,AT5G02925
AT5G18937,AT5G18937
AT5G02935,AT5G02935
AT5G18940,AT5G18940
AT5G18950,AT5G18950
FRS12,FRS12
AT5G18970,AT5G18970
AT5G18980,AT5G18980
PME55,PME55
BPM1,BPM1
MPK16,MPK16
PCMP-E42.1,PCMP-E42.1
AT5G19025,AT5G19025
AT5G19030,AT5G19030
IPT5,IPT5
AT5G19050,AT5G19050
AT5G19060,AT5G19060
AT5G19070,AT5G19070
LUL3,LUL3
HIPP33,HIPP33
AT5G02945,AT5G02945
AT5G02955,AT5G02955
AT5G02965,AT5G02965
AT5G02975,AT5G02975
AT5G02985,AT5G02985
AT5G03005,AT5G03005
AT5G19095,AT5G19095
AT5G19100,AT5G19100
AT5G03015,AT5G03015
AT5G19110,AT5G19110
AT5G19120,AT5G19120
AT5G19130,AT5G19130
ATAILP1,ATAILP1
AT5G19150,AT5G19150
AT5G19151,AT5G19151
TBL11,TBL11
AT5G03025,AT5G03025
AT5G19170,AT5G19170
AT5G19172,AT5G19172
AT5G19175,AT5G19175
AT5G03035,AT5G03035
AT5G03045,AT5G03045
ECR1,ECR1
AT5G19190,AT5G19190
TSC10B,TSC10B
RH58,RH58
ADG2,ADG2
AT5G19221,AT5G19221
AT5G19230,AT5G19230
AT5G19240,AT5G19240
AT5G19250,AT5G19250
FAF3,FAF3
AT5G03055,AT5G03055
KAPP,KAPP
AT5G19290,AT5G19290
AT5G19300,AT5G19300
CHR23,CHR23
AT5G19315,AT5G19315
RANGAP2,RANGAP2
ARIA,ARIA
AT5G19340,AT5G19340
AT5G03075,AT5G03075
RBP47B',RBP47B'
CPK34,CPK34
AT5G19370,AT5G19370
CLT1,CLT1
ROPGAP7,ROPGAP7
SMG7,SMG7
AT5G19410,AT5G19410
AT5G19420,AT5G19420
AT5G19430,AT5G19430
AT5G19440,AT5G19440
CPK8,CPK8
NUDT20,NUDT20
NUDT24,NUDT24
AT5G19473,AT5G19473
MED19B,MED19B
AT5G19485,AT5G19485
AT5G19490,AT5G19490
AT5G19500,AT5G19500
AT5G19510,AT5G19510
MSL9,MSL9
ACL5,ACL5
AT5G19540,AT5G19540
ASP2,ASP2
ATROPGEF10,ATROPGEF10
AT5G19570,AT5G19570
AT5G19580,AT5G19580
AT5G19590,AT5G19590
AT5G19595,AT5G19595
SULTR3;5,SULTR3;5
GNL2,GNL2
OEP80,OEP80
AT5G19630,AT5G19630
AT5G19633,AT5G19633
OFP8,OFP8
SBT6.1,SBT6.1
AT5G19670,AT5G19670
AT5G19675,AT5G19675
AT5G19680,AT5G19680
STT3A,STT3A
DTX52,DTX52
AT5G03085,AT5G03085
AT5G19720,AT5G19720
AT5G03095,AT5G03095
PME53,PME53
LAMP1,LAMP1
AT5G19750,AT5G19750
DTC,DTC
TUBA3,TUBA3
TUBA3.1,TUBA3.1
RAP2-11,RAP2-11
AT5G19800,AT5G19800
AT5G19810,AT5G19810
emb2734,emb2734
AT5G19830,AT5G19830
AT5G19840,AT5G19840
AT5G19850,AT5G19850
RBCX2,RBCX2
AT5G19860,AT5G19860
AT5G19870,AT5G19870
AT5G19875,AT5G19875
PER58,PER58
PER59,PER59
AT5G19900,AT5G19900
MED31,MED31
AT5G19920,AT5G19920
PGR,PGR
PAP8,PAP8
AT5G19950,AT5G19950
AT5G19960,AT5G19960
AT5G19970,AT5G19970
GFT1,GFT1
RPT6A,RPT6A
RPT6B,RPT6B
RAN1,RAN1
RAN2,RAN2
AT5G20030,AT5G20030
ATIPT9,ATIPT9
AT5G20045,AT5G20045
AT5G20050,AT5G20050
AT5G20060,AT5G20060
NUDT19,NUDT19
CBR2,CBR2
MPC1,MPC1
AT5G20100,AT5G20100
AT5G20110,AT5G20110
AT5G20120,AT5G20120
AT5G20130,AT5G20130
AT5G20140,AT5G20140
SPX1,SPX1
AT5G20160,AT5G20160
AT5G20165,AT5G20165
MED17,MED17
AT5G20180,AT5G20180
AT5G20190,AT5G20190
AT5G20200,AT5G20200
AT5G20220,AT5G20220
AT5G20225,AT5G20225
BCB,BCB
AT5G03115,AT5G03115
PI,PI
DIN10,DIN10
AT5G20260,AT5G20260
HHP1,HHP1
SPS1.1,SPS1.1
RPS8A,RPS8A
TOC90,TOC90
AT5G20310,AT5G20310
DCL4,DCL4
BG4,BG4
PAT24,PAT24
Phox3,Phox3
AT5G20370,AT5G20370
PHT4;5,PHT4;5
AT5G20400,AT5G20400
MGD2,MGD2
CLSY2,CLSY2
MOB2B,MOB2B
MOB2A,MOB2A
AT5G20447,AT5G20447
AT5G20450,AT5G20450
AT5G20460,AT5G20460
AT5G20470,AT5G20470
AT5G03135,AT5G03135
EFR,EFR
AT5G03145,AT5G03145
XI-K,XI-K
AT5G03155,AT5G03155
GRXC4,GRXC4
AT5G03165,AT5G03165
AL5,AL5
AT5G03175,AT5G03175
WAV2,WAV2
BRXL4,BRXL4
AT5G20550,AT5G20550
AT5G20560,AT5G20560
ROC1,ROC1
AT5G20580,AT5G20580
TBL5,TBL5
AT5G20600,AT5G20600
PMIR1,PMIR1
UBQ4,UBQ4
GER3,GER3
GG3,GG3
AT5G20640,AT5G20640
COPT5,COPT5
AT5G03185,AT5G03185
AT5G20660,AT5G20660
AT5G20670,AT5G20670
TBL16,TBL16
PRK6,PRK6
FLZ14,FLZ14
BGAL7,BGAL7
CPN20,CPN20
AT5G03195,AT5G03195
NPH4,NPH4
AT5G03205,AT5G03205
AT5G20740,AT5G20740
AT5G20790,AT5G20790
AT5G20810,AT5G20810
SAUR76,SAUR76
SUS1,SUS1
SAC4,SAC4
RAD51,RAD51
AT5G20852,AT5G20852
ATC2,ATC2
AT5G20856,AT5G20856
AT5G20858,AT5G20858
AT5G20860,AT5G20860
AT5G20870,AT5G20870
AT5G20885,AT5G20885
CCT2,CCT2
TIFY3B,TIFY3B
AT5G03235,AT5G03235
AIP2,AIP2
AT5G03245,AT5G03245
EIF2B,EIF2B
TOUSLED,TOUSLED
AT5G20935,AT5G20935
AT5G20940,AT5G20940
AT5G03255,AT5G03255
AT5G20950,AT5G20950
AAO1,AAO1
AT5G03265,AT5G03265
MS3,MS3
AT5G20970,AT5G20970
CNX1,CNX1
AT5G20995,AT5G20995
AT5G03275,AT5G03275
BPM5,BPM5
AT5G21020,AT5G21020
AT5G21030,AT5G21030
FBX2,FBX2
AT5G21050,AT5G21050
AT5G21060,AT5G21060
AT5G21070,AT5G21070
AT5G21080,AT5G21080
AT5G03295,AT5G03295
LRR1.1,LRR1.1
AT5G21100,AT5G21100
AT5G03305,AT5G03305
AT5G21105,AT5G21105
EIL2,EIL2
AT5G21125,AT5G21125
AT5G21130,AT5G21130
emb1379,emb1379
AGO9,AGO9
AT5G21160,AT5G21160
AKINBETA1,AKINBETA1
ATC401,ATC401
CAM6,CAM6
CIPK26,CIPK26
AT5G21378,AT5G21378
ndhU,ndhU
CKX7,CKX7
AT5G21900,AT5G21900
AT5G21910,AT5G21910
YLMG2,YLMG2
AT5G03315,AT5G03315
PAA2,PAA2
AT5G21940,AT5G21940
AT5G21950,AT5G21950
ERF016,ERF016
AT5G21970,AT5G21970
AT5G21280,AT5G21280
AT5G03325,AT5G03325
AT5G03335,AT5G03335
OEP61,OEP61
RHF2A,RHF2A
RFC1,RFC1
AT5G22020,AT5G22020
UBP8,UBP8
AT5G22040,AT5G22040
AT5G22050,AT5G22050
ATJ2,ATJ2
AT5G22070,AT5G22070
AT5G03375,AT5G03375
AT5G22080,AT5G22080
AT5G22090,AT5G22090
AT5G03385,AT5G03385
AT5G22100,AT5G22100
DPB2,DPB2
AT5G22120,AT5G22120
PNT1,PNT1
AT5G22140,AT5G22140
AT5G22145,AT5G22145
AT5G22150,AT5G22150
AT5G22170,AT5G22170
AT5G22190,AT5G22190
AT5G22200,AT5G22200
AT5G22210,AT5G22210
E2FB,E2FB
OFP10,OFP10
CAF1-11,CAF1-11
MS1.1,MS1.1
AT5G22270,AT5G22270
AT5G22280,AT5G22280
NAC089,NAC089
NIT4,NIT4
AT5G22310,AT5G22310
AT5G22315,AT5G22315
AT5G22320,AT5G22320
RIN1,RIN1
AT5G22340,AT5G22340
ELM1,ELM1
AT5G22355,AT5G22355
VAMP714,VAMP714
EMB1705,EMB1705
NAC090,NAC090
AT5G22390,AT5G22390
AT5G03395,AT5G03395
ROPGAP1,ROPGAP1
PER60,PER60
FAR7,FAR7
AT5G22430,AT5G22430
RPL10AC,RPL10AC
AT5G22450,AT5G22450
AT5G22460,AT5G22460
AT5G22470,AT5G22470
AT5G22480,AT5G22480
AT5G22490,AT5G22490
FAR1,FAR1
AT5G22505,AT5G22505
INVE,INVE
AT5G03425,AT5G03425
AT5G22520,AT5G22520
AT5G22530,AT5G22530
AT5G22540,AT5G22540
AT5G22545,AT5G22545
AT5G22550,AT5G22550
AT5G22555,AT5G22555
AT5G22560,AT5G22560
WRKY38,WRKY38
AT5G22580,AT5G22580
AT5G22590,AT5G22590
AT5G22600,AT5G22600
AT5G03465,AT5G03465
AT5G22608,AT5G22608
AT5G22610,AT5G22610
AT5G22620,AT5G22620
ADT5,ADT5
TIC100,TIC100
HDT2,HDT2
AT5G22660,AT5G22660
AT5G22670,AT5G22670
AT5G22680,AT5G22680
AT5G22690,AT5G22690
AT5G22700,AT5G22700
AT5G22720,AT5G22720
AT5G22730,AT5G22730
CSLA2,CSLA2
RAD5,RAD5
AT5G22760,AT5G22760
AT5G22765,AT5G22765
ALPHA-ADR,ALPHA-ADR
AT5G03475,AT5G03475
ALPHAC-AD,ALPHAC-AD
AT5G22785,AT5G22785
RER1,RER1
AT5G22788,AT5G22788
AT5G22791,AT5G22791
AT5G22794,AT5G22794
AT5G03485,AT5G03485
AT5G22796,AT5G22796
AT5G03515,AT5G03515
AT5G22799,AT5G22799
AT5G03525,AT5G03525
EMB86,EMB86
AT5G22810,AT5G22810
AT5G22820,AT5G22820
MRS2-11,MRS2-11
AT5G22840,AT5G22840
AT5G22850,AT5G22850
AT5G03535,AT5G03535
AT5G22860,AT5G22860
AT5G22870,AT5G22870
AT5G22875,AT5G22875
H2B,H2B
STOP2,STOP2
CHX9,CHX9
RZPF34,RZPF34
AT5G22930,AT5G22930
F8H,F8H
VPS24-1,VPS24-1
SCPL54,SCPL54
SCPL47,SCPL47
AT5G22990,AT5G22990
RAX1,RAX1
MAM1,MAM1
MAM3,MAM3
TET12,TET12
AT5G23035,AT5G23035
CPP1,CPP1
AAE17,AAE17
CAS,CAS
MIR162B,MIR162B
TK1B,TK1B
TGH,TGH
DR1,DR1
AT5G23100,AT5G23100
AT5G03575,AT5G03575
AT5G23110,AT5G23110
AT5G23115,AT5G23115
HCF136,HCF136
AT5G23130,AT5G23130
CLPP2,CLPP2
HUA2,HUA2
AT5G23155,AT5G23155
AT5G23160,AT5G23160
AT5G23170,AT5G23170
CYP86B1,CYP86B1
AT5G23200,AT5G23200
SCPL34,SCPL34
AT5G23212,AT5G23212
NIC3,NIC3
AT5G03585,AT5G03585
NIC2,NIC2
DJC76,DJC76
AT5G23250,AT5G23250
TT16,TT16
STP11,STP11
TCP7,TCP7
PFD5,PFD5
PYRD,PYRD
FSD3,FSD3
ATSTE14,ATSTE14
RIBF1,RIBF1
AT5G23340,AT5G23340
AT5G23350,AT5G23350
AT5G23360,AT5G23360
AT5G23370,AT5G23370
AT5G23380,AT5G23380
AT5G23390,AT5G23390
MIA40,MIA40
AT5G23400,AT5G23400
HMGB12,HMGB12
AT5G03595,AT5G03595
AT5G23410,AT5G23410
AT5G23411,AT5G23411
AT5G03605,AT5G03605
HMGB7,HMGB7
AT5G03615,AT5G03615
AT5G23430,AT5G23430
FTRA1,FTRA1
ATLCBK1,ATLCBK1
AT5G23460,AT5G23460
AT5G23470,AT5G23470
AT5G23480,AT5G23480
AT5G23490,AT5G23490
AT5G23510,AT5G23510
AT5G23520,AT5G23520
CXE18,CXE18
AT5G23535,AT5G23535
RPN11,RPN11
AT5G23550,AT5G23550
SGS3,SGS3
AT5G23575,AT5G23575
CPK12,CPK12
AT5G23590,AT5G23590
AT5G23600,AT5G23600
AT5G23610,AT5G23610
PDR2,PDR2
AT5G23650,AT5G23650
SWEET12,SWEET12
AT5G03625,AT5G03625
AT5G23665,AT5G23665
LCB2A,LCB2A
AT5G23680,AT5G23680
AT5G03635,AT5G03635
AT5G23690,AT5G23690
AT5G23700,AT5G23700
AT5G23710,AT5G23710
PHS1.1,PHS1.1
RUP2,RUP2
AT5G03645,AT5G03645
RPS11C,RPS11C
AT5G23750,AT5G23750
AT5G23760,AT5G23760
DUF8,DUF8
DUF9,DUF9
GOLS5,GOLS5
ATDUF10,ATDUF10
AAP7,AAP7
ML3,ML3
AT5G23830,AT5G23830
AT5G23840,AT5G23840
AT5G23850,AT5G23850
TUBB8,TUBB8
PAE9,PAE9
CPSF100,CPSF100
AT5G23890,AT5G23890
RPL13D,RPL13D
AT5G23910,AT5G23910
AT5G23920,AT5G23920
AT5G23930,AT5G23930
DCR,DCR
AT5G23950,AT5G23950
TPS21,TPS21
AT5G23970,AT5G23970
FRO4,FRO4
ATFRO5,ATFRO5
AT5G24000,AT5G24000
AT5G24010,AT5G24010
MIND1,MIND1
SLAH3,SLAH3
AT5G24040,AT5G24040
AT5G24050,AT5G24050
AT5G24060,AT5G24060
PER61,PER61
AT5G24080,AT5G24080
AT5G03685,AT5G03685
CHIB1,CHIB1
AT5G24100,AT5G24100
AGP41,AGP41
WRKY30,WRKY30
SIGE,SIGE
AT5G24130,AT5G24130
SQP2,SQP2
SQE5,SQE5
AT5G24155,AT5G24155
SQE6,SQE6
AT5G24165,AT5G24165
AT5G24170,AT5G24170
AT5G24180,AT5G24180
AT5G24190,AT5G24190
AT5G24200,AT5G24200
AT5G24205,AT5G24205
AT5G24206,AT5G24206
AT5G24210,AT5G24210
AT5G24215,AT5G24215
AT5G03695,AT5G03695
AT5G24220,AT5G24220
AT5G24230,AT5G24230
PI4KG3,PI4KG3
AT5G24260,AT5G24260
CBL4,CBL4
AT5G24275,AT5G24275
GMI1,GMI1
MEB2,MEB2
SS1,SS1
ABIL3,ABIL3
AT5G24313,AT5G24313
PTAC7,PTAC7
AT5G24316,AT5G24316
AT5G24318,AT5G24318
AT5G24320,AT5G24320
ATXR6,ATXR6
AT5G24340,AT5G24340
AT5G24350,AT5G24350
AT5G24352,AT5G24352
AT5G24355,AT5G24355
ATIRE1-1,ATIRE1-1
AT5G24370,AT5G24370
YSL2,YSL2
AT5G24390,AT5G24390
PGL3.1,PGL3.1
PGL4,PGL4
PGL5,PGL5
CRK4,CRK4
CID13,CID13
AT5G24450,AT5G24450
AT5G24460,AT5G24460
APRR5,APRR5
AT5G03755,AT5G03755
AT5G24480,AT5G24480
AT5G24490,AT5G24490
AT5G24500,AT5G24500
AT5G24510,AT5G24510
TTG1,TTG1
DMR6,DMR6
BGLU31,BGLU31
BGLU32,BGLU32
AtPP2-B12,AtPP2-B12
AT5G24570,AT5G24570
AT5G03765,AT5G03765
HIPP09,HIPP09
NAC091,NAC091
AT5G24600,AT5G24600
AT5G24610,AT5G24610
AT5G24620,AT5G24620
AT5G03805,AT5G03805
BIN4,BIN4
AT5G24640,AT5G24640
HP30-2,HP30-2
AT5G03815,AT5G03815
LSU4,LSU4
LSU2,LSU2
AT5G24670,AT5G24670
AT5G24680,AT5G24680
AT5G24690,AT5G24690
AT5G24710,AT5G24710
AT5G24735,AT5G24735
AT5G24740,AT5G24740
AT5G24750,AT5G24750
AT5G24760,AT5G24760
VSP2,VSP2
VSP1,VSP1
AT5G24790,AT5G24790
BZIP9,BZIP9
AT5G24810,AT5G24810
AT5G03825,AT5G03825
AT5G24820,AT5G24820
MIR169B,MIR169B
AT5G24830,AT5G24830
AT5G03835,AT5G03835
AT5G24840,AT5G24840
CRYD,CRYD
FPF1,FPF1
AT5G24870,AT5G24870
AT5G24880,AT5G24880
AT5G24890,AT5G24890
CYP714A2,CYP714A2
CYP714A1,CYP714A1
AT5G03845,AT5G03845
GDU5,GDU5
COL4,COL4
AT5G24940,AT5G24940
CYP71A14,CYP71A14
AT5G24970,AT5G24970
AT5G24980,AT5G24980
AT5G24990,AT5G24990
AT5G25000,AT5G25000
AT5G25010,AT5G25010
AT5G25020,AT5G25020
AT5G25030,AT5G25030
AT5G25040,AT5G25040
AT5G25050,AT5G25050
RRC1,RRC1
AT5G25070,AT5G25070
AT5G25080,AT5G25080
AT5G03875,AT5G03875
ENODL13,ENODL13
AT5G25100,AT5G25100
CIPK25,CIPK25
AT5G03915,AT5G03915
CYP71B11,CYP71B11
AT5G03925,AT5G03925
CYP71B12,CYP71B12
CYP71B13,CYP71B13
TAF5,TAF5
ZFP3,ZFP3
AT5G25170,AT5G25170
CYP71B14,CYP71B14
ERF003,ERF003
AT5G25195,AT5G25195
AT5G25200,AT5G25200
AT5G25210,AT5G25210
AT5G03935,AT5G03935
KNAT3,KNAT3
GFL,GFL
AT5G25240,AT5G25240
FLOT1,FLOT1
FLOT2,FLOT2
HPAT1,HPAT1
AT5G25270,AT5G25270
AT5G25280,AT5G25280
AT5G03955,AT5G03955
AT5G25290,AT5G25290
AT5G25300,AT5G25300
AT5G25310,AT5G25310
ACR2,ACR2
AT5G25330,AT5G25330
AT5G25340,AT5G25340
EBF2,EBF2
AT5G03965,AT5G03965
AT5G25360,AT5G25360
PLDALPHA3,PLDALPHA3
CYCA2-1,CYCA2-1
SHN3,SHN3
AT5G25400,AT5G25400
AT5G25415,AT5G25415
NAT9,NAT9
BOR6,BOR6
AT5G25440,AT5G25440
QCR7-2,QCR7-2
AT5G03975,AT5G03975
AT5G03985,AT5G03985
AT5G25460,AT5G25460
AT5G25470,AT5G25470
AT5G25475,AT5G25475
DNMT2,DNMT2
AT5G25490,AT5G25490
AT5G25500,AT5G25500
AT5G04005,AT5G04005
B'KAPPA,B'KAPPA
AT5G04015,AT5G04015
AT5G25520,AT5G25520
AT5G25530,AT5G25530
CID6,CID6
LRX7,LRX7
AT5G25560,AT5G25560
AT5G25570,AT5G25570
AT5G25580,AT5G25580
AT5G25585,AT5G25585
AT5G25590,AT5G25590
AT5G25600,AT5G25600
RD22,RD22
YUC6,YUC6
AT5G25630,AT5G25630
AT5G25640,AT5G25640
AT5G25750,AT5G25750
AT5G25754,AT5G25754
AT5G25755,AT5G25755
AT5G04055,AT5G04055
AT5G25756,AT5G25756
AT5G04065,AT5G04065
AT5G04075,AT5G04075
AT5G25757,AT5G25757
PEX4,PEX4
AT5G25770,AT5G25770
AT5G04085,AT5G04085
AT5G04105,AT5G04105
EIF3B-2,EIF3B-2
AT5G25790,AT5G25790
AT5G25800,AT5G25800
TINY,TINY
AT5G25820,AT5G25820
GATA12,GATA12
AT5G04125,AT5G04125
AT5G25840,AT5G25840
AT5G25860,AT5G25860
AT5G04145,AT5G04145
NADP-ME3,NADP-ME3
IAA28,IAA28
KO,KO
AtRLP52,AtRLP52
AT5G04165,AT5G04165
AT5G25920,AT5G25920
AT5G25930,AT5G25930
AT5G04175,AT5G04175
AT5G25940,AT5G25940
AT5G04185,AT5G04185
AT5G25960,AT5G25960
AT5G25970,AT5G25970
TGG2,TGG2
AT5G25990,AT5G25990
AT5G25995,AT5G25995
TGG1,TGG1
AT5G26010,AT5G26010
FC1,FC1
HDA2,HDA2
AT5G26070,AT5G26070
AT5G26080,AT5G26080
AT5G26090,AT5G26090
AT5G26100,AT5G26100
AT5G26110,AT5G26110
AT5G04195,AT5G04195
ASD2,ASD2
LOG9,LOG9
AT5G26146,AT5G26146
AT5G26150,AT5G26150
PMIR2,PMIR2
WRKY50,WRKY50
AT5G26180,AT5G26180
AT5G26190,AT5G26190
AT5G26200,AT5G26200
AL4,AL4
GGCT2;1,GGCT2;1
AT5G04205,AT5G04205
AT5G04215,AT5G04215
MAKR1,MAKR1
CLC-D,CLC-D
STP8,STP8
AT5G26260,AT5G26260
AT5G26262,AT5G26262
AT5G26270,AT5G26270
AT5G04225,AT5G04225
AT5G26280,AT5G26280
AT5G26290,AT5G26290
AT5G26300,AT5G26300
UGT72E3,UGT72E3
AT5G26320,AT5G26320
AT5G26330,AT5G26330
STP13,STP13
CCT3,CCT3
GWD3,GWD3
ARR24,ARR24
PYR6,PYR6
AT5G26673,AT5G26673
RH3,RH3
AT5G26717,AT5G26717
AT5G26740,AT5G26740
AT5G26731,AT5G26731
AT5G26730,AT5G26730
AT5G26720,AT5G26720
AT5G26710,AT5G26710
AT5G26700,AT5G26700
HIPP02,HIPP02
AT5G26680,AT5G26680
PAE10,PAE10
MYB86,MYB86
AGL36,AGL36
AT5G04245,AT5G04245
AT5G26640,AT5G26640
AT5G26630,AT5G26630
AT5G26622,AT5G26622
AT5G26617,AT5G26617
AT5G26620,AT5G26620
AT5G26610,AT5G26610
CpNIFS3,CpNIFS3
AGL34,AGL34
AT5G26749,AT5G26749
ASK1.1,ASK1.1
AT5G26760,AT5G26760
AT5G26770,AT5G26770
SHM2,SHM2
AT5G26790,AT5G26790
AT5G26800,AT5G26800
AT5G26805,AT5G26805
IREG3,IREG3
THRRS,THRRS
AT5G26840,AT5G26840
AT5G26850,AT5G26850
LON-ARA-ARA,LON-ARA-ARA
AT5G26865,AT5G26865
AGL26,AGL26
AT5G26890,AT5G26890
CDC20-4,CDC20-4
AT5G26910,AT5G26910
CBP60G,CBP60G
GATA23,GATA23
DPD1,DPD1
AGL93,AGL93
AT5G26955,AT5G26955
AT5G26960,AT5G26960
AT5G26970,AT5G26970
SYP41,SYP41
DI19-6,DI19-6
AT5G04305,AT5G04305
AT5G04325,AT5G04325
KIN14G,KIN14G
AT5G27010,AT5G27010
AT5G27020,AT5G27020
AT5G04335,AT5G04335
TPR3.1,TPR3.1
AT5G04345,AT5G04345
AT5G04355,AT5G04355
AGL101,AGL101
AtRLP53,AtRLP53
AT5G27065,AT5G27065
AGL53,AGL53
AGL54,AGL54
AT5G27093,AT5G27093
GLR2.1,GLR2.1
PCMP-E14,PCMP-E14
NOP5-1,NOP5-1
AGL39,AGL39
NOP5-3,NOP5-3
NHX1,NHX1
ACP5,ACP5
AT5G27210,AT5G27210
AT5G27220,AT5G27220
FRL5,FRL5
SPH7,SPH7
AT5G27240,AT5G27240
AT5G27247,AT5G27247
AT5G27260,AT5G27260
EMB976,EMB976
AT5G27280,AT5G27280
AT5G04375,AT5G04375
AT5G27290,AT5G27290
AT5G27300,AT5G27300
AT5G27310,AT5G27310
AT5G04385,AT5G04385
GID1C,GID1C
AT5G27330,AT5G27330
AT5G27340,AT5G27340
SFP1,SFP1
AT5G04405,AT5G04405
SFP2,SFP2
DMP10,DMP10
GSH2,GSH2
AT5G27395,AT5G27395
AT5G27390,AT5G27390
AT5G27410,AT5G27410
AT5G27400,AT5G27400
ATL31,ATL31
AT5G27430,AT5G27430
AT5G27440,AT5G27440
MVK,MVK
AT5G27460,AT5G27460
AT5G27470,AT5G27470
AT5G27490,AT5G27490
AT5G27493,AT5G27493
AT5G27510,AT5G27510
PNC2,PNC2
AT5G27530,AT5G27530
MIRO1,MIRO1
KIN14S,KIN14S
AT5G27560,AT5G27560
CDC20-5,CDC20-5
AGL89,AGL89
LACS7,LACS7
AT5G27607,AT5G27607
ALY1,ALY1
CYCH;1,CYCH;1
ACBP5,ACBP5
TIF3B1,TIF3B1
AT5G27650,AT5G27650
AT5G27660,AT5G27660
HTA7,HTA7
RECQSIM,RECQSIM
HIPP36,HIPP36
RPS21C,RPS21C
AT5G27710,AT5G27710
AT5G27715,AT5G27715
LSM4,LSM4
AT5G04425,AT5G04425
AT5G04435,AT5G04435
AT5G27730,AT5G27730
RFC3,RFC3
AT5G27750,AT5G27750
AT5G27760,AT5G27760
AT5G04445,AT5G04445
AT5G04455,AT5G04455
AT5G04465,AT5G04465
AT5G04495,AT5G04495
AT5G27765,AT5G27765
RPL22C,RPL22C
AT5G27780,AT5G27780
AT5G04505,AT5G04505
AT5G27810,AT5G27810
AT5G04525,AT5G04525
AT5G27820,AT5G27820
AT5G27830,AT5G27830
TOPP8,TOPP8
RPL18C,RPL18C
AT5G27860,AT5G27860
PME28,PME28
AT5G27889,AT5G27889
AT5G27890,AT5G27890
AT5G27893,AT5G27893
AT5G04575,AT5G04575
NFYC8,NFYC8
AT5G27920,AT5G27920
AT5G04585,AT5G04585
PPC6-7,PPC6-7
AT5G04595,AT5G04595
AT5G04605,AT5G04605
WPP3,WPP3
AT5G27944,AT5G27944
CDC20-6,CDC20-6
KIN14U,KIN14U
AGL90,AGL90
AT5G27970,AT5G27970
AT5G27980,AT5G27980
AT5G27990,AT5G27990
AT5G28000,AT5G28000
AT5G28010,AT5G28010
CYSD2,CYSD2
DES1,DES1
AT5G28040,AT5G28040
AT5G28050,AT5G28050
AT5G04635,AT5G04635
RPS24B,RPS24B
WNK9,WNK9
AT5G04665,AT5G04665
AT5G28090,AT5G28090
AT5G04675,AT5G04675
AT5G04685,AT5G04685
AT5G28150,AT5G28150
AT5G28160,AT5G28160
AT5G28180,AT5G28180
AT5G28190,AT5G28190
AT5G28210,AT5G28210
AT5G28220,AT5G28220
AT5G28235,AT5G28235
AT5G28237,AT5G28237
AT5G28262,AT5G28262
NEK3,NEK3
AT5G28295,AT5G28295
AT5G04705,AT5G04705
AT5G04715,AT5G04715
AT5G28300,AT5G28300
AT5G04725,AT5G04725
AT5G28310,AT5G28310
AT5G28320,AT5G28320
AT5G28340,AT5G28340
AT5G28345,AT5G28345
AT5G28350,AT5G28350
AT5G28370,AT5G28370
AT5G28380,AT5G28380
AT5G28390,AT5G28390
AT5G28400,AT5G28400
AT5G28410,AT5G28410
AT5G28420,AT5G28420
AT5G28442,AT5G28442
AT5G28450,AT5G28450
AT5G28460,AT5G28460
AT5G04745,AT5G04745
AT5G28470,AT5G28470
AT5G04765,AT5G04765
LSH1,LSH1
AT5G28491,AT5G28491
RAF1.1,RAF1.1
BGLU24,BGLU24
FRS10,FRS10
MED37A,MED37A
AT5G28610,AT5G28610
AT5G28615,AT5G28615
AT5G04785,AT5G04785
AT5G04795,AT5G04795
AT5G28630,AT5G28630
GIF1,GIF1
WVD2,WVD2
WRKY74,WRKY74
ANX2,ANX2
AT5G28690,AT5G28690
AT5G28730,AT5G28730
AT5G28740,AT5G28740
TATA,TATA
AT5G04815,AT5G04815
BZIP63,BZIP63
AT5G04825,AT5G04825
AT5G04845,AT5G04845
AT5G28780,AT5G28780
AT5G28810,AT5G28810
AT5G28820,AT5G28820
AT5G28823,AT5G28823
AT5G28824,AT5G28824
AT5G28830,AT5G28830
AT5G04865,AT5G04865
GME,GME
B''BETA,B''BETA
B''GAMMA,B''GAMMA
AT5G28910,AT5G28910
AT5G04905,AT5G04905
AT5G28919,AT5G28919
AT5G28920,AT5G28920
AT5G04915,AT5G04915
AT5G28960,AT5G28960
PHL1,PHL1
AT5G29050,AT5G29050
AT5G29560,AT5G29560
AT5G30341,AT5G30341
AT5G30495,AT5G30495
AT5G31412,AT5G31412
AT5G30360,AT5G30360
AT5G30490,AT5G30490
GOLS10,GOLS10
RPS1,RPS1
AT5G30520,AT5G30520
AT5G04995,AT5G04995
AT5G32440,AT5G32440
AT5G32450,AT5G32450
AT5G32460,AT5G32460
TH2,TH2
AT5G32613,AT5G32613
AT5G05045,AT5G05045
AT5G05055,AT5G05055
AT5G32670,AT5G32670
SRS8,SRS8
AT5G05065,AT5G05065
CLC-G,CLC-G
XGD1,XGD1
AT5G33300,AT5G33300
PPT1,PPT1
AT5G33330,AT5G33330
AT5G33355,AT5G33355
AT5G33370,AT5G33370
AT5G33390,AT5G33390
AT5G33406,AT5G33406
AT5G05075,AT5G05075
AT5G05095,AT5G05095
AT5G33399,AT5G33399
AT5G05105,AT5G05105
KPR,KPR
AT5G34830,AT5G34830
AT5G34829,AT5G34829
AT5G34871,AT5G34871
AT5G05125,AT5G05125
AT5G05135,AT5G05135
PAP26,PAP26
AT5G34870,AT5G34870
AT5G34881,AT5G34881
AT5G34885,AT5G34885
AT5G34930,AT5G34930
AtGUS3,AtGUS3
AT5G35050,AT5G35050
OS9,OS9
AT5G35090,AT5G35090
AT5G35100,AT5G35100
AT5G35110,AT5G35110
AT5G35120,AT5G35120
TMN11,TMN11
AT5G35170,AT5G35170
AT5G35180,AT5G35180
AT5G35190,AT5G35190
AT5G35200,AT5G35200
AT5G35210,AT5G35210
EGY1,EGY1
AT5G35230,AT5G35230
AT5G35300,AT5G35300
AT5G35320,AT5G35320
MBD2,MBD2
CAC2,CAC2
AT5G35370,AT5G35370
AT5G35375,AT5G35375
AT5G35380,AT5G35380
PRK1,PRK1
AT5G35400,AT5G35400
MIR396B,MIR396B
AT5G05185,AT5G05185
CIPK24,CIPK24
AT5G35430,AT5G35430
RPP8L3,RPP8L3
AT5G35460,AT5G35460
AT5G05195,AT5G05195
AT5G35475,AT5G35475
AT5G35480,AT5G35480
ATMRU1,ATMRU1
AT5G05205,AT5G05205
AT5G05215,AT5G05215
AT5G35510,AT5G35510
MIS12,MIS12
PCR3,PCR3
RPS3C,RPS3C
TT2,TT2
AT5G05235,AT5G05235
AT5G35560,AT5G35560
OFUT35,OFUT35
AT5G35580,AT5G35580
PAA1,PAA1
HDA7,HDA7
AT5G35605,AT5G35605
AT5G35610,AT5G35610
EIF(ISO)4E,EIF(ISO)4E
GLN2,GLN2
AT5G35640,AT5G35640
AT5G35660,AT5G35660
iqd33,iqd33
AT5G35680,AT5G35680
AT5G35688,AT5G35688
AT5G35690,AT5G35690
AT5G05255,AT5G05255
FIM5,FIM5
AT5G05265,AT5G05265
CYP71B8,CYP71B8
AT5G35730,AT5G35730
AT5G35732,AT5G35732
AT5G35735,AT5G35735
AT5G35737,AT5G35737
AT5G05275,AT5G05275
AT5G05295,AT5G05295
AT5G35740,AT5G35740
AHK2,AHK2
AT5G35753,AT5G35753
AT5G35760,AT5G35760
SAP,SAP
G6PD1,G6PD1
AT5G35810,AT5G35810
AT5G35830,AT5G35830
PHYC,PHYC
AT5G35870,AT5G35870
AT5G35890,AT5G35890
LBD35,LBD35
RRP6L2,RRP6L2
AT5G35913,AT5G35913
CYP79A3P,CYP79A3P
CYP79A4P,CYP79A4P
AT5G35926,AT5G35926
AT5G35927,AT5G35927
AT5G35930,AT5G35930
JAL41,JAL41
AT5G35945,AT5G35945
AT5G05315,AT5G05315
JAL42,JAL42
AT5G35960,AT5G35960
AT5G35970,AT5G35970
YAK1,YAK1
AT5G35995,AT5G35995
AT5G36000,AT5G36000
AT5G36002,AT5G36002
AT5G36001,AT5G36001
AT5G36100,AT5G36100
CYP716A1,CYP716A1
CCB3,CCB3
AT5G36130,AT5G36130
CYP716A2,CYP716A2
PEN3,PEN3
TAT,TAT
PRFB1,PRFB1
SCPL1,SCPL1
AT5G36200,AT5G36200
AT5G36210,AT5G36210
CYP81D1,CYP81D1
AT5G36225,AT5G36225
AT5G36228,AT5G36228
AT5G36230,AT5G36230
AT5G36240,AT5G36240
AT5G36250,AT5G36250
AT5G36260,AT5G36260
AT5G05335,AT5G05335
AT5G36280,AT5G36280
AT5G36290,AT5G36290
AT5G36300,AT5G36300
AT5G36670,AT5G36670
PGLP1A,PGLP1A
AT5G36710,AT5G36710
AT5G36740,AT5G36740
PGLP1A.1,PGLP1A.1
AT5G36800,AT5G36800
CALS4,CALS4
ACS,ACS
BGLU42,BGLU42
AT5G36900,AT5G36900
AT5G36907,AT5G36907
THI2.2,THI2.2
AT5G36920,AT5G36920
AT5G36925,AT5G36925
AT5G36930,AT5G36930
CAT3.1,CAT3.1
DEGP10,DEGP10
AT5G36960,AT5G36960
NHL25,NHL25
AT5G36980,AT5G36980
AT5G37000,AT5G37000
AT5G37010,AT5G37010
ARF8,ARF8
AT5G37030,AT5G37030
AT5G37040,AT5G37040
AT5G37050,AT5G37050
SWC6,SWC6
AT5G37070,AT5G37070
AT5G37130,AT5G37130
AT5G37140,AT5G37140
AT5G37150,AT5G37150
AT5G37160,AT5G37160
AT5G37165,AT5G37165
AT5G05375,AT5G05375
AT5G05385,AT5G05385
AT5G37170,AT5G37170
SUS5,SUS5
CIP4,CIP4
AT5G37200,AT5G37200
AT5G37210,AT5G37210
AT5G37220,AT5G37220
AT5G37230,AT5G37230
AT5G05395,AT5G05395
AT5G37240,AT5G37240
AT5G05415,AT5G05415
AT5G05425,AT5G05425
AT5G05445,AT5G05445
AT5G37247,AT5G37247
AT5G37250,AT5G37250
RVE2,RVE2
AT5G05455,AT5G05455
AT5G37270,AT5G37270
AT5G05465,AT5G05465
AT5G37290,AT5G37290
AT5G05475,AT5G05475
WSD1,WSD1
TMN4,TMN4
AT5G37320,AT5G37320
AT5G37340,AT5G37340
AT5G37350,AT5G37350
AT5G37360,AT5G37360
SRL1,SRL1
AT5G37380,AT5G37380
AT5G37400,AT5G37400
AT5G37410,AT5G37410
AGL105,AGL105
AT5G37420,AT5G37420
AT5G37430,AT5G37430
AT5G37440,AT5G37440
AT5G37450,AT5G37450
AT5G37460,AT5G37460
AT5G37470,AT5G37470
AT5G05485,AT5G05485
AT5G37475,AT5G37475
AT5G37473,AT5G37473
AT5G37474,AT5G37474
AT5G37478,AT5G37478
AT5G37480,AT5G37480
AT5G37485,AT5G37485
PUB21,PUB21
GORK,GORK
EMB1467,EMB1467
AT5G37520,AT5G37520
AT5G37530,AT5G37530
AT5G37540,AT5G37540
AT5G37550,AT5G37550
AT5G37560,AT5G37560
PCMP-E37,PCMP-E37
AT5G37590,AT5G37590
GLN1-1,GLN1-1
AT5G37610,AT5G37610
AT5G05505,AT5G05505
EMB2656,EMB2656
UBQ9,UBQ9
AT5G37650,AT5G37650
CRRSP60,CRRSP60
HSP15.7,HSP15.7
ARL8C,ARL8C
AT5G37690,AT5G37690
AT5G37710,AT5G37710
AT5G37715,AT5G37715
ALY4,ALY4
AT5G37730,AT5G37730
AT5G37740,AT5G37740
AT5G37750,AT5G37750
AT5G37760,AT5G37760
CML24,CML24
CAM1,CAM1
AT5G05515,AT5G05515
AT5G37790,AT5G37790
AT5G37793,AT5G37793
AT5G05525,AT5G05525
AT5G05535,AT5G05535
AT5G05545,AT5G05545
AT5G37795,AT5G37795
BHLH86,BHLH86
NIP4;2,NIP4;2
OXP1,OXP1
AT5G37840,AT5G37840
SOS4,SOS4
AT5G37860,AT5G37860
AT5G05555,AT5G05555
AT5G37890,AT5G37890
AT5G37900,AT5G37900
AT5G37930,AT5G37930
AT5G37940,AT5G37940
AT5G05585,AT5G05585
AT5G37950,AT5G37950
AT5G37960,AT5G37960
AT5G37970,AT5G37970
AT5G37980,AT5G37980
AT5G37990,AT5G37990
AT5G38000,AT5G38000
AT5G38005,AT5G38005
UGT76E9,UGT76E9
AT5G38020,AT5G38020
DTX30,DTX30
UGT76E7,UGT76E7
AT5G38050,AT5G38050
AT5G38060,AT5G38060
AT5G38070,AT5G38070
AT5G38080,AT5G38080
AT5G38090,AT5G38090
AT5G38100,AT5G38100
AT5G05625,AT5G05625
ASF1B,ASF1B
4CLL8,4CLL8
AT5G38130,AT5G38130
NFYC10,NFYC10
PMI15,PMI15
AT5G38155,AT5G38155
AT5G38170,AT5G38170
AT5G38190,AT5G38190
AT5G38197,AT5G38197
AT5G38200,AT5G38200
AT5G38212,AT5G38212
AT5G38210,AT5G38210
AT5G38220,AT5G38220
AT5G05645,AT5G05645
AT5G38240,AT5G38240
LRK10L-2.3,LRK10L-2.3
AT5G05665,AT5G05665
LRK10L-2.1,LRK10L-2.1
PR5K,PR5K
AT5G38290,AT5G38290
AT5G38300,AT5G38300
AT5G38310,AT5G38310
AT5G05695,AT5G05695
LCR58,LCR58
AT5G38320,AT5G38320
AT5G05705,AT5G05705
PDF3.1,PDF3.1
AT5G38340,AT5G38340
AT5G38344,AT5G38344
AT5G38350,AT5G38350
AT5G38360,AT5G38360
AT5G38378,AT5G38378
AT5G38380,AT5G38380
AT5G38386,AT5G38386
AT5G38396,AT5G38396
AT5G38400,AT5G38400
AT5G38410,AT5G38410
AT5G05745,AT5G05745
AT5G05725,AT5G05725
RBCS-2B,RBCS-2B
RBCS-1B,RBCS-1B
SPH8,SPH8
CYP735A1,CYP735A1
AT5G38460,AT5G38460
RAD23D,RAD23D
AT5G05755,AT5G05755
GRF3,GRF3
AT5G38490,AT5G38490
AT5G05765,AT5G05765
AT5G38500,AT5G38500
RBL9,RBL9
AT5G38520,AT5G38520
TSBtype2,TSBtype2
AT5G38540,AT5G38540
JAL44,JAL44
PERK8,PERK8
AT5G38565,AT5G38565
AT5G38570,AT5G38570
AT5G38580,AT5G38580
AT5G38590,AT5G38590
AT5G38600,AT5G38600
AT5G38610,AT5G38610
AT5G38620,AT5G38620
CYB561B,CYB561B
AT5G38640,AT5G38640
APE1,APE1
AT5G38650,AT5G38650
AT5G38670,AT5G38670
AT5G38680,AT5G38680
AT5G38690,AT5G38690
AT5G38700,AT5G38700
POX2,POX2
AT5G38720,AT5G38720
AT5G38730,AT5G38730
AGL77,AGL77
AT5G05785,AT5G05785
AT5G38743,AT5G38743
AT5G05805,AT5G05805
AT5G38747,AT5G38747
AT5G05815,AT5G05815
AT5G38750,AT5G38750
AT5G38760,AT5G38760
GDU7,GDU7
AT5G05835,AT5G05835
AT5G05825,AT5G05825
AT5G38780,AT5G38780
AT5G38790,AT5G38790
BZIP43,BZIP43
AT5G38810,AT5G38810
AT5G38820,AT5G38820
AT5G38830,AT5G38830
AT5G38840,AT5G38840
AT5G38850,AT5G38850
BIM3,BIM3
AT5G38865,AT5G38865
AUG5,AUG5
AT5G38890,AT5G38890
AT5G38895,AT5G38895
AT5G38900,AT5G38900
AT5G05865,AT5G05865
AT5G38920,AT5G38920
AT5G38930,AT5G38930
AT5G38940,AT5G38940
AT5G38960,AT5G38960
CYP85A1,CYP85A1
AT5G05875,AT5G05875
AT5G38980,AT5G38980
AT5G38990,AT5G38990
AT5G39000,AT5G39000
AT5G39010,AT5G39010
AT5G39020,AT5G39020
AT5G39024,AT5G39024
AT5G39030,AT5G39030
ABCB27,ABCB27
PMAT1,PMAT1
AT5G39080,AT5G39080
AT5G39090,AT5G39090
GLP6,GLP6
AT5G39110,AT5G39110
AT5G39120,AT5G39120
AT5G39130,AT5G39130
AT5G39150,AT5G39150
GLP2A,GLP2A
AT5G39180,AT5G39180
GLP5A,GLP5A
AT5G39200,AT5G39200
CRR7,CRR7
AT5G39220,AT5G39220
AT5G39230,AT5G39230
AT5G05895,AT5G05895
AT5G39240,AT5G39240
AT5G39250,AT5G39250
EXPA21,EXPA21
EXPA22,EXPA22
EXPA23,EXPA23
EXPA25,EXPA25
UGD4,UGD4
AT5G39330,AT5G39330
AHP3,AHP3
PCMP-E16,PCMP-E16
EDL2,EDL2
AT5G39365,AT5G39365
AT5G05905,AT5G05905
AT5G39370,AT5G39370
AT5G05915,AT5G05915
AT5G39380,AT5G39380
AT5G39390,AT5G39390
PTEN1,PTEN1
AT5G39410,AT5G39410
AT5G05925,AT5G05925
cdc2cAt,cdc2cAt
AT5G39430,AT5G39430
SnRK1.3,SnRK1.3
AT5G39450,AT5G39450
AT5G39460,AT5G39460
AT5G05955,AT5G05955
AT5G39470,AT5G39470
AT5G39471,AT5G39471
AT5G39480,AT5G39480
AT5G39490,AT5G39490
SPH15,SPH15
GNL1,GNL1
VTI11,VTI11
AT5G05975,AT5G05975
AT5G39520,AT5G39520
AT5G39530,AT5G39530
ORTH1,ORTH1
AT5G39560,AT5G39560
AT5G39570,AT5G39570
PER62,PER62
AT5G39590,AT5G39590
AT5G39600,AT5G39600
NAC92,NAC92
RABG1,RABG1
AT5G39630,AT5G39630
AT5G39640,AT5G39640
AT5G39645,AT5G39645
DMP9,DMP9
CDF2,CDF2
CML46,CML46
AT5G05995,AT5G05995
EMB2744,EMB2744
ANAC093,ANAC093
AT5G06005,AT5G06005
MIR869A,MIR869A
EMB2745,EMB2745
AT5G39715,AT5G39715
AIG2LA,AIG2LA
AIG2LB,AIG2LB
RPL5B,RPL5B
AGL81,AGL81
ZHD10,ZHD10
AT5G39770,AT5G39770
AT5G39775,AT5G39775
AT5G39785,AT5G39785
AT5G39790,AT5G39790
AT5G39800,AT5G39800
AGL98,AGL98
ANAC094,ANAC094
DEGP8,DEGP8
AT5G39840,AT5G39840
RPS9C,RPS9C
PRE1,PRE1
AT5G39865,AT5G39865
AT5G39870,AT5G39870
AT5G39880,AT5G39880
PCO2,PCO2
AT5G39900,AT5G39900
AT5G39920,AT5G39920
CLPS5,CLPS5
AT5G39940,AT5G39940
TRX2,TRX2
AT5G39960,AT5G39960
AT5G39970,AT5G39970
AT5G39980,AT5G39980
GLCAT14A,GLCAT14A
AT5G40000,AT5G40000
AATP1.1,AATP1.1
AT5G40020,AT5G40020
AT5G40030,AT5G40030
RPP2E,RPP2E
AT5G40050,AT5G40050
AT5G40060,AT5G40060
AT5G40070,AT5G40070
AT5G40080,AT5G40080
CHL1,CHL1
AT5G40100,AT5G40100
PUB40,PUB40
PER63,PER63
AT5G40153,AT5G40153
AT5G40155,AT5G40155
EMB506,EMB506
AtRLP54,AtRLP54
AT5G40180,AT5G40180
AT5G40190,AT5G40190
DEGP9,DEGP9
AT5G40210,AT5G40210
AGL43,AGL43
AT5G40230,AT5G40230
AT5G40240,AT5G40240
ATL46,ATL46
SWEET8,SWEET8
AT5G40270,AT5G40270
AT5G40275,AT5G40275
ERA1,ERA1
AT5G40290,AT5G40290
AT5G40300,AT5G40300
AT5G40310,AT5G40310
AT5G40316,AT5G40316
AT5G40320,AT5G40320
MYB23,MYB23
AT5G40340,AT5G40340
AT5G40348,AT5G40348
MYB24,MYB24
AT5G06015,AT5G06015
AT5G06025,AT5G06025
MYB115,MYB115
AT5G40370,AT5G40370
CRK42,CRK42
AT5G40382,AT5G40382
MIR866A,MIR866A
RFS5,RFS5
U6acat,U6acat
AT5G40400,AT5G40400
PCMP-H14,PCMP-H14
PCMP-H15,PCMP-H15
OLEO2,OLEO2
MYB22,MYB22
AT5G06045,AT5G06045
MKK3,MKK3
AT5G06055,AT5G06055
AT5G40450,AT5G40450
AT5G06065,AT5G06065
SMR6,SMR6
AT5G06075,AT5G06075
AT5G40470,AT5G40470
GB210,GB210
AT5G40490,AT5G40490
AT5G40500,AT5G40500
AT5G40510,AT5G40510
AT5G40520,AT5G40520
AT5G40530,AT5G40530
AT5G40540,AT5G40540
AT5G40545,AT5G40545
AT5G40550,AT5G40550
DEGP13,DEGP13
AT5G40570,AT5G40570
PBB2,PBB2
AT5G40590,AT5G40590
AT5G40600,AT5G40600
AT5G40595,AT5G40595
DHAPRD,DHAPRD
AT5G40620,AT5G40620
AT5G40630,AT5G40630
AT5G40640,AT5G40640
AT5G40645,AT5G40645
SDH2-2,SDH2-2
AT5G40660,AT5G40660
AT5G40670,AT5G40670
AT5G40680,AT5G40680
AT5G40690,AT5G40690
AT5G40700,AT5G40700
AT5G40710,AT5G40710
AT5G40720,AT5G40720
AGP24,AGP24
AUG6,AUG6
G6PD6,G6PD6
PHB3,PHB3
LHT1,LHT1
AT5G40790,AT5G40790
AT5G40800,AT5G40800
CYC12,CYC12
ATRAD3,ATRAD3
AT5G40830,AT5G40830
SYN2,SYN2
UPM1,UPM1
AT5G40855,AT5G40855
AT5G40860,AT5G40860
UKL1,UKL1
ZFWD3,ZFWD3
CLC-A,CLC-A
AT5G06085,AT5G06085
AT5G40900,AT5G40900
AT5G06095,AT5G06095
AT5G40910,AT5G40910
TOM20-4,TOM20-4
FLA20,FLA20
AT5G40945,AT5G40945
RPL27,RPL27
AT5G40960,AT5G40960
AT5G40970,AT5G40970
AT5G40980,AT5G40980
AT5G40981,AT5G40981
GLIP1,GLIP1
YSL4,YSL4
NRPB12,NRPB12
AT5G06115,AT5G06115
AT5G41020,AT5G41020
AT5G41025,AT5G41025
TCP6,TCP6
HHT1,HHT1
AT5G41050,AT5G41050
PAT06,PAT06
DRB5,DRB5
AT5G41071,AT5G41071
GDPD2,GDPD2
anac095,anac095
AT5G41100,AT5G41100
AT5G41110,AT5G41110
AT5G41109,AT5G41109
AT5G41120,AT5G41120
AT5G41130,AT5G41130
AT5G41140,AT5G41140
UVH1,UVH1
ATPUP12,ATPUP12
AT5G41170,AT5G41170
AT5G41180,AT5G41180
AT5G41190,AT5G41190
AGL75,AGL75
GSTT1,GSTT1
GSTT3,GSTT3
GSTT2,GSTT2
GT20,GT20
BSK8,BSK8
AT5G41265,AT5G41265
AT5G41270,AT5G41270
CRRSP57,CRRSP57
CRRSP58,CRRSP58
CRRSP59,CRRSP59
AT5G41310,AT5G41310
AT5G06145,AT5G06145
GL3,GL3
AT5G41320,AT5G41320
AT5G06155,AT5G06155
AT5G41330,AT5G41330
UBC4,UBC4
AT5G41350,AT5G41350
XPB2,XPB2
XPB1,XPB1
AT5G41380,AT5G41380
AT5G41390,AT5G41390
AT5G41400,AT5G41400
AT5G41401,AT5G41401
BEL1,BEL1
AT5G41420,AT5G41420
AT5G41430,AT5G41430
AT5G41440,AT5G41440
AT5G41450,AT5G41450
AT5G41460,AT5G41460
AT5G41470,AT5G41470
DHFS,DHFS
SNOR108,SNOR108
AT5G41490,AT5G41490
AT5G41510,AT5G41510
RPS10B,RPS10B
AT5G41530,AT5G41530
AT5G41540,AT5G41540
AT5G41550,AT5G41550
AT5G41560,AT5G41560
WRKY24,WRKY24
PIAL2,PIAL2
AT5G41590,AT5G41590
RTNLB4,RTNLB4
AT5G41605,AT5G41605
CHX18,CHX18
AT5G41612,AT5G41612
AT5G41620,AT5G41620
AT5G06175,AT5G06175
AT5G41640,AT5G41640
AT5G41650,AT5G41650
AT5G41660,AT5G41660
MIR319B,MIR319B
PGD3,PGD3
AT5G41675,AT5G41675
AT5G41680,AT5G41680
TOM7-1,TOM7-1
AT5G41690,AT5G41690
UBC8,UBC8
AT5G41720,AT5G41720
AT5G41730,AT5G41730
AT5G06185,AT5G06185
AT5G41740,AT5G41740
AT5G41750,AT5G41750
AT5G41760,AT5G41760
AT5G41761,AT5G41761
AT5G41763,AT5G41763
AT5G41765,AT5G41765
AT5G41770,AT5G41770
AT5G41780,AT5G41780
AT5G06205,AT5G06205
CIP1,CIP1
AT5G41800,AT5G41800
AT5G41810,AT5G41810
RGTA2,RGTA2
AT5G41830,AT5G41830
AT5G41840,AT5G41840
AT5G41850,AT5G41850
AT5G41860,AT5G41860
AT5G06235,AT5G06235
AT5G41870,AT5G41870
AT5G06245,AT5G06245
POLA3,POLA3
AT5G41890,AT5G41890
BDG2,BDG2
AT5G06255,AT5G06255
AT5G06275,AT5G06275
MIR166E,MIR166E
AT5G41908,AT5G41908
MED10A,MED10A
SCL23,SCL23
AT5G41940,AT5G41940
HLB1,HLB1
AT5G41960,AT5G41960
AT5G41970,AT5G41970
AT5G41980,AT5G41980
WNK8,WNK8
AT5G42000,AT5G42000
AT5G42010,AT5G42010
BIP,BIP
ABIL4,ABIL4
RPN12B,RPN12B
AT5G42050,AT5G42050
AT5G42053,AT5G42053
AT5G42060,AT5G42060
AT5G42070,AT5G42070
DRP1A,DRP1A
AT5G42090,AT5G42090
AT5G42092,AT5G42092
ATBG-PPAP,ATBG-PPAP
AT5G42110,AT5G42110
LECRKS6,LECRKS6
MFL1,MFL1
AT5G42140,AT5G42140
AT5G06285,AT5G06285
AT5G42146,AT5G42146
AT5G42150,AT5G42150
AT5G42170,AT5G42170
PER64,PER64
SKP1B,SKP1B
ATL23,ATL23
AT5G42210,AT5G42210
AT5G42220,AT5G42220
AT5G42223,AT5G42223
SCPL41,SCPL41
AT5G42235,AT5G42235
SCPL42,SCPL42
LCR57,LCR57
AT5G42250,AT5G42250
BGLU12,BGLU12
FTSH5,FTSH5
AT5G42280,AT5G42280
UBL5,UBL5
AT5G42290,AT5G42290
CRP1,CRP1
AT5G42320,AT5G42320
AT5G06295,AT5G06295
AT5G42325,AT5G42325
AT5G42330,AT5G42330
PUB15,PUB15
AT5G42350,AT5G42350
AT5G42360,AT5G42360
AT5G42370,AT5G42370
CML37,CML37
SPP,SPP
ATXR7,ATXR7
AT5G42410,AT5G42410
URGT3,URGT3
AT5G42430,AT5G42430
AT5G42440,AT5G42440
AT5G06305,AT5G06305
PCMP-E102,PCMP-E102
AT5G42460,AT5G42460
AT5G42470,AT5G42470
ARC6,ARC6
AT5G42490,AT5G42490
DIR2,DIR2
AT5G42504,AT5G42504
DIR1,DIR1
BPC6,BPC6
AT5G42530,AT5G42530
XRN2,XRN2
HVA22I,HVA22I
AT5G42567,AT5G42567
AT5G42570,AT5G42570
CYP705A12,CYP705A12
CYP71A16,CYP71A16
AT5G06335,AT5G06335
MRN1,MRN1
AT5G42610,AT5G42610
AT5G42620,AT5G42620
KAN4,KAN4
AT5G42635,AT5G42635
AT5G06345,AT5G06345
AT5G06365,AT5G06365
AT5G42640,AT5G42640
CYP74A,CYP74A
AT5G42655,AT5G42655
AT5G42660,AT5G42660
AT5G42670,AT5G42670
AT5G42680,AT5G42680
AT5G42690,AT5G42690
AT5G42700,AT5G42700
AT5G42710,AT5G42710
AT5G42720,AT5G42720
PGIC,PGIC
BKI1,BKI1
AT5G42760,AT5G42760
AT5G06385,AT5G06385
AT5G42765,AT5G42765
AT5G42770,AT5G42770
ZHD13,ZHD13
AT5G42785,AT5G42785
PAF1,PAF1
LCR28,LCR28
DFRA,DFRA
IPK1,IPK1
U2AF35B,U2AF35B
AT5G06395,AT5G06395
AT5G42825,AT5G42825
AT5G42830,AT5G42830
AT5G42840,AT5G42840
AT5G42850,AT5G42850
AT5G42860,AT5G42860
PAH2,PAH2
AT5G06415,AT5G06415
WEL3,WEL3
ATSCP2,ATSCP2
AT5G42895,AT5G42895
COR27,COR27
AT5G42905,AT5G42905
BZIP15,BZIP15
THO5B,THO5B
AT5G42930,AT5G42930
RHG1A,RHG1A
AT5G06425,AT5G06425
AT5G42950,AT5G42950
AT5G42955,AT5G42955
AT5G42957,AT5G42957
OEP24B,OEP24B
AT5G42965,AT5G42965
CSN4,CSN4
TRX3,TRX3
UBC18,UBC18
AT5G43000,AT5G43000
RPT4A,RPT4A
AT5G43020,AT5G43020
AT5G43030,AT5G43030
AT5G43040,AT5G43040
NPQ6,NPQ6
RD21B,RD21B
AT5G43064,AT5G43064
AT5G06445,AT5G06445
AT5G43066,AT5G43066
AT5G06465,AT5G06465
AT5G43068,AT5G43068
WPP1,WPP1
CYCA3-1,CYCA3-1
APUM13,APUM13
AT5G43100,AT5G43100
APUM14,APUM14
AT5G43120,AT5G43120
TAF4B,TAF4B
AT5G43140,AT5G43140
AT5G43150,AT5G43150
AT5G06475,AT5G06475
AT5G43155,AT5G43155
QWRF9,QWRF9
AZF3,AZF3
BHLH139,BHLH139
AT5G43180,AT5G43180
AT5G43185,AT5G43185
AT5G43190,AT5G43190
AT5G06495,AT5G06495
AT5G43200,AT5G43200
AT5G43210,AT5G43210
AT5G43211,AT5G43211
AT5G43230,AT5G43230
AT5G43240,AT5G43240
NF-YC13,NF-YC13
AT5G43260,AT5G43260
SPL2.1,SPL2.1
DCI1,DCI1
LURE1.1,LURE1.1
WRKY49,WRKY49
GDPD3,GDPD3
AT5G43310,AT5G43310
CKL8,CKL8
MDH2,MDH2
PHT1-6,PHT1-6
PHT1-1,PHT1-1
PHT1-3,PHT1-3
PHT1-2,PHT1-2
TOPP7,TOPP7
AT5G43390,AT5G43390
AT5G43400,AT5G43400
AT5G43401,AT5G43401
AT5G43403,AT5G43403
ERF096,ERF096
ATL16,ATL16
ETFBETA,ETFBETA
AT5G43440,AT5G43440
AT5G06505,AT5G06505
AT5G06515,AT5G06515
AT5G43450,AT5G43450
AT5G43455,AT5G43455
AT5G43460,AT5G43460
RPP8,RPP8
AT5G43480,AT5G43480
AT5G43490,AT5G43490
ARP9,ARP9
LURE1.2,LURE1.2
LURE1.3,LURE1.3
LURE1.4,LURE1.4
AT5G43520,AT5G43520
RAD5B,RAD5B
AT5G43540,AT5G43540
AT5G43550,AT5G43550
TRAF1A,TRAF1A
AT5G43570,AT5G43570
AT5G43580,AT5G43580
AT5G43590,AT5G43590
UAH,UAH
SUC6,SUC6
PCFS5,PCFS5
AT5G06525,AT5G06525
TZP,TZP
RPS15E,RPS15E
BHLH92,BHLH92
AT5G06535,AT5G06535
AT5G43660,AT5G43660
AT5G43670,AT5G43670
AT5G43680,AT5G43680
SOT1,SOT1
AT5G43695,AT5G43695
IAA4,IAA4
MNS4,MNS4
AT5G43720,AT5G43720
AT5G43725,AT5G43725
AT5G43730,AT5G43730
AT5G43740,AT5G43740
AT5G43745,AT5G43745
PNSB5,PNSB5
AT5G43755,AT5G43755
KCS20,KCS20
AT5G43770,AT5G43770
APS4,APS4
PCMP-E30,PCMP-E30
AGO10,AGO10
AT5G43822,AT5G43822
AT5G43820,AT5G43820
AT5G43830,AT5G43830
HSFA6A,HSFA6A
ARD4,ARD4
CLH2,CLH2
AT5G43870,AT5G43870
AT5G43880,AT5G43880
YUC5,YUC5
MYA2,MYA2
AT5G43910,AT5G43910
WDS,WDS
AT5G43930,AT5G43930
AT5G06545,AT5G06545
FLS6,FLS6
HOT5,HOT5
AT5G43950,AT5G43950
AT5G43960,AT5G43960
TOM9-2,TOM9-2
CRRSP56,CRRSP56
SUVR2,SUVR2
AT5G44000,AT5G44000
AT5G44005,AT5G44005
AT5G44010,AT5G44010
AT5G44020,AT5G44020
CESA4,CESA4
AT5G44040,AT5G44040
DTX28,DTX28
AT5G44060,AT5G44060
AT5G44063,AT5G44063
AT5G44065,AT5G44065
PCS1.1,PCS1.1
AT5G44080,AT5G44080
AT5G44090,AT5G44090
CKL7,CKL7
ABCI21,ABCI21
CRA1,CRA1
FLA13,FLA13
PHB7,PHB7
AT5G44150,AT5G44150
NUC,NUC
AT5G44170,AT5G44170
RLT2,RLT2
GLK2,GLK2
CBP20,CBP20
ERF9,ERF9
AT5G44220,AT5G44220
PCMP-H17,PCMP-H17
ALA2,ALA2
AT5G44250,AT5G44250
TZF5,TZF5
AT5G44270,AT5G44270
ATRING1A,ATRING1A
AT5G44283,AT5G44283
AT5G06565,AT5G06565
AT5G44286,AT5G44286
AT5G44290,AT5G44290
DRMH2,DRMH2
AT5G44306,AT5G44306
AT5G44310,AT5G44310
ABCI9,ABCI9
AT5G44320,AT5G44320
AT5G44330,AT5G44330
TUBB4,TUBB4
AT5G44345,AT5G44345
AT5G44350,AT5G44350
AT5G44360,AT5G44360
ANTR5,ANTR5
AT5G44375,AT5G44375
AT5G44380,AT5G44380
AT5G44390,AT5G44390
AT5G44400,AT5G44400
AT5G44410,AT5G44410
PDF1.2A,PDF1.2A
PDF1.2C,PDF1.2C
AT5G44440,AT5G44440
AT5G44450,AT5G44450
CML43,CML43
DUR,DUR
AT5G44490,AT5G44490
AT5G44495,AT5G44495
AT5G44500,AT5G44500
TAO1,TAO1
AT5G44520,AT5G44520
AT5G44530,AT5G44530
AT5G44540,AT5G44540
AT5G44550,AT5G44550
VPS2.2,VPS2.2
AT5G44562,AT5G44562
AT5G44563,AT5G44563
AT5G06575,AT5G06575
AT5G44565,AT5G44565
AT5G44567,AT5G44567
AT5G06585,AT5G06585
AT5G44568,AT5G44568
AT5G44569,AT5G44569
AT5G44566,AT5G44566
AT5G44570,AT5G44570
AT5G44572,AT5G44572
AT5G44574,AT5G44574
AT5G44575,AT5G44575
AT5G44578,AT5G44578
AT5G44580,AT5G44580
AT5G44582,AT5G44582
AT5G44585,AT5G44585
AT5G06595,AT5G06595
AT5G06615,AT5G06615
AT5G44590,AT5G44590
AT5G44600,AT5G44600
PCAP2,PCAP2
CYP706A3,CYP706A3
BS,BS
MCM6,MCM6
BGLU13,BGLU13
Y3IP1,Y3IP1
AT5G44660,AT5G44660
GALS2,GALS2
AT5G44680,AT5G44680
AT5G44690,AT5G44690
GSO2,GSO2
AT5G44705,AT5G44705
AT5G44710,AT5G44710
AT5G44720,AT5G44720
AT5G44730,AT5G44730
POLH,POLH
REV1,REV1
AT5G44770,AT5G44770
MORF4,MORF4
OSB3,OSB3
RAN1.1,RAN1.1
CHR4,CHR4
AT5G44820,AT5G44820
AT5G44830,AT5G44830
AT5G44840,AT5G44840
AT5G44850,AT5G44850
AT5G06635,AT5G06635
AT5G44860,AT5G44860
LAZ5,LAZ5
AT5G06655,AT5G06655
AT5G44900,AT5G44900
AT5G44910,AT5G44910
ARAD2,ARAD2
TIK,TIK
AT5G44940,AT5G44940
AT5G44950,AT5G44950
AT5G44960,AT5G44960
AT5G44970,AT5G44970
AT5G44973,AT5G44973
AT5G44980,AT5G44980
AT5G44990,AT5G44990
AT5G45000,AT5G45000
DSS1(V),DSS1(V)
AT5G45020,AT5G45020
AT5G06695,AT5G06695
AT5G45030,AT5G45030
PETJ,PETJ
RRS1B,RRS1B
RPS4B.1,RPS4B.1
PP2A8,PP2A8
PP2A6,PP2A6
PP2A7,PP2A7
AT5G45095,AT5G45095
BRG1,BRG1
NPR3,NPR3
AT5G45113,AT5G45113
AT5G45115,AT5G45115
AT5G45120,AT5G45120
ATRAB5A,ATRAB5A
NRPC2,NRPC2
RTL3,RTL3
AT5G45160,AT5G45160
AT5G45170,AT5G45170
FMO2,FMO2
AT5G45190,AT5G45190
AT5G45200,AT5G45200
AT5G45210,AT5G45210
AT5G45220,AT5G45220
AT5G45230,AT5G45230
AT5G45240,AT5G45240
RRS1,RRS1
AT5G06705,AT5G06705
AT5G06715,AT5G06715
AT5G45275,AT5G45275
AT5G45277,AT5G45277
PAE11,PAE11
AT5G45290,AT5G45290
BMY2,BMY2
MIR168B,MIR168B
AT5G45310,AT5G45310
AT5G45320,AT5G45320
DCP5-L,DCP5-L
CYP707A3,CYP707A3
AT5G45350,AT5G45350
SKIP31,SKIP31
AT5G45370,AT5G45370
DUR3,DUR3
CLPP4,CLPP4
RPA1C,RPA1C
AT5G45410,AT5G45410
MAMYB,MAMYB
AT5G45430,AT5G45430
AT5G45440,AT5G45440
AT5G45450,AT5G45450
AT5G45455,AT5G45455
AT5G45460,AT5G45460
AT5G45472,AT5G45472
AT5G45470,AT5G45470
AT5G45475,AT5G45475
AT5G45480,AT5G45480
AT5G45490,AT5G45490
AT5G45500,AT5G45500
AT5G45510,AT5G45510
AT5G45520,AT5G45520
AT5G45530,AT5G45530
AT5G45540,AT5G45540
MOB1A,MOB1A
EDR2L,EDR2L
AT5G45570,AT5G45570
AT5G45573,AT5G45573
PHL11,PHL11
AT5G45590,AT5G45590
TAF14B,TAF14B
AT5G06735,AT5G06735
SUV2,SUV2
RPN9A,RPN9A
AT5G45630,AT5G45630
AT5G45640,AT5G45640
SBT5.6,SBT5.6
AT5G45660,AT5G45660
AT5G45670,AT5G45670
FKBP13,FKBP13
OBAP2A,OBAP2A
AT5G45700,AT5G45700
HSFA4C,HSFA4C
AT5G45720,AT5G45720
AT5G06745,AT5G06745
AT5G45730,AT5G45730
AT5G45740,AT5G45740
AT5G45745,AT5G45745
RABA1C,RABA1C
AT5G45760,AT5G45760
RLP55,RLP55
RPL11C,RPL11C
AT5G45780,AT5G45780
AT5G45790,AT5G45790
MEE62,MEE62
CIPK19,CIPK19
CIPK20,CIPK20
DOG1,DOG1
AT5G45840,AT5G45840
AT5G45850,AT5G45850
PYL11,PYL11
SCRL27,SCRL27
AT5G45880,AT5G45880
SAG12,SAG12
ATG7,ATG7
AT5G06765,AT5G06765
AT5G45920,AT5G45920
CHLI2,CHLI2
NUDT11,NUDT11
AT5G45950,AT5G45950
AT5G45960,AT5G45960
ARAC2,ARAC2
WOX8,WOX8
AT5G45990,AT5G45990
AT5G46010,AT5G46010
AT5G06775,AT5G06775
AT5G46020,AT5G46020
AT5G46030,AT5G46030
NPF5.3,NPF5.3
NPF5.2,NPF5.2
AT5G46060,AT5G46060
AT5G46070,AT5G46070
AT5G46080,AT5G46080
AT5G46085,AT5G46085
DMP6,DMP6
AT5G46100,AT5G46100
APE2,APE2
AT5G46105,AT5G46105
AT5G46115,AT5G46115
AT5G46130,AT5G46130
AT5G46140,AT5G46140
ALIS2,ALIS2
HLP,HLP
AT5G46170,AT5G46170
DELTA-OAT,DELTA-OAT
AT5G46190,AT5G46190
AT5G46200,AT5G46200
CUL4,CUL4
AT5G46220,AT5G46220
AT5G46230,AT5G46230
KAT1.1,KAT1.1
LARP6A,LARP6A
AT5G46260,AT5G46260
AT5G46270,AT5G46270
AT5G06795,AT5G06795
MCM3,MCM3
KASI,KASI
AT5G46295,AT5G46295
AT5G46310,AT5G46310
U6-29,U6-29
AT5G46320,AT5G46320
AT5G46325,AT5G46325
FLS2,FLS2
RWA1,RWA1
WRKY8,WRKY8
AT5G06815,AT5G06815
KCO3,KCO3
TPK2,TPK2
AT5G46380,AT5G46380
CTPA1,CTPA1
AT5G46395,AT5G46395
AT PRP39-2,AT PRP39-2
SSP4,SSP4
AT5G46420,AT5G46420
RPL32B,RPL32B
AT5G06825,AT5G06825
AT5G46440,AT5G46440
AT5G46450,AT5G46450
PCMP-H49,PCMP-H49
RPS6,RPS6
AT5G46490,AT5G46490
AT5G46500,AT5G46500
AT5G46510,AT5G46510
AT5G06835,AT5G06835
AT5G46520,AT5G46520
AT5G46530,AT5G46530
ABCB7,ABCB7
GTE12,GTE12
AT5G46560,AT5G46560
AT5G06845,AT5G06845
BSK2,BSK2
AT5G46580,AT5G46580
AT5G06875,AT5G06875
anac096,anac096
AT5G46595,AT5G46595
ALMT13,ALMT13
ALMT14,ALMT14
AT5G46620,AT5G46620
AT5G46630,AT5G46630
AHL8,AHL8
ATL30,ATL30
AT5G46660,AT5G46660
AT5G46670,AT5G46670
AT5G46680,AT5G46680
BHLH71,BHLH71
TRN2,TRN2
AT5G46710,AT5G46710
AT5G46720,AT5G46720
AT5G46730,AT5G46730
UBP21,UBP21
AGD9,AGD9
MYC3,MYC3
AT5G46770,AT5G46770
AT5G46780,AT5G46780
AT5G06880,AT5G06880
PYL1,PYL1
MSP2,MSP2
BOU,BOU
AT5G46810,AT5G46810
AT5G46820,AT5G46820
AT5G46825,AT5G46825
BHLH28,BHLH28
AT5G46840,AT5G46840
MIR160C,MIR160C
AT5G46850,AT5G46850
SYP22,SYP22
AT5G46870,AT5G46870
AT5G46871,AT5G46871
AT5G46873,AT5G46873
AT5G46877,AT5G46877
HDG5,HDG5
AT5G46890,AT5G46890
AT5G46900,AT5G46900
AT5G46910,AT5G46910
AT5G06885,AT5G06885
AT5G46915,AT5G46915
NMAT2,NMAT2
AT5G46930,AT5G46930
AT5G46950,AT5G46950
PMEI12,PMEI12
AT5G46970,AT5G46970
AT5G46980,AT5G46980
AT5G46990,AT5G46990
PER65,PER65
UPF1,UPF1
AT5G47020,AT5G47020
AT5G47030,AT5G47030
LON2,LON2
AT5G06925,AT5G06925
AT5G47050,AT5G47050
AT5G06935,AT5G06935
AT5G06945,AT5G06945
AT5G47060,AT5G47060
PBL19,PBL19
LCR20,LCR20
LCR6,LCR6
CKB1,CKB1
AT5G47090,AT5G47090
CBL9,CBL9
LIL3.2,LIL3.2
BI-1,BI-1
AT5G47130,AT5G47130
AT5G06955,AT5G06955
GATA27,GATA27
AT5G47150,AT5G47150
AT5G47160,AT5G47160
AT5G47170,AT5G47170
LCR3,LCR3
PVA21,PVA21
AT5G47190,AT5G47190
RABD2B,RABD2B
RGGC,RGGC
ERF2,ERF2
AT5G47229,AT5G47229
ERF5,ERF5
AT5G06965,AT5G06965
atnudt8,atnudt8
AT5G47250,AT5G47250
AT5G47260,AT5G47260
ADR1-L3,ADR1-L3
AT5G47290,AT5G47290
AT5G47300,AT5G47300
AT5G47310,AT5G47310
AT5G47330,AT5G47330
AT5G47340,AT5G47340
AT5G47350,AT5G47350
AT5G47360,AT5G47360
HAT2,HAT2
AT5G06985,AT5G06985
AT5G06995,AT5G06995
AT5G47380,AT5G47380
AT5G07005,AT5G07005
KUA1,KUA1
AT5G47400,AT5G47400
AT5G47420,AT5G47420
AT5G47430,AT5G47430
PURU1,PURU1
AT5G47440,AT5G47440
TIP2-3,TIP2-3
AT5G47455,AT5G47455
PCMP-E103,PCMP-E103
AT5G47470,AT5G47470
MAG5,MAG5
SEC16B,SEC16B
PME68,PME68
AT5G47510,AT5G47510
RABA5A,RABA5A
AT5G47530,AT5G47530
AT5G47540,AT5G47540
CYS5,CYS5
TDT,TDT
AT5G47570,AT5G47570
AT5G47580,AT5G47580
AT5G47590,AT5G47590
HSP14.7,HSP14.7
ATL79,ATL79
AT5G47620,AT5G47620
MTACP2.1,MTACP2.1
AT5G47635,AT5G47635
AT5G07015,AT5G07015
NFYB2,NFYB2
ATNUDT2,ATNUDT2
AT5G47660,AT5G47660
NFYB6,NFYB6
TRM10,TRM10
AT5G47690,AT5G47690
RPP1C,RPP1C
CAR11,CAR11
AT5G47720,AT5G47720
AT5G47730,AT5G47730
AT5G07025,AT5G07025
AT5G47740,AT5G47740
D6PKL2,D6PKL2
PGLP2,PGLP2
FPS1,FPS1
GAUT4,GAUT4
AT5G47790,AT5G47790
AT5G47800,AT5G47800
PFK2,PFK2
KIN4A,KIN4A
AT5G47830,AT5G47830
AMK2,AMK2
CCR4,CCR4
AT5G47860,AT5G47860
RAD52-2,RAD52-2
ERF1-1,ERF1-1
AT5G47890,AT5G47890
AT5G47900,AT5G47900
RBOHD,RBOHD
AT5G47920,AT5G47920
RPS27D,RPS27D
AT5G47940,AT5G47940
AT5G47950,AT5G47950
RABA4C,RABA4C
AT5G47970,AT5G47970
BAHD1,BAHD1
AT5G07035,AT5G07035
CYP705A5,CYP705A5
CYP708A2,CYP708A2
THAS1,THAS1
AT5G48020,AT5G48020
GFA2,GFA2
AT5G48040,AT5G48040
AT5G48050,AT5G48050
AT5G48060,AT5G48060
XTH20,XTH20
ELP1.1,ELP1.1
TT10,TT10
AT5G07055,AT5G07055
AT5G48110,AT5G48110
MMS19,MMS19
PAT1.2,PAT1.2
OBE2,OBE2
SNE,SNE
AT5G48175,AT5G48175
NSP5,NSP5
AT5G48190,AT5G48190
AT5G48200,AT5G48200
AT5G48205,AT5G48205
AT5G48220,AT5G48220
AAT1,AAT1
AT5G48240,AT5G48240
COL10,COL10
AT5G48270,AT5G48270
AT5G07065,AT5G07065
AT5G48280,AT5G48280
AT5G48290,AT5G48290
APS1,APS1
AT5G48310,AT5G48310
AT5G48320,AT5G48320
AT5G48330,AT5G48330
AT5G48335,AT5G48335
AT5G48340,AT5G48340
AT5G48350,AT5G48350
FH9,FH9
AT5G48370,AT5G48370
TGG3,TGG3
BIR1,BIR1
FRL3,FRL3
ZIP4.1,ZIP4.1
GLR1.2,GLR1.2
GLR1.3,GLR1.3
AT5G48412,AT5G48412
AT5G07095,AT5G07095
AT5G07105,AT5G07105
AT5G07115,AT5G07115
AT5G07125,AT5G07125
AT5G48430,AT5G48430
AT5G48440,AT5G48440
AT5G07145,AT5G07145
sks3,sks3
FIM2,FIM2
AT5G48465,AT5G48465
PRDA1,PRDA1
AT5G48480,AT5G48480
DIR1.1,DIR1.1
AT5G48490,AT5G48490
AT5G48500,AT5G48500
AT5G48510,AT5G48510
AT5G48515,AT5G48515
AT5G48520,AT5G48520
AT5G48530,AT5G48530
CRRSP55,CRRSP55
AT5G07185,AT5G07185
LCR1,LCR1
HINT3,HINT3
AT5G48550,AT5G48550
BHLH78,BHLH78
FKBP65,FKBP65
AT5G48575,AT5G48575
FKBP15-2,FKBP15-2
AT5G48590,AT5G48590
AT5G48595,AT5G48595
ATSMC3,ATSMC3
AT5G48605,AT5G48605
AT5G48610,AT5G48610
RPP8L4,RPP8L4
AT5G48630,AT5G48630
CYCC1-1,CYCC1-1
AT5G48650,AT5G48650
AT5G48655,AT5G48655
AT5G48657,AT5G48657
AT5G48660,AT5G48660
AGL80,AGL80
AT5G48675,AT5G48675
AT5G48680,AT5G48680
AT5G48690,AT5G48690
SUMO4,SUMO4
AT5G07205,AT5G07205
XRI1,XRI1
AT5G07255,AT5G07255
AT5G48730,AT5G48730
AT5G07265,AT5G07265
AT5G48740,AT5G48740
AT5G48750,AT5G48750
RPL13AD,RPL13AD
AT5G48775,AT5G48775
AT5G48770,AT5G48770
AT5G48780,AT5G48780
AT5G48790,AT5G48790
AT5G48800,AT5G48800
AT5G07275,AT5G07275
CYTB5-D,CYTB5-D
AT5G07285,AT5G07285
KRP3,KRP3
AT5G48830,AT5G48830
AT5G48835,AT5G48835
PANC,PANC
SDI1,SDI1
AT5G48860,AT5G48860
LSM5,LSM5
KAT5,KAT5
LATE,LATE
AT5G48900,AT5G48900
AT5G07295,AT5G07295
LCR12,LCR12
PCMP-H38,PCMP-H38
TED7,TED7
HST,HST
RCH1,RCH1
DHNAT2,DHNAT2
AT5G48960,AT5G48960
AT5G48970,AT5G48970
AT5G48980,AT5G48980
AT5G48990,AT5G48990
AT5G49000,AT5G49000
SLD5,SLD5
AT5G49015,AT5G49015
PRMT14,PRMT14
OVA2,OVA2
DIR3,DIR3
AT5G07325,AT5G07325
ATJ49,ATJ49
KCS21,KCS21
AT5G49100,AT5G49100
AT5G49110,AT5G49110
AT5G07345,AT5G07345
FLZ15,FLZ15
AT5G49138,AT5G49138
DTX55,DTX55
AT5G49140,AT5G49140
AT5G49152,AT5G49152
ATGEX2,ATGEX2
DMT1,DMT1
AT5G49170,AT5G49170
PME58,PME58
SUS2,SUS2
ZFWD4,ZFWD4
AT5G49210,AT5G49210
AT5G49215,AT5G49215
AT5G49220,AT5G49220
DI19-7,DI19-7
AT5G49260,AT5G49260
COBL9,COBL9
AT5G49280,AT5G49280
AT5G07355,AT5G07355
ATRLP56,ATRLP56
GATA16,GATA16
AT5G07365,AT5G07365
AT5G49305,AT5G49305
AT5G07385,AT5G07385
IMPA5,IMPA5
AT5G49320,AT5G49320
MYB111,MYB111
TBL4,TBL4
AT5G49350,AT5G49350
BXL1,BXL1
AT5G49390,AT5G49390
AT5G49400,AT5G49400
AT5G49410,AT5G49410
AT5G49420,AT5G49420
AT5G49430,AT5G49430
AT5G49440,AT5G49440
BZIP1,BZIP1
ACLB-2,ACLB-2
AT5G49470,AT5G49470
ATCP1,ATCP1
AGL83,AGL83
SRP-54B,SRP-54B
PFD3,PFD3
WRKY48,WRKY48
AT5G07395,AT5G07395
AT5G49525,AT5G49525
AT5G49530,AT5G49530
AT5G49540,AT5G49540
BLOS2,BLOS2
AT5G49555,AT5G49555
AT5G49560,AT5G49560
PNG1,PNG1
AT5G07415,AT5G07415
AT5G49580,AT5G49580
AT5G49590,AT5G49590
AT5G49600,AT5G49600
AT5G49610,AT5G49610
TAS3b,TAS3b
AtMYB78,AtMYB78
AAP6,AAP6
AT5G49645,AT5G49645
AT5G49640,AT5G49640
XK-2,XK-2
CEPR1,CEPR1
WAV3,WAV3
AT5G07445,AT5G07445
KIP,KIP
UGT91C1,UGT91C1
AHL17,AHL17
AT5G49710,AT5G49710
KOR,KOR
FRO6,FRO6
FRO7,FRO7
AT5G49750,AT5G49750
AT5G07455,AT5G07455
AT5G49760,AT5G49760
AT5G49770,AT5G49770
AT5G07465,AT5G07465
AT5G49780,AT5G49780
AT5G49800,AT5G49800
MMT1,MMT1
RUS6,RUS6
EXO84B,EXO84B
AT5G49840,AT5G49840
JAL46,JAL46
JAL47,JAL47
JAL48,JAL48
AT5G07485,AT5G07485
AT5G07495,AT5G07495
MAD1,MAD1
CLC-C,CLC-C
AT5G49900,AT5G49900
HSP70-7,HSP70-7
AT5G49920,AT5G49920
AT5G07515,AT5G07515
emb1441,emb1441
NIFU2,NIFU2
AT5G49945,AT5G49945
AT5G07525,AT5G07525
AT5G49950,AT5G49950
AT5G49960,AT5G49960
PPOX1,PPOX1
AFB5,AFB5
NAT5,NAT5
AT5G50000,AT5G50000
BHLH145,BHLH145
AT5G50020,AT5G50020
AT5G50030,AT5G50030
AT5G50040,AT5G50040
AT5G50060,AT5G50060
AT5G50070,AT5G50070
ERF110,ERF110
AT5G50090,AT5G50090
AT5G50100,AT5G50100
AT5G50110,AT5G50110
AT5G50115,AT5G50115
AT5G50120,AT5G50120
AT5G07555,AT5G07555
AT5G50130,AT5G50130
AT5G07565,AT5G07565
AT5G07575,AT5G07575
AT5G50140,AT5G50140
AT5G50150,AT5G50150
AT5G07585,AT5G07585
AT5G07595,AT5G07595
FRO8,FRO8
AT5G50170,AT5G50170
AT5G50175,AT5G50175
AT5G50180,AT5G50180
AT5G50190,AT5G50190
NRT3.1,NRT3.1
QS,QS
AT5G50220,AT5G50220
ATG16,ATG16
PIMT2,PIMT2
CP31B,CP31B
CEP1.1,CEP1.1
AT5G50270,AT5G50270
EMB1006,EMB1006
AT5G50290,AT5G50290
AZG2,AZG2
AT5G07605,AT5G07605
AT5G50310,AT5G50310
HAG3,HAG3
AT5G50330,AT5G50330
AT5G50335,AT5G50335
AT5G50340,AT5G50340
ESFL11,ESFL11
AT5G50350,AT5G50350
AT5G50360,AT5G50360
AT5G50361,AT5G50361
AT5G50365,AT5G50365
AT5G07615,AT5G07615
ADK2.1,ADK2.1
CPI1,CPI1
ATEXO70F1,ATEXO70F1
PCMP-H58,PCMP-H58
PAP27,PAP27
AT5G50410,AT5G50410
OFUT36,OFUT36
AT5G50423,AT5G50423
UBC33,UBC33
MEMB12,MEMB12
AT5G50443,AT5G50443
AT5G07635,AT5G07635
AT5G50450,AT5G50450
SEC61G2,SEC61G2
AT5G07655,AT5G07655
NFYC7,NFYC7
NFYC6,NFYC6
NFYC5,NFYC5
AT5G07665,AT5G07665
AT5G07695,AT5G07695
CBSCBSPB4,CBSCBSPB4
AT5G50540,AT5G50540
AT5G50565,AT5G50565
AT5G50562,AT5G50562
SPL13A,SPL13A
SAE1B-2,SAE1B-2
CBSCBSPB4.1,CBSCBSPB4.1
AT5G50665,AT5G50665
SPL13A.1,SPL13A.1
HSD1.1,HSD1.1
HVA22E,HVA22E
AT5G50740,AT5G50740
RGP4,RGP4
AT5G07705,AT5G07705
AT5G50760,AT5G50760
HSD6,HSD6
AT5G50780,AT5G50780
SWEET10,SWEET10
SWEET13,SWEET13
AT5G50805,AT5G50805
TIM8,TIM8
anac097,anac097
AT5G50830,AT5G50830
AT5G50840,AT5G50840
PDH2,PDH2
AT5G50860,AT5G50860
UBC27,UBC27
AT5G50890,AT5G50890
AT5G50900,AT5G50900
AT5G50910,AT5G50910
BHLH137,BHLH137
CLPC1,CLPC1
MHF1,MHF1
AT5G50940,AT5G50940
FUM2,FUM2
NBP35,NBP35
AT5G50970,AT5G50970
PCMP-H59,PCMP-H59
AT5G50995,AT5G50995
AT5G51000,AT5G51000
AT5G51010,AT5G51010
CRL,CRL
AT5G51030,AT5G51030
AT5G51040,AT5G51040
AT5G51050,AT5G51050
AT5G51055,AT5G51055
RBOHC,RBOHC
CLPD,CLPD
AT5G51080,AT5G51080
AT5G51090,AT5G51090
FSD2,FSD2
AT5G51105,AT5G51105
PABN1,PABN1
AT5G51130,AT5G51130
AT5G51140,AT5G51140
AT5G51150,AT5G51150
AT5G51160,AT5G51160
AT5G51170,AT5G51170
AT5G07725,AT5G07725
SNOR30,SNOR30
AT5G07735,AT5G07735
AT5G51180,AT5G51180
ERF105,ERF105
AT5G51195,AT5G51195
AT5G51200,AT5G51200
OL3,OL3
AT5G51220,AT5G51220
EMF2,EMF2
AT5G51250,AT5G51250
AT5G51260,AT5G51260
AT5G51270,AT5G51270
RH35,RH35
CERK,CERK
SF1,SF1
AT5G51310,AT5G51310
DYAD,DYAD
SCC4,SCC4
AT5G51350,AT5G51350
AT5G51360,AT5G51360
AT5G51370,AT5G51370
AT5G51380,AT5G51380
AT5G51390,AT5G51390
AT5G51400,AT5G51400
AT5G51410,AT5G51410
AT5G51420,AT5G51420
EYE,EYE
HSP23.5,HSP23.5
RIN3,RIN3
RGF5,RGF5
TPPA,TPPA
AT5G51465,AT5G51465
AT5G51470,AT5G51470
SKS2,SKS2
PME59,PME59
PME60,PME60
AT5G51510,AT5G51510
AT5G51520,AT5G51520
AT5G51530,AT5G51530
OCT1.1,OCT1.1
LPA2,LPA2
EXL3.1,EXL3.1
AT5G51560,AT5G51560
HIR4,HIR4
AT5G51580,AT5G51580
AT5G51585,AT5G51585
AHL4,AHL4
MAP65-3,MAP65-3
AT5G51610,AT5G51610
AT5G51620,AT5G51620
AT5G51630,AT5G51630
YLS7,YLS7
AT5G51650,AT5G51650
CPSF160,CPSF160
AT5G51670,AT5G51670
AT5G07745,AT5G07745
AT5G51680,AT5G51680
ACS12,ACS12
RAR1,RAR1
KEA5,KEA5
NEET,NEET
AT5G51730,AT5G51730
AT5G07775,AT5G07775
AT5G07785,AT5G07785
AT5G51740,AT5G51740
AT5G07795,AT5G07795
SBT1.3,SBT1.3
AT5G07805,AT5G07805
AHG1,AHG1
AT5G07815,AT5G07815
AT5G51770,AT5G51770
AT5G51780,AT5G51780
AT5G51790,AT5G51790
AT5G07825,AT5G07825
KLP,KLP
AT5G51800,AT5G51800
GA20OX2,GA20OX2
AT5G07835,AT5G07835
PGMP,PGMP
AT5G51830,AT5G51830
AT5G51840,AT5G51840
AT5G51845,AT5G51845
AT5G51850,AT5G51850
AGL72,AGL72
AGL71,AGL71
AT5G51880,AT5G51880
PER66,PER66
AT5G51900,AT5G51900
TCP19,TCP19
AT5G51915,AT5G51915
AT5G51920,AT5G51920
AT5G51930,AT5G51930
NRPB6A,NRPB6A
AT5G51950,AT5G51950
AT5G51960,AT5G51960
SDH,SDH
AT5G51980,AT5G51980
DREB1D,DREB1D
IMPA8,IMPA8
AT5G52010,AT5G52010
ERF025,ERF025
AT5G52030,AT5G52030
ATRSP41,ATRSP41
AT5G52045,AT5G52045
DTX50,DTX50
BAG1,BAG1
AT5G07855,AT5G07855
AT5G07865,AT5G07865
AT5G52070,AT5G52070
AT5G07875,AT5G07875
DAPB3,DAPB3
AT5G07885,AT5G07885
CCB2,CCB2
AT5G52115,AT5G52115
PP2A14,PP2A14
AT5G52130,AT5G52130
AT5G52140,AT5G52140
AT5G52150,AT5G52150
AT5G52155,AT5G52155
HDG7,HDG7
AT5G52180,AT5G52180
AT5G52190,AT5G52190
I-2,I-2
ATARLB1,ATARLB1
AT5G07895,AT5G07895
AT5G52220,AT5G52220
MBD13,MBD13
MSBP1,MSBP1
RUP1,RUP1
AtMYB19,AtMYB19
AT5G52270,AT5G52270
AT5G52280,AT5G52280
SHOC1,SHOC1
LTI65,LTI65
RD29A,RD29A
CYP96A4,CYP96A4
AT5G52330,AT5G52330
ATEXO70A2,ATEXO70A2
ATEXO70A3,ATEXO70A3
AT5G52355,AT5G52355
ADF12,ADF12
AT5G52370,AT5G52370
AT5G52380,AT5G52380
AT5G52390,AT5G52390
CYP715A1,CYP715A1
AT5G52410,AT5G52410
AT5G52420,AT5G52420
AT5G52430,AT5G52430
TATB,TATB
DTX16,DTX16
EDA41,EDA41
MED36B,MED36B
U60.1F,U60.1F
AT5G52480,AT5G52480
SCL8,SCL8
OVA6,OVA6
AT5G52530,AT5G52530
AT5G52540,AT5G52540
AT5G52545,AT5G52545
AT5G52547,AT5G52547
AT5G52550,AT5G52550
USP,USP
BETA-OHASE 2,BETA-OHASE 2
AT5G52580,AT5G52580
MYB82,MYB82
AT5G52605,AT5G52605
AT5G52620,AT5G52620
PCMP-H52,PCMP-H52
HSP90-1,HSP90-1
RPS10C,RPS10C
AT5G52655,AT5G52655
RVE6,RVE6
AT5G52670,AT5G52670
AT5G52680,AT5G52680
AT5G52690,AT5G52690
AT5G52700,AT5G52700
AT5G52710,AT5G52710
AT5G52720,AT5G52720
HIPP11,HIPP11
HIPP12,HIPP12
HIPP13,HIPP13
HIPP14,HIPP14
AT5G52770,AT5G52770
AT5G52780,AT5G52780
CBSDUF5,CBSDUF5
MIR870A,MIR870A
AT5G52800,AT5G52800
SARD4,SARD4
AT5G52815,AT5G52815
NLE1,NLE1
WRKY27,WRKY27
AT5G52840,AT5G52840
PCMP-H31,PCMP-H31
ABCG8,ABCG8
MAKR5,MAKR5
AT5G52880,AT5G52880
AT5G52882,AT5G52882
AT5G52890,AT5G52890
AT5G07915,AT5G07915
AT5G07925,AT5G07925
AT5G07935,AT5G07935
MAKR6,MAKR6
ATIM,ATIM
PKP2,PKP2
AT5G07945,AT5G07945
AT5G52930,AT5G52930
AT5G52940,AT5G52940
AT5G52950,AT5G52950
AT5G52960,AT5G52960
AT5G52965,AT5G52965
AT5G52970,AT5G52970
AT5G52975,AT5G52975
AT5G52980,AT5G52980
PHYL2.2,PHYL2.2
TAP46,TAP46
AT5G53010,AT5G53010
AT5G53020,AT5G53020
AT5G53030,AT5G53030
RKD4,RKD4
AT5G53045,AT5G53045
AT5G53048,AT5G53048
AT5G53050,AT5G53050
RCF3,RCF3
AT5G53070,AT5G53070
AT5G53080,AT5G53080
AT5G53090,AT5G53090
AT5G53100,AT5G53100
AT5G53110,AT5G53110
SPDS3,SPDS3
CNGC1,CNGC1
AT5G53140,AT5G53140
AT5G53150,AT5G53150
AT5G07955,AT5G07955
PYL8,PYL8
FTSH11,FTSH11
ATPTB2,ATPTB2
SWEET3,SWEET3
TRY,TRY
SPCH,SPCH
AT5G53220,AT5G53220
AT5G53230,AT5G53230
AT5G53240,AT5G53240
AGP22,AGP22
AT5G53270,AT5G53270
PDV1,PDV1
CRF3,CRF3
UBC10,UBC10
AT5G53310,AT5G53310
AT5G53320,AT5G53320
AT5G53330,AT5G53330
HPTG1,HPTG1
AT5G07965,AT5G07965
CLPX1,CLPX1
AT5G53360,AT5G53360
AT5G07975,AT5G07975
ATPMEPCRF,ATPMEPCRF
AT5G07985,AT5G07985
AT5G53380,AT5G53380
AT5G53390,AT5G53390
BOB1,BOB1
AT5G53410,AT5G53410
AT5G53420,AT5G53420
ATX5,ATX5
AT5G53440,AT5G53440
PAP14,PAP14
AT5G07995,AT5G07995
GLT1.1,GLT1.1
ACBP1,ACBP1
KPNB1,KPNB1
AT5G53486,AT5G53486
AT5G53487,AT5G53487
AT5G53490,AT5G53490
AT5G53500,AT5G53500
OPT9,OPT9
OPT8,OPT8
VPS26A,VPS26A
AT5G53540,AT5G53540
YSL3,YSL3
CYTB5-E,CYTB5-E
AT5G53570,AT5G53570
PLR1,PLR1
AT5G53590,AT5G53590
AT5G53592,AT5G53592
AT5G53600,AT5G53600
AT5G53610,AT5G53610
AT5G53620,AT5G53620
AT5G53635,AT5G53635
AT5G53640,AT5G53640
AT5G53650,AT5G53650
AT5G08015,AT5G08015
GRF7,GRF7
AT5G53680,AT5G53680
AT5G53700,AT5G53700
AT5G53710,AT5G53710
AT5G53720,AT5G53720
NHL26,NHL26
AT5G53740,AT5G53740
AT5G53750,AT5G53750
MLO11,MLO11
AT5G53770,AT5G53770
AT5G53780,AT5G53780
AT5G53790,AT5G53790
AT5G53800,AT5G53800
AT5G53810,AT5G53810
AT5G53820,AT5G53820
VQ33,VQ33
AT5G53840,AT5G53840
AT5G53850,AT5G53850
emb2737,emb2737
ENODL1,ENODL1
AT5G53880,AT5G53880
AT5G08035,AT5G08035
PSKR2,PSKR2
AT5G53895,AT5G53895
AT5G53900,AT5G53900
U3B,U3B
AT5G53905,AT5G53905
AT5G53920,AT5G53920
AT5G53930,AT5G53930
AT5G53940,AT5G53940
NAC098,NAC098
AT5G08085,AT5G08085
AT5G53970,AT5G53970
AT5G08095,AT5G08095
ATHB-52,ATHB-52
UGT79B9,UGT79B9
AT5G54000,AT5G54000
UGT79B6,UGT79B6
AT5G54020,AT5G54020
AT5G54030,AT5G54030
AT5G54035,AT5G54035
AT5G08105,AT5G08105
AT5G54040,AT5G54040
AT5G54050,AT5G54050
A3G2XYLT,A3G2XYLT
AT5G54067,AT5G54067
HSFA9,HSFA9
U3D,U3D
HGO,HGO
AT5G54090,AT5G54090
AT5G54095,AT5G54095
AT5G54100,AT5G54100
PVA41,PVA41
AT5G54130,AT5G54130
ILL3,ILL3
AT5G54145,AT5G54145
AT5G08125,AT5G08125
AT5G54148,AT5G54148
AT5G54150,AT5G54150
OMT1,OMT1
AT5G54165,AT5G54165
AT5G54170,AT5G54170
AT5G08135,AT5G08135
MTERF8,MTERF8
PORA,PORA
AT5G54200,AT5G54200
AT5G54220,AT5G54220
LCR83,LCR83
MYB49,MYB49
AT5G54240,AT5G54240
CNGC4,CNGC4
MRE11,MRE11
LHCB3,LHCB3
VIII-2,VIII-2
CcdA,CcdA
AT5G54300,AT5G54300
AT5G08175,AT5G08175
AGD5,AGD5
AT5G54350,AT5G54350
AT5G54360,AT5G54360
AT5G54370,AT5G54370
AT5G54375,AT5G54375
THE1,THE1
AT5G08195,AT5G08195
AHL,AHL
AT5G54400,AT5G54400
AT5G54410,AT5G54410
AT5G54420,AT5G54420
ATPHOS32,ATPHOS32
TRS130,TRS130
AT5G54450,AT5G54450
AT5G54460,AT5G54460
AT5G54470,AT5G54470
AT5G54480,AT5G54480
AT5G08205,AT5G08205
PBP1,PBP1
FQR1,FQR1
GH3.6,GH3.6
AT5G54520,AT5G54520
AT5G54530,AT5G54530
AT5G54540,AT5G54540
AT5G54550,AT5G54550
AT5G54560,AT5G54560
AT5G54569,AT5G54569
BGLU41,BGLU41
ORRM2,ORRM2
AT5G08215,AT5G08215
AT5G54585,AT5G54585
CRLK1,CRLK1
RPL24,RPL24
BAD1,BAD1
AT5G08225,AT5G08225
AT5G54620,AT5G54620
AT5G54630,AT5G54630
RAT5,RAT5
FH5,FH5
HSP21.7,HSP21.7
KIN14N,KIN14N
ILR3,ILR3
AT5G08235,AT5G08235
GAUT12,GAUT12
AT5G54700,AT5G54700
AT5G54710,AT5G54710
AT5G54720,AT5G54720
ATG18F,ATG18F
DEGP15,DEGP15
AT5G54750,AT5G54750
AT5G54760,AT5G54760
THI1,THI1
AT5G54780,AT5G54780
VUP4,VUP4
GPT1,GPT1
TSB1,TSB1
AT5G54820,AT5G54820
AT5G54830,AT5G54830
SGP1,SGP1
AT5G54850,AT5G54850
AT5G54855,AT5G54855
AT5G54860,AT5G54860
AT5G54870,AT5G54870
AT5G54880,AT5G54880
AT5G54890,AT5G54890
RBP45A,RBP45A
RH32,RH32
AT5G54920,AT5G54920
AT5G54930,AT5G54930
AT5G54940,AT5G54940
AT5G54950,AT5G54950
PDC2,PDC2
AT5G54970,AT5G54970
AT5G54980,AT5G54980
AT5G54990,AT5G54990
FIP2,FIP2
AT5G55010,AT5G55010
ATMYB120,ATMYB120
AT5G55040,AT5G55040
AT5G55050,AT5G55050
AT5G55045,AT5G55045
AT5G55055,AT5G55055
AT5G55060,AT5G55060
AT5G55070,AT5G55070
RAN4,RAN4
MAPKKK15,MAPKKK15
AT5G55100,AT5G55100
AT5G55110,AT5G55110
VTC5,VTC5
AT5G55125,AT5G55125
MOCS3,MOCS3
AT5G55135,AT5G55135
AT5G55140,AT5G55140
AT5G55150,AT5G55150
SUM2,SUM2
SUMO3,SUMO3
AT5G55180,AT5G55180
RAN3,RAN3
Mge1,Mge1
AT5G55210,AT5G55210
TIG,TIG
ATMAP65-1,ATMAP65-1
PXG2,PXG2
IAMT1,IAMT1
PPX2,PPX2
AT5G55270,AT5G55270
FTSZ1,FTSZ1
VHA-E1,VHA-E1
TOP1ALPHA,TOP1ALPHA
TOP1B,TOP1B
AT7,AT7
AT6,AT6
AT5,AT5
AT4.1,AT4.1
AT3,AT3
AT2,AT2
AT1,AT1
EDM2,EDM2
FIM3,FIM3
AT5G55410,AT5G55410
AT5G55430,AT5G55430
AT5G55440,AT5G55440
AT5G55450,AT5G55450
AT5G08275,AT5G08275
AT5G55460,AT5G55460
AT5G08285,AT5G08285
NHX4,NHX4
GDPDL4,GDPDL4
GEX1,GEX1
XYLT,XYLT
AT5G55505,AT5G55505
AT5G55507,AT5G55507
AT5G55508,AT5G55508
TIM22-3,TIM22-3
AT5G55520,AT5G55520
AT5G55530,AT5G55530
TRN1,TRN1
AT5G55550,AT5G55550
WNK11,WNK11
AT5G55565,AT5G55565
AT5G55570,AT5G55570
MTERF9,MTERF9
QRT1,QRT1
AT5G55600,AT5G55600
AT5G55610,AT5G55610
AT5G55620,AT5G55620
TPK1.1,TPK1.1
AT5G55640,AT5G55640
AT5G55650,AT5G55650
AT5G55660,AT5G55660
AT5G55670,AT5G55670
AT5G55680,AT5G55680
AT5G55690,AT5G55690
BAM4,BAM4
TIC20-V,TIC20-V
AT5G55720,AT5G55720
FLA1,FLA1
CRR21,CRR21
AT5G55750,AT5G55750
SRT1,SRT1
AT5G55770,AT5G55770
AT5G55780,AT5G55780
AT5G55790,AT5G55790
AT5G55800,AT5G55800
AtNMNAT,AtNMNAT
AT5G55820,AT5G55820
LECRKS7,LECRKS7
MIR156H,MIR156H
AT5G55840,AT5G55840
NOI,NOI
SUMO7,SUMO7
SUMO8,SUMO8
AT5G55860,AT5G55860
AT5G55870,AT5G55870
AT5G55893,AT5G55893
AT5G08385,AT5G08385
AT5G55900,AT5G55900
D6PK,D6PK
OLI2,OLI2
OPT1,OPT1
AT5G08425,AT5G08425
EMB2731,EMB2731
AT5G55950,AT5G55950
AT5G55960,AT5G55960
AT5G55970,AT5G55970
AT5G55980,AT5G55980
CBL2,CBL2
HSP90-4,HSP90-4
HSP90-3,HSP90-3
AT5G56020,AT5G56020
HSP81-2,HSP81-2
AT5G56040,AT5G56040
AT5G56050,AT5G56050
AT5G56060,AT5G56060
AT5G56070,AT5G56070
AT5G56075,AT5G56075
NAS2,NAS2
COX15,COX15
AT5G56100,AT5G56100
MYB80,MYB80
AT5G56120,AT5G56120
THO3,THO3
AT5G56140,AT5G56140
UBC30,UBC30
SFH14,SFH14
LLG1,LLG1
ARP8,ARP8
AT5G56190,AT5G56190
AT5G56200,AT5G56200
WIP2,WIP2
AT5G08435,AT5G08435
AT5G56220,AT5G56220
AT5G08445,AT5G08445
PRA1G2,PRA1G2
AT5G56240,AT5G56240
HAP8,HAP8
AT5G08455,AT5G08455
AT5G56260,AT5G56260
WRKY2,WRKY2
CSN6A,CSN6A
PEX5,PEX5
AT5G08465,AT5G08465
GAMT2,GAMT2
PCMP-E13,PCMP-E13
ATEXPA14,ATEXPA14
AT5G08485,AT5G08485
AT5G56325,AT5G56325
ATACA8,ATACA8
ATCRT1,ATCRT1
AT5G56350,AT5G56350
PSL4,PSL4
AT5G56365,AT5G56365
AT5G08495,AT5G08495
AT5G08515,AT5G08515
AT5G08525,AT5G08525
AT5G56368,AT5G56368
AT5G56369,AT5G56369
AT5G56370,AT5G56370
AT5G56380,AT5G56380
AT5G56400,AT5G56400
AT5G56410,AT5G56410
AT5G56420,AT5G56420
AT5G56430,AT5G56430
AT5G56440,AT5G56440
AT5G56450,AT5G56450
AT5G56452,AT5G56452
PBL16,PBL16
GULLO7,GULLO7
AT5G56480,AT5G56480
GULLO4,GULLO4
CPN60B3,CPN60B3
APUM12,APUM12
AT5G08575,AT5G08575
AT5G56520,AT5G56520
AT5G56530,AT5G56530
AGP14,AGP14
OXS3,OXS3
AT5G08595,AT5G08595
AT5G56555,AT5G56555
AT5G56560,AT5G56560
AT5G56570,AT5G56570
MKK6,MKK6
AT5G56590,AT5G56590
PRO5,PRO5
AT5G56610,AT5G56610
anac099,anac099
AT5G08605,AT5G08605
PFK7,PFK7
MIOX5,MIOX5
ILL1,ILL1
ILL2,ILL2
AT5G08615,AT5G08615
RPS30A,RPS30A
SYNC1,SYNC1
AT5G56690,AT5G56690
AT5G56700,AT5G56700
RPL31C,RPL31C
AT5G56720,AT5G56720
AT5G56730,AT5G56730
HAG2,HAG2
AT5G56745,AT5G56745
NDL1,NDL1
SAT5,SAT5
ET3,ET3
ET2,ET2
AT5G56790,AT5G56790
MT1B,MT1B
AT5G56800,AT5G56800
AT5G56810,AT5G56810
AT5G56820,AT5G56820
AT5G56840,AT5G56840
AT5G56850,AT5G56850
GATA21,GATA21
AT5G08645,AT5G08645
AT5G08635,AT5G08635
AT5G08655,AT5G08655
AT5G08665,AT5G08665
BGAL4,BGAL4
AT5G56880,AT5G56880
AT5G56890,AT5G56890
AT5G56900,AT5G56900
AT5G56910,AT5G56910
AT5G56920,AT5G56920
EMB1789,EMB1789
RPS16-2,RPS16-2
NAP1;3,NAP1;3
AT5G56960,AT5G56960
AT5G08675,AT5G08675
CKX3,CKX3
AT5G08685,AT5G08685
AT5G56975,AT5G56975
A70,A70
AT5G56985,AT5G56985
AT5G56990,AT5G56990
AT5G57000,AT5G57000
IQM5,IQM5
CKL12,CKL12
NMT1,NMT1
LUT2,LUT2
AT5G57035,AT5G57035
AT5G57040,AT5G57040
ABI2,ABI2
AT5G57060,AT5G57060
AT5G57070,AT5G57070
AT5G57080,AT5G57080
PIN2,PIN2
AT5G57100,AT5G57100
ACA8,ACA8
AT5G57120,AT5G57120
AT5G57123,AT5G57123
AT5G08705,AT5G08705
SMXL5,SMXL5
PAP28,PAP28
AT5G57150,AT5G57150
LIG4,LIG4
AT5G57170,AT5G57170
CIA2,CIA2
PSD2,PSD2
AT5G57200,AT5G57200
AT5G57210,AT5G57210
CYP81F2,CYP81F2
AT5G57230,AT5G57230
ORP4C,ORP4C
AT5G57250,AT5G57250
CYP71B10,CYP71B10
AT5G57270,AT5G57270
RID2,RID2
RPP3B,RPP3B
COQ5,COQ5
VLN5,VLN5
AT5G57330,AT5G57330
AT5G57340,AT5G57340
AT5G57345,AT5G57345
AHA3,AHA3
ZTL,ZTL
AT5G57370,AT5G57370
VIN3,VIN3
AIL5,AIL5
AT5G57400,AT5G57400
AT5G57410,AT5G57410
IAA33,IAA33
GPP2,GPP2
XRCC3,XRCC3
AT5G57460,AT5G57460
AT5G57480,AT5G57480
VDAC4,VDAC4
AT5G57500,AT5G57500
AT5G57510,AT5G57510
ZFP2,ZFP2
XTH12,XTH12
AT5G57535,AT5G57535
XTH13,XTH13
XTH25,XTH25
XTH22,XTH22
AT5G08715,AT5G08715
AT5G57565,AT5G57565
AT5G57569,AT5G57569
AT5G57567,AT5G57567
AT5G57570,AT5G57570
CBP60B,CBP60B
BIO3-BIO1,BIO3-BIO1
AT5G57610,AT5G57610
MYB36,MYB36
AT5G57625,AT5G57625
CIPK21,CIPK21
AT5G08725,AT5G08725
AT5G57640,AT5G57640
AT5G57650,AT5G57650
XYLA,XYLA
AT5G08735,AT5G08735
COL5,COL5
AT5G08745,AT5G08745
AT5G08755,AT5G08755
AT5G57670,AT5G57670
GDU3,GDU3
AT5G08765,AT5G08765
DGK4,DGK4
AT5G57700,AT5G57700
SMAX1,SMAX1
AT5G57720,AT5G57720
TASIR-ARF,TASIR-ARF
XBAT32,XBAT32
AT5G57760,AT5G57760
AT5G57770,AT5G57770
AT5G57780,AT5G57780
AT5G08775,AT5G08775
AT5G57785,AT5G57785
AT5G57790,AT5G57790
CER3,CER3
TET15,TET15
COX6B-2,COX6B-2
AT5G08785,AT5G08785
AT5G57820,AT5G57820
AT5G57830,AT5G57830
AT5G57840,AT5G57840
DAAT,DAAT
AT5G57860,AT5G57860
EIF(ISO)4G1,EIF(ISO)4G1
AT5G08805,AT5G08805
MPS1,MPS1
AT5G57887,AT5G57887
ASB2,ASB2
AT5G08810,AT5G08810
SKIP1,SKIP1
AT5G57910,AT5G57910
ENODL10,ENODL10
APO2,APO2
CNGC5,CNGC5
AT5G57950,AT5G57950
AT5G57960,AT5G57960
AT5G57970,AT5G57970
NRPB5L1,NRPB5L1
UBP23,UBP23
AT5G08815,AT5G08815
AT5G58000,AT5G58000
CPL4,CPL4
AT5G58005,AT5G58005
BHLH82,BHLH82
AT5G58020,AT5G58020
AT5G58030,AT5G58030
FIPS5,FIPS5
GDPDL6,GDPDL6
YKT61,YKT61
TIL,TIL
ARR18,ARR18
AT5G58090,AT5G58090
AT5G58100,AT5G58100
AT5G58110,AT5G58110
AT5G58120,AT5G58120
ROS3,ROS3
AT5G08820,AT5G08820
PHOT2,PHOT2
AT5G58150,AT5G58150
FH13,FH13
GDPDL7,GDPDL7
YKT62,YKT62
ECT10,ECT10
AT5G58200,AT5G58200
AT5G58210,AT5G58210
TTL,TTL
MSI1,MSI1
FHIT,FHIT
AT5G58250,AT5G58250
ndhN,ndhN
ABCB25,ABCB25
AT5G58280,AT5G58280
RPT3,RPT3
AT5G58300,AT5G58300
MES18,MES18
AT5G08825,AT5G08825
NET4A,NET4A
AT5G08830,AT5G08830
AT5G58330,AT5G58330
AT5G58340,AT5G58340
WNK4,WNK4
OFP3,OFP3
AT5G58370,AT5G58370
AT5G58375,AT5G58375
CIPK10,CIPK10
PER67,PER67
PER68,PER68
AT5G58410,AT5G58410
AT5G58412,AT5G58412
RPS4D,RPS4D
EXO70B1,EXO70B1
SNX2A,SNX2A
NAA25,NAA25
CHX25,CHX25
MIR390B,MIR390B
TAF15B,TAF15B
AT5G58480,AT5G58480
AT5G58490,AT5G58490
AT5G58495,AT5G58495
LSH5,LSH5
AT5G58510,AT5G58510
AT5G58520,AT5G58520
AT5G58530,AT5G58530
AT5G08835,AT5G08835
AT5G58540,AT5G58540
EOL2,EOL2
FOLK,FOLK
AT5G58570,AT5G58570
AT5G08840,AT5G08840
AT5G58575,AT5G58575
ATL63,ATL63
AT5G08845,AT5G08845
RANBP1C,RANBP1C
AT5G58595,AT5G58595
AT5G08850,AT5G08850
AT5G08855,AT5G08855
AT5G08860,AT5G08860
AT5G08865,AT5G08865
PMR5,PMR5
AT5G58610,AT5G58610
AT5G58620,AT5G58620
AT5G08870,AT5G08870
AT5G58630,AT5G58630
AT5G58640,AT5G58640
AT5G08875,AT5G08875
PSY1,PSY1
AT5G58660,AT5G58660
PLC1,PLC1
AT5G58680,AT5G58680
PLC5,PLC5
PLC4,PLC4
CYP20-1,CYP20-1
PIPC,PIPC
AT5G58730,AT5G58730
AT5G58740,AT5G58740
AT5G58750,AT5G58750
DDB2,DDB2
AT5G58770,AT5G58770
AT5G58780,AT5G58780
AT5G58782,AT5G58782
AT5G58784,AT5G58784
AT5G58787,AT5G58787
AT5G58790,AT5G58790
AT5G58800,AT5G58800
SBT4.8,SBT4.8
SBT4.9,SBT4.9
ATMYB119,ATMYB119
CYP86A1,CYP86A1
FTSH9,FTSH9
AT5G58880,AT5G58880
AGL82,AGL82
AT5G58900,AT5G58900
LAC16,LAC16
AT5G58920,AT5G58920
AT5G58930,AT5G58930
CRCK1,CRCK1
AT5G58950,AT5G58950
GIL1,GIL1
AT5G08880,AT5G08880
PUMP2,PUMP2
AT5G08885,AT5G08885
NCER3,NCER3
AT5G58990,AT5G58990
AT5G59000,AT5G59000
BSK5,BSK5
AT5G08890,AT5G08890
AT5G59020,AT5G59020
COPT1,COPT1
COPT3,COPT3
AT5G59050,AT5G59050
AT5G59055,AT5G59055
AT5G59060,AT5G59060
AT5G59080,AT5G59080
AT5G59070,AT5G59070
SBT4.12,SBT4.12
SBT4.4,SBT4.4
SBT4.13,SBT4.13
SBT4.11,SBT4.11
AT5G59140,AT5G59140
RABA2D,RABA2D
TOPP2,TOPP2
AT5G59170,AT5G59170
NRPB7,NRPB7
AT5G59190,AT5G59190
PCMP-E41,PCMP-E41
AT5G59210,AT5G59210
SAG113,SAG113
AT5G08895,AT5G08895
AT5G59230,AT5G59230
RPS8B,RPS8B
AT5G59250,AT5G59250
LECRK21,LECRK21
AT5G08905,AT5G08905
AT5G59270,AT5G59270
APUM16,APUM16
UXS3,UXS3
UBC7,UBC7
CLE46,CLE46
LTP4,LTP4
LTP3,LTP3
AT5G59330,AT5G59330
WOX2,WOX2
AT5G59350,AT5G59350
AT5G08915,AT5G08915
SMR14,SMR14
ACT4,ACT4
MBD6,MBD6
AT5G59385,AT5G59385
AT5G59390,AT5G59390
AT5G59400,AT5G59400
AT5G59410,AT5G59410
ORP3C,ORP3C
TRP1,TRP1
ZEU1,ZEU1
SCL11,SCL11
AT5G08920,AT5G08920
AT5G59460,AT5G59460
AT5G59470,AT5G59470
AT5G59480,AT5G59480
AT5G59490,AT5G59490
AT5G59500,AT5G59500
MIR172E,MIR172E
RTFL5,RTFL5
ZIP2,ZIP2
AT5G59530,AT5G59530
AT5G59540,AT5G59540
AT5G59550,AT5G59550
SRR1,SRR1
AT5G08925,AT5G08925
BOA,BOA
UGT76E1,UGT76E1
UGT76E2,UGT76E2
AT5G59610,AT5G59610
PCMP-E1,PCMP-E1
AT5G59613,AT5G59613
AT5G59616,AT5G59616
AT5G59650,AT5G59650
AT5G59660,AT5G59660
AT5G59662,AT5G59662
AT5G59670,AT5G59670
AT5G59680,AT5G59680
AT5G59690,AT5G59690
AT5G59700,AT5G59700
VIP2.1,VIP2.1
HSP18.1,HSP18.1
ATEXO70H7,ATEXO70H7
AT5G59732,AT5G59732
UTR5B,UTR5B
AT5G59750,AT5G59750
AT5G59760,AT5G59760
AT5G59770,AT5G59770
MYB59,MYB59
AT5G08930,AT5G08930
AT5G59790,AT5G59790
MBD7,MBD7
SBT5.4,SBT5.4
ZAT12,ZAT12
AT5G59830,AT5G59830
AT5G59840,AT5G59840
AT5G08935,AT5G08935
GASA10,GASA10
RPS15AF.1,RPS15AF.1
AT5G59860,AT5G59860
AT5G59865,AT5G59865
HTA6,HTA6
AT5G08940,AT5G08940
ADF3,ADF3
ADF4,ADF4
AT5G59895,AT5G59895
AT5G59900,AT5G59900
HTB4,HTB4
ULI3,ULI3
AT5G59930,AT5G59930
AT5G59940,AT5G59940
AT5G59950,AT5G59950
AT5G59945,AT5G59945
AT5G59960,AT5G59960
AT5G59970,AT5G59970
AT5G59980,AT5G59980
AT5G59990,AT5G59990
RBOHH,RBOHH
AT5G60022,AT5G60022
LAC17,LAC17
AT5G60030,AT5G60030
NRPC1,NRPC1
AT5G60050,AT5G60050
AT5G08950,AT5G08950
AT5G60060,AT5G60060
AT5G60070,AT5G60070
AT5G60090,AT5G60090
PRR3,PRR3
APUM18,APUM18
TOE2,TOE2
AT5G60130,AT5G60130
AT5G60140,AT5G60140
AT5G60142,AT5G60142
AT5G60150,AT5G60150
AT5G60160,AT5G60160
AT5G60170,AT5G60170
APUM19,APUM19
NEDP1,NEDP1
DOF5.3,DOF5.3
RIP5,RIP5
AT5G60215,AT5G60215
TET4,TET4
SEN2,SEN2
AT5G60240,AT5G60240
AT5G60250,AT5G60250
AT5G60260,AT5G60260
AT5G60265,AT5G60265
LECRK17,LECRK17
LECRK18,LECRK18
AT5G60285,AT5G60285
AT5G60290,AT5G60290
LECRK19,LECRK19
LECRK110,LECRK110
LECRK111,LECRK111
AT5G60335,AT5G60335
AAK6,AAK6
AT5G60350,AT5G60350
AALP,AALP
AT5G60370,AT5G60370
AT5G60380,AT5G60380
A1.3,A1.3
AT5G60400,AT5G60400
MIR391,MIR391
ATSIZ1,ATSIZ1
AT5G60430,AT5G60430
AGL62,AGL62
ARF4,ARF4
AT5G60460,AT5G60460
AT5G60470,AT5G60470
FLA12,FLA12
AT5G60500,AT5G60500
AT5G60510,AT5G60510
AT5G60520,AT5G60520
AT5G60530,AT5G60530
PDX2,PDX2
GRIK2,GRIK2
AT5G08955,AT5G08955
AT5G60570,AT5G60570
AT5G60580,AT5G60580
AT5G60590,AT5G60590
ISPG,ISPG
AT5G60610,AT5G60610
AT5G60615,AT5G60615
GPAT9,GPAT9
AT5G60630,AT5G60630
AT5G08960,AT5G08960
PDIL1-4,PDIL1-4
AT5G60650,AT5G60650
PIP2-4,PIP2-4
AT5G08965,AT5G08965
RPL12C,RPL12C
AT5G60680,AT5G60680
REV,REV
AT5G60700,AT5G60700
AT5G60710,AT5G60710
AT5G08970,AT5G08970
AT5G60720,AT5G60720
AT5G60730,AT5G60730
ABCG28,ABCG28
AT5G60750,AT5G60750
AT5G60760,AT5G60760
NRT2.4,NRT2.4
NRT2.3,NRT2.3
ABCF1,ABCF1
AT5G60800,AT5G60800
AT5G60805,AT5G60805
AT5G60820,AT5G60820
AtbZIP70,AtbZIP70
AT5G60840,AT5G60840
DOF5.4,DOF5.4
AT5G08975,AT5G08975
RABA1F,RABA1F
AT5G08980,AT5G08980
AT5G60870,AT5G60870
BASL,BASL
MYB34,MYB34
RLK1,RLK1
AGL8,AGL8
AT5G60930,AT5G60930
CSTF50,CSTF50
AT5G60945,AT5G60945
COBL5,COBL5
PNM1,PNM1
AT5G60963,AT5G60963
AT5G60964,AT5G60964
AT5G60966,AT5G60966
TCP5,TCP5
AT5G60980,AT5G60980
RH10,RH10
RPA1D,RPA1D
ATEXO70E2,ATEXO70E2
ECT3,ECT3
RBG3,RBG3
AT5G61040,AT5G61040
AT5G61050,AT5G61050
HDA05,HDA05
HDA18,HDA18
AT5G61090,AT5G61090
AT5G61100,AT5G61100
AT5G61120,AT5G61120
PDCB1,PDCB1
BRR2C,BRR2C
VIP4,VIP4
ACT,ACT
RPS19C,RPS19C
AT5G61180,AT5G61180
AT5G61190,AT5G61190
AT5G61200,AT5G61200
SNAP33,SNAP33
AT5G08990,AT5G08990
AT5G61220,AT5G61220
PIA2,PIA2
AT5G61240,AT5G61240
AtGUS1,AtGUS1
AT5G61260,AT5G61260
BHLH72,BHLH72
AT5G61280,AT5G61280
AT5G61290,AT5G61290
AT5G61300,AT5G61300
AT5G61310,AT5G61310
CYP89A3,CYP89A3
AT5G61330,AT5G61330
AT5G61340,AT5G61340
AT5G61345,AT5G61345
AT5G61350,AT5G61350
AT5G61360,AT5G61360
AT5G61370,AT5G61370
APRR1,APRR1
NEN2,NEN2
AT5G61400,AT5G61400
RPE,RPE
AT5G61412,AT5G61412
MYB28,MYB28
NAC100,NAC100
ACHT5,ACHT5
AT5G09000,AT5G09000
AT5G09005,AT5G09005
AT5G61445,AT5G61445
AT5G61450,AT5G61450
U2.7,U2.7
SMC6B,SMC6B
AT5G61470,AT5G61470
TDR,TDR
AT5G09010,AT5G09010
AT5G61490,AT5G61490
AT5G61495,AT5G61495
ATG3,ATG3
AT5G61510,AT5G61510
STP3,STP3
AT5G61530,AT5G61530
AT5G61540,AT5G61540
AT5G09015,AT5G09015
AT5G61550,AT5G61550
AT5G61560,AT5G61560
AT5G61570,AT5G61570
PFK4,PFK4
ERF107,ERF107
ERF104,ERF104
AT5G61610,AT5G61610
AT5G61620,AT5G61620
AT5G61630,AT5G61630
PMSR1,PMSR1
CYCU4-3,CYCU4-3
AT5G61660,AT5G61660
AT5G09020,AT5G09020
OR,OR
AT5G61680,AT5G61680
ABCA11,ABCA11
ABCA12,ABCA12
AT5G61720,AT5G61720
ABCA9,ABCA9
ABCA10,ABCA10
AT5G61750,AT5G61750
IPK2B,IPK2B
PPAN,PPAN
TSN2,TSN2
CNX1.1,CNX1.1
PCMP-E8,PCMP-E8
AT5G61810,AT5G61810
AT5G61820,AT5G61820
AT5G61830,AT5G61830
AT5G61835,AT5G61835
IRX10L,IRX10L
LFY,LFY
AT5G61865,AT5G61865
PAM16L1,PAM16L1
ERF114,ERF114
AT5G61910,AT5G61910
BON1,BON1
FLXL4,FLXL4
APO3,APO3
AT5G61940,AT5G61940
AT5G61950,AT5G61950
ML1,ML1
AT5G61970,AT5G61970
AGD1,AGD1
AT5G61990,AT5G61990
AT5G09030,AT5G09030
AT5G09035,AT5G09035
AT5G61997,AT5G61997
AT5G09040,AT5G09040
AT5G09045,AT5G09045
ARF2,ARF2
HSFB2A,HSFB2A
AT5G62030,AT5G62030
BFT,BFT
OXA1,OXA1
AT5G62060,AT5G62060
LTP14,LTP14
IQD23,IQD23
AT5G62080,AT5G62080
SLK2,SLK2
ATBAG2,ATBAG2
AT5G62110,AT5G62110
ARR23,ARR23
AT5G62130,AT5G62130
AT5G62140,AT5G62140
AT5G62150,AT5G62150
ZIP12,ZIP12
MIR399C,MIR399C
AGL42,AGL42
AT5G62170,AT5G62170
CXE20,CXE20
RH7,RH7
ATS3B,ATS3B
AT5G62210,AT5G62210
XLT2,XLT2
ERL1,ERL1
AT5G62240,AT5G62240
MAP65-9,MAP65-9
AHL6,AHL6
AT5G62270,AT5G62270
AT5G62280,AT5G62280
AT5G62290,AT5G62290
RPS20C,RPS20C
IRE,IRE
MYB99,MYB99
AT5G62330,AT5G62330
AT5G62340,AT5G62340
AT5G09055,AT5G09055
AT5G62350,AT5G62350
AT5G62360,AT5G62360
AT5G62370,AT5G62370
NAC101,NAC101
BAG7,BAG7
AT5G62400,AT5G62400
SMC2-1,SMC2-1
AT5G62420,AT5G62420
AT5G09065,AT5G09065
AT5G09070,AT5G09070
CDF1,CDF1
EMB514,EMB514
AT5G62460,AT5G62460
MYB96,MYB96
AT5G09080,AT5G09080
GSTU9,GSTU9
HVA22B,HVA22B
EB1B,EB1B
AT5G62510,AT5G62510
SRO5,SRO5
ALDH12A1,ALDH12A1
UBC3,UBC3
AT5G62550,AT5G62550
PUB41,PUB41
AT5G62570,AT5G62570
AT5G62573,AT5G62573
SDH7B,SDH7B
TOR1L3,TOR1L3
MOS14,MOS14
BHLH79,BHLH79
GALT6,GALT6
HIPL2,HIPL2
ELF5,ELF5
AT5G62650,AT5G62650
AT5G62660,AT5G62660
AT5G09085,AT5G09085
AHA11,AHA11
NPF2.11,NPF2.11
TUBB3,TUBB3
TUBB3.1,TUBB3.1
AT5G62710,AT5G62710
AT5G62720,AT5G62720
NPF4.7,NPF4.7
HIR1,HIR1
AT5G62750,AT5G62750
AT5G62760,AT5G62760
AT5G62770,AT5G62770
AT5G62780,AT5G62780
DXR,DXR
AT5G62800,AT5G62800
PEX14,PEX14
AT5G62820,AT5G62820
AT5G62830,AT5G62830
AT5G62840,AT5G62840
SWEET5,SWEET5
MIR420,MIR420
AT5G62865,AT5G62865
ARAC10,ARAC10
AT5G09090,AT5G09090
NAT6,NAT6
AT5G62900,AT5G62900
AT5G62910,AT5G62910
ARR6,ARR6
AT5G62930,AT5G62930
DOF5.6,DOF5.6
AT5G62950,AT5G62950
AT5G09095,AT5G09095
AT5G62960,AT5G62960
AT5G62970,AT5G62970
AT5G09105,AT5G09105
FOLB2,FOLB2
emb1692,emb1692
AT5G62998,AT5G62998
AT5G63000,AT5G63000
AT5G63010,AT5G63010
AT5G63020,AT5G63020
AT5G09120,AT5G09120
GRXC1,GRXC1
AT5G63040,AT5G63040
AT5G09125,AT5G09125
EMB2759,EMB2759
AT5G09135,AT5G09135
AT5G63060,AT5G63060
RPS15F,RPS15F
AT5G63080,AT5G63080
AT5G09145,AT5G09145
AT5G63087,AT5G63087
LOB,LOB
AT5G63100,AT5G63100
HDA6,HDA6
RH30,RH30
AT5G63130,AT5G63130
AT5G63135,AT5G63135
PAP29,PAP29
AT5G63145,AT5G63145
AT5G63150,AT5G63150
BT1,BT1
AT5G63170,AT5G63170
AT5G63180,AT5G63180
AT5G63190,AT5G63190
AT5G63195,AT5G63195
AT5G63200,AT5G63200
AT5G63220,AT5G63220
AT5G63225,AT5G63225
AT5G63230,AT5G63230
AT5G63240,AT5G63240
AT5G63250,AT5G63250
AT5G63260,AT5G63260
AT5G63270,AT5G63270
AT5G63280,AT5G63280
AT5G63290,AT5G63290
AT5G09150,AT5G09150
AT5G63300,AT5G63300
NDPK2,NDPK2
GTE10,GTE10
AT5G09155,AT5G09155
AT5G63340,AT5G63340
AT5G63350,AT5G63350
CDKG1,CDKG1
AT5G63375,AT5G63375
4CLL9,4CLL9
OFUT37,OFUT37
ADK1,ADK1
AT5G63410,AT5G63410
emb2746,emb2746
AT5G63440,AT5G63440
CYP94B1,CYP94B1
AT5G63460,AT5G63460
NFYC4,NFYC4
MED30,MED30
CBSCBSPB1,CBSCBSPB1
AT5G09160,AT5G09160
AT5G09165,AT5G09165
AT5G63500,AT5G63500
GAMMA CAL1,GAMMA CAL1
AT5G63520,AT5G63520
HIPP07,HIPP07
AT5G09170,AT5G09170
ATRMI1,ATRMI1
AT5G63550,AT5G63550
FACT,FACT
GSA1,GSA1
FLS2.1,FLS2.1
FLS3,FLS3
FLS4,FLS4
FLS5,FLS5
CDKE-1,CDKE-1
AT5G63620,AT5G63620
AT5G63625,AT5G63625
RH31,RH31
TOL5,TOL5
SRK2H,SRK2H
PDF2.5,PDF2.5
SPT42,SPT42
AT5G63680,AT5G63680
AT5G63690,AT5G63690
AT5G63700,AT5G63700
AT5G63710,AT5G63710
MIR166G,MIR166G
KPL,KPL
AT5G63740,AT5G63740
ARI13,ARI13
ARI15,ARI15
DGK2,DGK2
SHA1,SHA1
ANAC102,ANAC102
BGAL6,BGAL6
BGAL10,BGAL10
AT5G63820,AT5G63820
AT5G63830,AT5G63830
RSW3,RSW3
AAP4,AAP4
UVR8,UVR8
PP7,PP7
VPS20.1,VPS20.1
HISN8,HISN8
AT5G63900,AT5G63900
AT5G63905,AT5G63905
FLCY,FLCY
TOP3A,TOP3A
AT5G63930,AT5G63930
AT5G63940,AT5G63940
CHR24,CHR24
AT5G63960,AT5G63960
RGLG3,RGLG3
SAL1,SAL1
SAL3,SAL3
AT5G09175,AT5G09175
SAL2,SAL2
AT5G64010,AT5G64010
TBL14,TBL14
AT5G64030,AT5G64030
PSAN,PSAN
OVA3,OVA3
anac103,anac103
PI4KB1,PI4KB1
AT5G64080,AT5G64080
AT5G64090,AT5G64090
PER69,PER69
PER70,PER70
PER71,PER71
AT5G64130,AT5G64130
RPS28C,RPS28C
AT5G64150,AT5G64150
AT5G09185,AT5G09185
AT5G64160,AT5G64160
LNK1,LNK1
AT5G64180,AT5G64180
AT5G64190,AT5G64190
SC35,SC35
AOX2,AOX2
CAMTA2,CAMTA2
AT5G64230,AT5G64230
AMC3,AMC3
AT5G64250,AT5G64250
EXL2,EXL2
AT5G64270,AT5G64270
DIT2-2,DIT2-2
DIT2-1,DIT2-1
RIBA1,RIBA1
AGP1,AGP1
AT5G64320,AT5G64320
RPT3.1,RPT3.1
SAC51,SAC51
FKBP12,FKBP12
AT5G64360,AT5G64360
PYD3,PYD3
AT5G64380,AT5G64380
HEN4,HEN4
AT5G64400,AT5G64400
AT5G64395,AT5G64395
AT5G64401,AT5G64401
OPT4,OPT4
AT5G64420,AT5G64420
AT5G64430,AT5G64430
FAAH,FAAH
AT5G09190,AT5G09190
AT5G64450,AT5G64450
AT5G64460,AT5G64460
TBL12,TBL12
AT5G64480,AT5G64480
APUM26,APUM26
AT5G64500,AT5G64500
AT5G64505,AT5G64505
TIN1,TIN1
AT5G09195,AT5G09195
XRCC2,XRCC2
AT5G09200,AT5G09200
AT5G09205,AT5G09205
NAC104,NAC104
AT5G64540,AT5G64540
AT5G64550,AT5G64550
MRS2-2,MRS2-2
BXL4,BXL4
AT5G64572,AT5G64572
FTSHI4,FTSHI4
AT5G64590,AT5G64590
OFUT38,OFUT38
HAM1,HAM1
C/VIF2,C/VIF2
FAS2,FAS2
PME64,PME64
AT5G64650,AT5G64650
PUB27,PUB27
IDL2,IDL2
AT5G64670,AT5G64670
AT5G64680,AT5G64680
AT5G09215,AT5G09215
AT5G09235,AT5G09235
AT5G64687,AT5G64687
AT5G64690,AT5G64690
AT5G64700,AT5G64700
AT5G64710,AT5G64710
EC1.5,EC1.5
AT5G64730,AT5G64730
AT5G64735,AT5G64735
CESA6,CESA6
AT5G09255,AT5G09255
ABR1,ABR1
RPN5B,RPN5B
RGF9,RGF9
AT5G64780,AT5G64780
AT5G64790,AT5G64790
CLE21,CLE21
AT5G09265,AT5G09265
WRKY51,WRKY51
LIP1.1,LIP1.1
AT5G64816,AT5G64816
AT5G09275,AT5G09275
AT5G64820,AT5G64820
AT5G64830,AT5G64830
ABCF5,ABCF5
AT5G64850,AT5G64850
AT5G64855,AT5G64855
DPE1,DPE1
FLOT3,FLOT3
AT5G64880,AT5G64880
PEP2,PEP2
PEP1,PEP1
PEP3,PEP3
AT5G64910,AT5G64910
CIP8,CIP8
AT5G09285,AT5G09285
CPR5,CPR5
ATATH13,ATATH13
AT5G64950,AT5G64950
CDKC-2,CDKC-2
AT5G64970,AT5G64970
AT5G64980,AT5G64980
AtRABH1a,AtRABH1a
AT5G65000,AT5G65000
AT5G65005,AT5G65005
ASN2,ASN2
AT5G65015,AT5G65015
ANN2,ANN2
AT5G65030,AT5G65030
IRM1,IRM1
AT5G09295,AT5G09295
AGL31,AGL31
MAF3,MAF3
MAF4,MAF4
MAF5,MAF5
IP5P5,IP5P5
EIL5,EIL5
ACX2,ACX2
AT5G65120,AT5G65120
AT5G65130,AT5G65130
TPPJ,TPPJ
PLAT3,PLAT3
TPR14,TPR14
SDH2-3,SDH2-3
AT5G65170,AT5G65170
AT5G65180,AT5G65180
PUB38,PUB38
AT5G65205,AT5G65205
AT5G65207,AT5G65207
AT5G09305,AT5G09305
TGA1,TGA1
RPL29,RPL29
AT5G65225,AT5G65225
AT5G09325,AT5G09325
AtMYB53,AtMYB53
AT5G65240,AT5G65240
AT5G65250,AT5G65250
PABN2,PABN2
RABA4A,RABA4A
ARPC5B,ARPC5B
GCL1,GCL1
AT5G65290,AT5G65290
AT5G65300,AT5G65300
AT5G65305,AT5G65305
ATHB-5,ATHB-5
BHLH99,BHLH99
AGL78,AGL78
AT5G09335,AT5G09335
AT5G65340,AT5G65340
HTR11,HTR11
HTR2.3,HTR2.3
AT5G65370,AT5G65370
DTX27,DTX27
AGP7,AGP7
AT5G65400,AT5G65400
ZHD1,ZHD1
AT5G09365,AT5G09365
AT5G09375,AT5G09375
CYCD4;1,CYCD4;1
GRF8,GRF8
AT5G65440,AT5G65440
AT5G65445,AT5G65445
UBP17,UBP17
KCA2,KCA2
OFUT39,OFUT39
AT5G65480,AT5G65480
AT5G09385,AT5G09385
AT5G65490,AT5G65490
SKIP34,SKIP34
AT5G65500,AT5G65500
AIL7,AIL7
AT5G65520,AT5G65520
AT5G65530,AT5G65530
AT5G65535,AT5G65535
AT5G65540,AT5G65540
AT5G09395,AT5G09395
UGT91B1,UGT91B1
AT5G65560,AT5G65560
PCMP-H47,PCMP-H47
AT5G65575,AT5G65575
AT5G65580,AT5G65580
DOF5.7,DOF5.7
LECRK92,LECRK92
AT5G65609,AT5G65609
AT5G65610,AT5G65610
AT5G65613,AT5G65613
AT5G65615,AT5G65615
AT5G65620,AT5G65620
GTE7,GTE7
AT5G09405,AT5G09405
BHLH93,BHLH93
AT5G65650,AT5G65650
AT5G65660,AT5G65660
AT5G09415,AT5G09415
IAA9,IAA9
WAVH2,WAVH2
PCK2,PCK2
AT5G65687,AT5G65687
AT5G65685,AT5G65685
AT5G09435,AT5G09435
BAM1,BAM1
AT5G09455,AT5G09455
AT5G09465,AT5G09465
AT5G09475,AT5G09475
HSL2,HSL2
NIFS1,NIFS1
XTH6,XTH6
AT5G65740,AT5G65740
AT5G65750,AT5G65750
AT5G65760,AT5G65760
ATBCAT-5,ATBCAT-5
LINC4,LINC4
ATMYB68,ATMYB68
ACS5,ACS5
CGR3,CGR3
AT5G65820,AT5G65820
ATRLP57,ATRLP57
AT5G65840,AT5G65840
AT5G65850,AT5G65850
AT5G65860,AT5G65860
AT5G09505,AT5G09505
PSK5,PSK5
AT5G65880,AT5G65880
ACR1,ACR1
RH27,RH27
AT5G65910,AT5G65910
PUB31,PUB31
AT5G65925,AT5G65925
ZWI,ZWI
CHY1,CHY1
AT5G65950,AT5G65950
AT5G65960,AT5G65960
AT5G09535,AT5G09535
MLO10,MLO10
AT5G09545,AT5G09545
AT5G09555,AT5G09555
PILS7,PILS7
AVT3A,AVT3A
AT5G66000,AT5G66000
AT5G66005,AT5G66005
AT5G66010,AT5G66010
SAC6,SAC6
GRIP,GRIP
STR16,STR16
MIR170,MIR170
AT5G66050,AT5G66050
AT5G66052,AT5G66052
AT5G09565,AT5G09565
AT5G66053,AT5G66053
AKRP,AKRP
P4H10,P4H10
AT5G66070,AT5G66070
AT5G66080,AT5G66080
AT5G66090,AT5G66090
AT5G66100,AT5G66100
HIPP27,HIPP27
DHQS,DHQS
RAD17,RAD17
PAD2,PAD2
AT5G66150,AT5G66150
RMR1,RMR1
STR18,STR18
AT5G66180,AT5G66180
LFNR1,LFNR1
ARO2,ARO2
CPK28,CPK28
AT5G66230,AT5G66230
AT5G66220,AT5G66220
AT5G66240,AT5G66240
AT5G66250,AT5G66250
AT5G66260,AT5G66260
AT5G66270,AT5G66270
AT5G09595,AT5G09595
GMD1,GMD1
AT5G66290,AT5G66290
NAC105,NAC105
KIN7H,KIN7H
GATA5,GATA5
AT5G66330,AT5G66330
AT5G66335,AT5G66335
AT5G66340,AT5G66340
SHI,SHI
AT5G09605,AT5G09605
AT5G09615,AT5G09615
DIM1B,DIM1B
AT5G66370,AT5G66370
FOLT1,FOLT1
PER72,PER72
RAB18,RAB18
PLP3B,PLP3B
AT5G66420,AT5G66420
AT5G66440,AT5G66440
AT5G66450,AT5G66450
MAN7,MAN7
AT5G66470,AT5G66470
AT5G66480,AT5G66480
AT5G66490,AT5G66490
PCMP-E38,PCMP-E38
GAMMA CA3,GAMMA CA3
AT5G66530,AT5G66530
PCMP-H61,PCMP-H61
AT5G66540,AT5G66540
AT5G66550,AT5G66550
AT5G66558,AT5G66558
AT5G66560,AT5G66560
AT5G66562,AT5G66562
AT5G66564,AT5G66564
AT5G66567,AT5G66567
AT5G66568,AT5G66568
PSBO1,PSBO1
AT5G66580,AT5G66580
AT5G66590,AT5G66590
AT5G66600,AT5G66600
AT5G66595,AT5G66595
AT5G09635,AT5G09635
AT5G66607,AT5G66607
DAR7,DAR7
AT5G09645,AT5G09645
DAR6,DAR6
DAR5,DAR5
AT5G66631,AT5G66631
DAR3,DAR3
AT5G66650,AT5G66650
AT5G09665,AT5G09665
AT5G66658,AT5G66658
AT5G66660,AT5G66660
AT5G66670,AT5G66670
AT5G09675,AT5G09675
AT5G66675,AT5G66675
OST48,OST48
UGT72E2,UGT72E2
ATHB-53,ATHB-53
AT5G66710,AT5G66710
AT5G66720,AT5G66720
AT5G09685,AT5G09685
ENY,ENY
AT5G09695,AT5G09695
AT5G66740,AT5G66740
DDM1,DDM1
SDH1-1,SDH1-1
AT5G09705,AT5G09705
SCL4,SCL4
AT5G66780,AT5G66780
WAKL21,WAKL21
AT5G66800,AT5G66800
AT5G66810,AT5G66810
CEP6,CEP6
AT5G66817,AT5G66817
AT5G66820,AT5G66820
AT5G66830,AT5G66830
AT5G66840,AT5G66840
MAPKKK5,MAPKKK5
AT5G66860,AT5G66860
LBD36,LBD36
SRK2I,SRK2I
AT5G09785,AT5G09785
AT5G66890,AT5G66890
AT5G66900,AT5G66900
AT5G66910,AT5G66910
sks17,sks17
AT5G66930,AT5G66930
DOF5.8,DOF5.8
AT5G66950,AT5G66950
AT5G66960,AT5G66960
AT5G66980,AT5G66980
AT5G66985,AT5G66985
ERF122,ERF122
ERF121,ERF121
AT5G67020,AT5G67020
ZEP,ZEP
AT5G67050,AT5G67050
HEC1,HEC1
RALFL34,RALFL34
MAPKKK19,MAPKKK19
SBT1.9,SBT1.9
POLA,POLA
ALC,ALC
AT5G67120,AT5G67120
AT5G67130,AT5G67130
AT5G67140,AT5G67140
AT5G67150,AT5G67150
EPS1,EPS1
AT5G67170,AT5G67170
TOE3,TOE3
AT5G09825,AT5G09825
ERF010,ERF010
AT5G67200,AT5G67200
IRX15-L,IRX15-L
AT5G67220,AT5G67220
IRX14H,IRX14H
AT5G09845,AT5G09845
SDN3,SDN3
AT5G67245,AT5G67245
SKIP2,SKIP2
CYCD3;2,CYCD3;2
AT5G67265,AT5G67265
EB1C,EB1C
RLK,RLK
AT5G67290,AT5G67290
MYB44,MYB44
AT5G09855,AT5G09855
CYP81G1,CYP81G1
HOS15,HOS15
NRAMP4,NRAMP4
PUB2,PUB2
AT5G67350,AT5G67350
SBT1.7,SBT1.7
AT5G09875,AT5G09875
CGLD27,CGLD27
CKA1,CKA1
SR1IP1,SR1IP1
AT5G67390,AT5G67390
AT5G09885,AT5G09885
AT5G09895,AT5G09895
PER73,PER73
AT5G67410,AT5G67410
SCL16,SCL16
LBD37,LBD37
AT5G09915,AT5G09915
AT5G67430,AT5G67430
NPY3,NPY3
AZF1,AZF1
AT5G67460,AT5G67460
FH6,FH6
BT4,BT4
AT5G67488,AT5G67488
AT5G67490,AT5G67490
VDAC2,VDAC2
RPL26B,RPL26B
APK4,APK4
CYP65,CYP65
AT5G67540,AT5G67540
AT5G09925,AT5G09925
AT5G67550,AT5G67550
ARL8B,ARL8B
DG1,DG1
TRB2,TRB2
FRO1.1,FRO1.1
WIH1,WIH1
AT5G67610,AT5G67610
AT5G67620,AT5G67620
AT5G09945,AT5G09945
AT5G67630,AT5G67630
AT5G67640,AT5G67640
AT5G09955,AT5G09955
AT5G09965,AT5G09965
AT3G01015,AT3G01015
AT3G01030,AT3G01030
GAUT13,GAUT13
MUB1,MUB1
AT3G00970,AT3G00970
AT3G01060,AT3G01060
ENODL16,ENODL16
WRKY58,WRKY58
AT3G01085,AT3G01085
AT3G01090,AT3G01090
HYP1,HYP1
CGS1,CGS1
AT3G01130,AT3G01130
MYB106,MYB106
AT3G01142,AT3G01142
AT3G00975,AT3G00975
PTB,PTB
AT3G01160,AT3G01160
AT3G01170,AT3G01170
AT3G01175,AT3G01175
SS2,SS2
AT3G01185,AT3G01185
PER27,PER27
RP2,RP2
AT3G01202,AT3G01202
AT3G01210,AT3G01210
ATHB-20,ATHB-20
AT3G01240,AT3G01240
AT3G01260,AT3G01260
AT3G01270,AT3G01270
VDAC1,VDAC1
HIR3,HIR3
AT3G01300,AT3G01300
AT3G01310,AT3G01310
AT3G01311,AT3G01311
AT3G01313,AT3G01313
AT3G01316,AT3G01316
AT3G00980,AT3G00980
AT3G00985,AT3G00985
SNL1,SNL1
AT3G01319,AT3G01319
AT3G01322,AT3G01322
AT3G01326,AT3G01326
AT3G01329,AT3G01329
AT3G01331,AT3G01331
AT3G01323,AT3G01323
E2FF,E2FF
SEC13A,SEC13A
AT3G01345,AT3G01345
AT3G00995,AT3G00995
NPF5.9,NPF5.9
AT3G01360,AT3G01360
AT3G01005,AT3G01005
CFM2,CFM2
AT3G01380,AT3G01380
VHA-G1,VHA-G1
AT3G01400,AT3G01400
AT3G01410,AT3G01410
AT3G01415,AT3G01415
AT3G01025,AT3G01025
DOX1,DOX1
AT3G01430,AT3G01430
AT3G01435,AT3G01435
PNSL3,PNSL3
AT3G01450,AT3G01450
MBD9,MBD9
HAT5,HAT5
AT3G01035,AT3G01035
AT3G01475,AT3G01475
CYP38,CYP38
AT3G01490,AT3G01490
BCA1,BCA1
LSF1,LSF1
AT3G01513,AT3G01513
AT3G01516,AT3G01516
AT3G01520,AT3G01520
MYB57,MYB57
RH14,RH14
PPT2,PPT2
AT3G01560,AT3G01560
AT3G01570,AT3G01570
AT3G01572,AT3G01572
PCMP-E87,PCMP-E87
AT3G01590,AT3G01590
anac044,anac044
CDC48C,CDC48C
AT3G01620,AT3G01620
AT3G01045,AT3G01045
AT3G01630,AT3G01630
ATGLCAK,ATGLCAK
RGLG1,RGLG1
AT3G01660,AT3G01660
AT3G01670,AT3G01670
SEOB,SEOB
AT3G01690,AT3G01690
AGP11,AGP11
AT3G01705,AT3G01705
AT3G01710,AT3G01710
SERGT1,SERGT1
AT3G01730,AT3G01730
AT3G01740,AT3G01740
AT3G01750,AT3G01750
AT3G01760,AT3G01760
GTE11,GTE11
TPLATE,TPLATE
AT3G01790,AT3G01790
AT3G01800,AT3G01800
AT3G01810,AT3G01810
AT3G01820,AT3G01820
AT3G01055,AT3G01055
CML40,CML40
LYK2,LYK2
AT3G01850,AT3G01850
AT3G01860,AT3G01860
AT3G01870,AT3G01870
AT3G01880,AT3G01880
AT3G01890,AT3G01890
CYP94B2,CYP94B2
SOX,SOX
AT3G01920,AT3G01920
AT3G01930,AT3G01930
AT3G01065,AT3G01065
AT3G01940,AT3G01940
AT3G01960,AT3G01960
AT3G01950,AT3G01950
AT3G01961,AT3G01961
WRKY45,WRKY45
AT3G01980,AT3G01980
ACR6,ACR6
GRXC7,GRXC7
AK3,AK3
PCMP-H36,PCMP-H36
AT3G02030,AT3G02030
GDPD1,GDPD1
POT4,POT4
AT3G02060,AT3G02060
RH41,RH41
AT3G02070,AT3G02070
RPS19A,RPS19A
MPPBETA,MPPBETA
UGT83A1,UGT83A1
SCPL25,SCPL25
AT3G01075,AT3G01075
AT3G02120,AT3G02120
AT3G02125,AT3G02125
RPK2,RPK2
AFP4,AFP4
AT3G01095,AT3G01095
TCP13,TCP13
AT3G02160,AT3G02160
LNG2,LNG2
SP1L3,SP1L3
RPL39B,RPL39B
AT3G02200,AT3G02200
COBL1,COBL1
AT3G02220,AT3G02220
RGP1,RGP1
RGF7,RGF7
GLV8,GLV8
AT3G02245,AT3G02245
AT3G01105,AT3G01105
OFUT21,OFUT21
AT3G02255,AT3G02255
AT3G01115,AT3G01115
BIG,BIG
AT3G02270,AT3G02270
AT3G01125,AT3G01125
ATR3,ATR3
AT3G02290,AT3G02290
AT3G02300,AT3G02300
SEP2,SEP2
AT3G02320,AT3G02320
PCMP-E90,PCMP-E90
AT3G02335,AT3G02335
AT3G02340,AT3G02340
GAUT9,GAUT9
PGD2,PGD2
AT3G02370,AT3G02370
COL2,COL2
AT3G02390,AT3G02390
ICMEL2,ICMEL2
AT3G02400,AT3G02400
AT3G02420,AT3G02420
DMP5,DMP5
TBL20,TBL20
FTSHI3,FTSHI3
AT3G02460,AT3G02460
SAMDC1,SAMDC1
AT3G02480,AT3G02480
AT3G02490,AT3G02490
RTFL19,RTFL19
AT3G02500,AT3G02500
AT3G02510,AT3G02510
GRF7.1,GRF7.1
CCT6A,CCT6A
RAD23C,RAD23C
LBD41,LBD41
AT3G02555,AT3G02555
RPS7B,RPS7B
PMI1.1,PMI1.1
STE1,STE1
HDF7,HDF7
LPP3,LPP3
AT3G02610,AT3G02610
AT3G02620,AT3G02620
S-ACP-DES5,S-ACP-DES5
AT3G02640,AT3G02640
AT3G02645,AT3G02645
AT3G02650,AT3G02650
EMB2768,EMB2768
AT3G02670,AT3G02670
AT3G02677,AT3G02677
NBS1,NBS1
AT3G02690,AT3G02690
AT3G02700,AT3G02700
AT3G01135,AT3G01135
AT3G02710,AT3G02710
AT3G02715,AT3G02715
DJ1D,DJ1D
TRXF1,TRXF1
AT3G02740,AT3G02740
AT3G02750,AT3G02750
AT3G02760,AT3G02760
AT3G02770,AT3G02770
IPP2,IPP2
MBS1,MBS1
DSP3,DSP3
LIP2.3,LIP2.3
AT3G02820,AT3G02820
ZFN1,ZFN1
AT3G02832,AT3G02832
AT3G02840,AT3G02840
AT3G01165,AT3G01165
SKOR,SKOR
AT3G02860,AT3G02860
VTC4,VTC4
ILR1,ILR1
AT3G02880,AT3G02880
GASA5,GASA5
AT3G02890,AT3G02890
AT3G02900,AT3G02900
AT3G01205,AT3G01205
AT3G02910,AT3G02910
RPA2B,RPA2B
AT3G01215,AT3G01215
AT3G02930,AT3G02930
MYB107,MYB107
THO7B,THO7B
HIPP08,HIPP08
EXL6.1,EXL6.1
MCC1,MCC1
AT3G01225,AT3G01225
HSFA1E,HSFA1E
CML18,CML18
AT3G03010,AT3G03010
AT3G03020,AT3G03020
AT3G03030,AT3G03030
AT3G03040,AT3G03040
CSLD3,CSLD3
AT3G03060,AT3G03060
AT3G03070,AT3G03070
AT3G03080,AT3G03080
AtVGT1,AtVGT1
AT3G03100,AT3G03100
XPO1B,XPO1B
ATARFB1C,ATARFB1C
AT3G01235,AT3G01235
AT3G03130,AT3G03130
AT3G03140,AT3G03140
AT3G03150,AT3G03150
AT3G03160,AT3G03160
AT3G03170,AT3G03170
AT3G03180,AT3G03180
GSTF11,GSTF11
NAC045,NAC045
AT3G03210,AT3G03210
EXPA13,EXPA13
AT3G03230,AT3G03230
AT3G03240,AT3G03240
UGP,UGP
HDG8,HDG8
AT3G03270,AT3G03270
AT3G03272,AT3G03272
AT3G03280,AT3G03280
AT3G03290,AT3G03290
DCL2,DCL2
AT3G03305,AT3G03305
LCAT3,LCAT3
AT3G03320,AT3G03320
AT3G03330,AT3G03330
UNE6,UNE6
AT3G03341,AT3G03341
AT3G03350,AT3G03350
AT3G03360,AT3G03360
AT3G03370,AT3G03370
DEGP7,DEGP7
CML33,CML33
AT3G03405,AT3G03405
AT3G03420,AT3G03420
CML28,CML28
AT3G03440,AT3G03440
RGL2,RGL2
AT3G03460,AT3G03460
CYP89A9,CYP89A9
CHAT,CHAT
PEX19-1,PEX19-1
AT3G03500,AT3G03500
AT3G01255,AT3G01255
AT3G03510,AT3G03510
NPC3,NPC3
NPC4,NPC4
NPC5,NPC5
ATL51,ATL51
AT3G03560,AT3G03560
AT3G03570,AT3G03570
PCMP-H23,PCMP-H23
AT3G01285,AT3G01285
AT3G01275,AT3G01275
AT3G03590,AT3G03590
AT3G03610,AT3G03610
AT3G01295,AT3G01295
DTX24,DTX24
CS26,CS26
BGLU25,BGLU25
EDA5,EDA5
WOX11,WOX11
AT3G01315,AT3G01315
PER28,PER28
AT3G03680,AT3G03680
UNE7,UNE7
AT3G03702,AT3G03702
AT3G03700,AT3G03700
PNP1,PNP1
CAT4,CAT4
AT3G03726,AT3G03726
KIB4,KIB4
BPM4,BPM4
SUVR3,SUVR3
LBD20,LBD20
AT3G03770,AT3G03770
AT3G03773,AT3G03773
AT3G03776,AT3G03776
MS2,MS2
AT3G03790,AT3G03790
SYP131,SYP131
EDA30,EDA30
AT3G03820,AT3G03820
AT3G03828,AT3G03828
SAUR28,SAUR28
AT3G03840,AT3G03840
AT3G03845,AT3G03845
AT3G03847,AT3G03847
AT3G03850,AT3G03850
AT3G03852,AT3G03852
APRL5,APRL5
AT3G03870,AT3G03870
AT3G03880,AT3G03880
AT3G03890,AT3G03890
APK3,APK3
AT3G01365,AT3G01365
GSH3,GSH3
AT3G03920,AT3G03920
AT3G01375,AT3G01375
AT3G03930,AT3G03930
AT3G03940,AT3G03940
ECT1,ECT1
CCT8,CCT8
SINE2,SINE2
AT3G03980,AT3G03980
D14,D14
ChlADR2,ChlADR2
AT3G04010,AT3G04010
AT3G04020,AT3G04020
MYR2,MYR2
AT3G01385,AT3G01385
AT3G04040,AT3G04040
AT3G04050,AT3G04050
anac046,anac046
NAC047,NAC047
APY1,APY1
SIP1-1,SIP1-1
AGL57,AGL57
AT3G01395,AT3G01395
GLR1.1,GLR1.1
GAPC1,GAPC1
AT3G04130,AT3G04130
AT3G04140,AT3G04140
AT3G04150,AT3G04150
AT3G04160,AT3G04160
AT3G04170,AT3G04170
AT3G04180,AT3G04180
AT3G04181,AT3G04181
AT3G04184,AT3G04184
AT3G01425,AT3G01425
AT3G04190,AT3G04190
AT3G04200,AT3G04200
AT3G04210,AT3G04210
AT3G04220,AT3G04220
AT3G01445,AT3G01445
RPS16B,RPS16B
SEC,SEC
AT3G04250,AT3G04250
PTAC3,PTAC3
AT3G04270,AT3G04270
ARR22,ARR22
LTL1,LTL1
AT3G04300,AT3G04300
AT3G04310,AT3G04310
AT3G04320,AT3G04320
AT3G04330,AT3G04330
FTSHI5,FTSHI5
AT3G04350,AT3G04350
AT3G04360,AT3G04360
CRRSP39,CRRSP39
SUVR4,SUVR4
AT3G04390,AT3G04390
RPL23A.1,RPL23A.1
AT3G04410,AT3G04410
anac048,anac048
anac049,anac049
AT3G04440,AT3G04440
AT3G04443,AT3G04443
PHL13,PHL13
PEX12,PEX12
AT3G04470,AT3G04470
AT3G04480,AT3G04480
AT3G04485,AT3G04485
AT3G04490,AT3G04490
AT3G04500,AT3G04500
LSH2,LSH2
THA2,THA2
PPCK2,PPCK2
AT3G04540,AT3G04540
AT3G04545,AT3G04545
RAF1.2,RAF1.2
AT3G01485,AT3G01485
AT3G04560,AT3G04560
AT3G01495,AT3G01495
AHL19,AHL19
EIN4,EIN4
AHL14,AHL14
AT3G04600,AT3G04600
FLK,FLK
AT3G04620,AT3G04620
WDL1,WDL1
AT3G04640,AT3G04640
AT3G04650,AT3G04650
AT3G04660,AT3G04660
WRKY39,WRKY39
CLPS3,CLPS3
ANX1,ANX1
AT3G04700,AT3G04700
TPR10,TPR10
HEL,HEL
IAA16,IAA16
RALFL21,RALFL21
MED14,MED14
PCMP-E81,PCMP-E81
AT3G04760,AT3G04760
MIR167C,MIR167C
RPSAb,RPSAb
AT3G04780,AT3G04780
RPI3,RPI3
AT3G01505,AT3G01505
TIM23-3,TIM23-3
NEK2,NEK2
AT3G01515,AT3G01515
AT3G04820,AT3G04820
AT3G04830,AT3G04830
RPS3AA,RPS3AA
TCX4,TCX4
AT3G04854,AT3G04854
AT3G04855,AT3G04855
AT3G04860,AT3G04860
ZDS1,ZDS1
DRT102,DRT102
AT3G01525,AT3G01525
AT3G04890,AT3G04890
HIPP42,HIPP42
WNK1,WNK1
RPS24A,RPS24A
AT3G04930,AT3G04930
CYSD1,CYSD1
LCR41,LCR41
LCR18,LCR18
AT3G04950,AT3G04950
AT3G04960,AT3G04960
PAT17,PAT17
AT3G04980,AT3G04980
AT3G01535,AT3G01535
AT3G04990,AT3G04990
AT3G05000,AT3G05000
AT3G05010,AT3G05010
AT3G01545,AT3G01545
ACP1,ACP1
NHX2,NHX2
AT3G01555,AT3G01555
AT3G05035,AT3G05035
AT3G01565,AT3G01565
AT3G01575,AT3G01575
AT3G01585,AT3G01585
HST.1,HST.1
AT3G05050,AT3G05050
AT3G01595,AT3G01595
NOP5-2,NOP5-2
AT3G05070,AT3G05070
LRS1,LRS1
AT3G05080,AT3G05080
AT3G01605,AT3G01605
AT3G05100,AT3G05100
AT3G05110,AT3G05110
GID1A,GID1A
AT3G05130,AT3G05130
RBK2,RBK2
AT3G05150,AT3G05150
AT3G05152,AT3G05152
AT3G05155,AT3G05155
AT3G05160,AT3G05160
AT3G05165,AT3G05165
AT3G05170,AT3G05170
AT3G05180,AT3G05180
AT3G01615,AT3G01615
AT3G05190,AT3G05190
ATL6,ATL6
ERCC1,ERCC1
HIPP34,HIPP34
AT3G05230,AT3G05230
PCMP-E82,PCMP-E82
AT3G05250,AT3G05250
AT3G05260,AT3G05260
FPP3,FPP3
AT3G05280,AT3G05280
PNC1,PNC1
AT3G05300,AT3G05300
MIRO3,MIRO3
OFUT23,OFUT23
AT3G05327,AT3G05327
TAN,TAN
AT3G05345,AT3G05345
PCMP-E83,PCMP-E83
APP2,APP2
RLP30,RLP30
AT3G05365,AT3G05365
AT3G01625,AT3G01625
AtRLP31,AtRLP31
ALY2.1,ALY2.1
AT3G01635,AT3G01635
AT3G05390,AT3G05390
SUGTL5,SUGTL5
PPD7,PPD7
ACBP4,ACBP4
AT3G05425,AT3G05425
AT3G05430,AT3G05430
AT3G05440,AT3G05440
AT3G05450,AT3G05450
AT3G01645,AT3G01645
FH11,FH11
ATRAD9,ATRAD9
RALFL22,RALFL22
AT3G05500,AT3G05500
AT3G05510,AT3G05510
AT3G05520,AT3G05520
AT3G05525,AT3G05525
RPT5A,RPT5A
AT3G05540,AT3G05540
AT3G05545,AT3G05545
AT3G05550,AT3G05550
RPL22B,RPL22B
AT3G05570,AT3G05570
TOPP9,TOPP9
AT3G01655,AT3G01655
RPL18B,RPL18B
AT3G05600,AT3G05600
PME21,PME21
PME22,PME22
AT3G05625,AT3G05625
PLPZETA2,PLPZETA2
AT3G05640,AT3G05640
AT3G01665,AT3G01665
AtRLP32,AtRLP32
AT3G01675,AT3G01675
AtRLP33,AtRLP33
AT3G05670,AT3G05670
AT3G05675,AT3G05675
EMB2016,EMB2016
AT3G05685,AT3G05685
UNE8,UNE8
DI19-3,DI19-3
SYP43,SYP43
IMPA7,IMPA7
AT3G05725,AT3G05725
AT3G05727,AT3G05727
AT3G01735,AT3G01735
AT3G05730,AT3G05730
RECQL1,RECQL1
AT3G05741,AT3G05741
AT3G05746,AT3G05746
AT3G05750,AT3G05750
AT3G05755,AT3G05755
AT3G05760,AT3G05760
AT3G01745,AT3G01745
AT3G05770,AT3G05770
AT3G01755,AT3G01755
LON3,LON3
LON4,LON4
BHLH150,BHLH150
AT3G01765,AT3G01765
AT3G01775,AT3G01775
AT3G05810,AT3G05810
INVH,INVH
AT3G05830,AT3G05830
AT3G05835,AT3G05835
ASK3,ASK3
AT3G05850,AT3G05850
AT3G05858,AT3G05858
AT3G01785,AT3G01785
AT3G05860,AT3G05860
APC11,APC11
RCI2A,RCI2A
AT3G01795,AT3G01795
RCI2B,RCI2B
AT3G05905,AT3G05905
AT3G05900,AT3G05900
PAE12,PAE12
HIPP43,HIPP43
AT3G05932,AT3G05932
GLP8,GLP8
AT3G05936,AT3G05936
AT3G05937,AT3G05937
AT3G05940,AT3G05940
STP6,STP6
LACS6,LACS6
AT3G05975,AT3G05975
AT3G05980,AT3G05980
AT3G05990,AT3G05990
CHR12,CHR12
AT3G06019,AT3G06019
FAF4,FAF4
ANP3,ANP3
AT3G06035,AT3G06035
AT3G06040,AT3G06040
PRXIIF,PRXIIF
AT3G06060,AT3G06060
AT3G06070,AT3G06070
TBL10,TBL10
AT3G06085,AT3G06085
AT3G06090,AT3G06090
NIP7-1,NIP7-1
AT3G06105,AT3G06105
DSPTP1B,DSPTP1B
MUTE,MUTE
AT3G06125,AT3G06125
HIPP32,HIPP32
LUL4,LUL4
AT3G06145,AT3G06145
AT3G06150,AT3G06150
AT3G06160,AT3G06160
AT3G06170,AT3G06170
AT3G06180,AT3G06180
BPM2,BPM2
GK3,GK3
AT3G06210,AT3G06210
AT3G06220,AT3G06220
ATMKK8,ATMKK8
AT3G06240,AT3G06240
FRS7,FRS7
GATL4,GATL4
AT3G06270,AT3G06270
AT3G06280,AT3G06280
SAC3B,SAC3B
P4H2,P4H2
AT3G06310,AT3G06310
AT3G06320,AT3G06320
AT3G06330,AT3G06330
AT3G06335,AT3G06335
AT3G06340,AT3G06340
EMB3004,EMB3004
AGP27,AGP27
NHX4.1,NHX4.1
TULP9,TULP9
AT3G06390,AT3G06390
CHR11,CHR11
AT3G06410,AT3G06410
ATG8H,ATG8H
EMB2750,EMB2750
AT3G01835,AT3G01835
AT3G01845,AT3G01845
AT3G06435,AT3G06435
AT3G06436,AT3G06436
GALT3,GALT3
BOR3,BOR3
AT3G06455,AT3G06455
AT3G06460,AT3G06460
AT3G06470,AT3G06470
RH40,RH40
PDK,PDK
MYB108,MYB108
AT3G01855,AT3G01855
INVC,INVC
SFR2,SFR2
AT3G06520,AT3G06520
AT3G06530,AT3G06530
REP,REP
AT3G06545,AT3G06545
AT3G06550,AT3G06550
PAPS3,PAPS3
AT3G06570,AT3G06570
GAL1,GAL1
BHLH148,BHLH148
SINE3,SINE3
AT3G06610,AT3G06610
AT3G06620,AT3G06620
AT3G01865,AT3G01865
AT3G06630,AT3G06630
AT3G06640,AT3G06640
ACLB-1,ACLB-1
FIPS3,FIPS3
CYP21-4,CYP21-4
ALDH22A1,ALDH22A1
AT3G36659,AT3G36659
AT3G06660,AT3G06660
AT3G06665,AT3G06665
AT3G06670,AT3G06670
AT3G06680,AT3G06680
AT3G06690,AT3G06690
RPL29A,RPL29A
AT3G06710,AT3G06710
IMPA1,IMPA1
CITRX,CITRX
GATA15,GATA15
AT3G01885,AT3G01885
AT3G06750,AT3G06750
AT3G06760,AT3G06760
AT3G06770,AT3G06770
AT3G06778,AT3G06778
AT3G06780,AT3G06780
AT3G01895,AT3G01895
MORF3,MORF3
IBR3,IBR3
BRCC36B,BRCC36B
PME23,PME23
AT3G06840,AT3G06840
BCE2,BCE2
MFP2,MFP2
AT3G06868,AT3G06868
AT3G06870,AT3G06870
AT3G06880,AT3G06880
AT3G06890,AT3G06890
U4.2,U4.2
ULP1A,ULP1A
AT3G06920,AT3G06920
PRMT13,PRMT13
AT3G06950,AT3G06950
AT3G01905,AT3G01905
TGD4,TGD4
AT3G01915,AT3G01915
AT3G06962,AT3G06962
AT3G06970,AT3G06970
RH50,RH50
LCR44,LCR44
AT3G06990,AT3G06990
AT3G07000,AT3G07000
LCR43,LCR43
AT3G07010,AT3G07010
UGT80A2,UGT80A2
AT3G07025,AT3G07025
AT3G07030,AT3G07030
RPM1,RPM1
NSN1,NSN1
AT3G07055,AT3G07055
emb1974,emb1974
PBL26,PBL26
AT3G07080,AT3G07080
AT3G01925,AT3G01925
AT3G07090,AT3G07090
ERMO2,ERMO2
AT3G07110,AT3G07110
AT3G07115,AT3G07115
AT3G01935,AT3G01935
AT3G07120,AT3G07120
ATPAP15,ATPAP15
AT3G07140,AT3G07140
AT3G07150,AT3G07150
ATGSL10,ATGSL10
AT3G07170,AT3G07170
AT3G01945,AT3G01945
AT3G07180,AT3G07180
AT3G07185,AT3G07185
AT3G07190,AT3G07190
AT3G07195,AT3G07195
AT3G07200,AT3G07200
AT3G07210,AT3G07210
AT3G07215,AT3G07215
FHA2,FHA2
AT3G07230,AT3G07230
AT3G07250,AT3G07250
AT3G07255,AT3G07255
FHA1,FHA1
GCH1,GCH1
AT3G07273,AT3G07273
AT3G07290,AT3G07290
AT3G07300,AT3G07300
AT3G07310,AT3G07310
AT3G07320,AT3G07320
CSLC6,CSLC6
BHLH62,BHLH62
AT3G01965,AT3G01965
AT3G07350,AT3G07350
AT3G01975,AT3G01975
AT3G01985,AT3G01985
PUB9,PUB9
CHIP,CHIP
AT3G07380,AT3G07380
AIR12,AIR12
AT3G07400,AT3G07400
RABA5B,RABA5B
SYNC2,SYNC2
AT3G07425,AT3G07425
YLMG1-1,YLMG1-1
AT3G07440,AT3G07440
AT3G07450,AT3G07450
AT3G07460,AT3G07460
AT3G07470,AT3G07470
AT3G07480,AT3G07480
CML3,CML3
AT3G07500,AT3G07500
AT3G07510,AT3G07510
AT3G01995,AT3G01995
GLR1.4,GLR1.4
AT3G07522,AT3G07522
ATG10,ATG10
AT3G07530,AT3G07530
FH10,FH10
FBL12,FBL12
PEX13,PEX13
AT3G07565,AT3G07565
AT3G07568,AT3G07568
AT3G02015,AT3G02015
AT3G07570,AT3G07570
AT3G07580,AT3G07580
SMD1A,SMD1A
HIPP16,HIPP16
AT3G02025,AT3G02025
IBM1,IBM1
AT3G07620,AT3G07620
ADT2,ADT2
AT3G07640,AT3G07640
COL9,COL9
AT3G07660,AT3G07660
AT3G07670,AT3G07670
AT3G07680,AT3G07680
AT3G07690,AT3G07690
AT3G02035,AT3G02035
AT3G07700,AT3G07700
AT3G07720,AT3G07720
AT3G07730,AT3G07730
ADA2A,ADA2A
AT3G07750,AT3G07750
AT3G07760,AT3G07760
HSP90-6,HSP90-6
OBE1,OBE1
AT3G07790,AT3G07790
TK1A,TK1A
AT3G07810,AT3G07810
AT3G07820,AT3G07820
AT3G07830,AT3G07830
AT3G07840,AT3G07840
SNRNP25,SNRNP25
AT3G07870,AT3G07870
AT3G02055,AT3G02055
GDI1,GDI1
AT3G07890,AT3G07890
OFUT24,OFUT24
AT3G07910,AT3G07910
AT3G07920,AT3G07920
MBD4L,MBD4L
AGD11,AGD11
RBL19,RBL19
PIP5K6,PIP5K6
QRT2,QRT2
MAP3KE2,MAP3KE2
SCPL27,SCPL27
AT3G02075,AT3G02075
AT3G08000,AT3G08000
ATAB2,ATAB2
AT3G08020,AT3G08020
AT3G08030,AT3G08030
DTX43,DTX43
AT3G08490,AT3G08490
MYB83,MYB83
MKRN,MKRN
PLC2,PLC2
RPL41G.1,RPL41G.1
CHC2,CHC2
ELD1,ELD1
VHA-E2,VHA-E2
AT3G08570,AT3G08570
AAC1,AAC1
AT3G08590,AT3G08590
AT3G08600,AT3G08600
AT3G08610,AT3G08610
AT3G08620,AT3G08620
RER2,RER2
AT3G08636,AT3G08636
RER3,RER3
AT3G08650,AT3G08650
AT3G08660,AT3G08660
AT3G08670,AT3G08670
AT3G08680,AT3G08680
UBC11,UBC11
UBC12,UBC12
TRX9,TRX9
ATPK2,ATPK2
ATPK1,ATPK1
AT3G08740,AT3G08740
AT3G08750,AT3G08750
ATSIK,ATSIK
LTP6,LTP6
AT3G08780,AT3G08780
TOL8,TOL8
SIEL,SIEL
AT3G08810,AT3G08810
PCMP-H84,PCMP-H84
AT3G08840,AT3G08840
RAPTOR1,RAPTOR1
PYD4,PYD4
AT3G08870,AT3G08870
SPC24,SPC24
AT3G08890,AT3G08890
RGP3,RGP3
AT3G02085,AT3G02085
AT3G08910,AT3G08910
STR10,STR10
AT3G08930,AT3G08930
LHCB4.2,LHCB4.2
AT3G08943,AT3G08943
AT3G08947,AT3G08947
HCC1,HCC1
AT3G08960,AT3G08960
ERDJ3A,ERDJ3A
AT3G08980,AT3G08980
AT3G08990,AT3G08990
AT3G09000,AT3G09000
AT3G09010,AT3G09010
AT3G09020,AT3G09020
AT3G09030,AT3G09030
AT3G09032,AT3G09032
AT3G09035,AT3G09035
AT3G09040,AT3G09040
AT3G09050,AT3G09050
AT3G09055,AT3G09055
AT3G09060,AT3G09060
OPS,OPS
AT3G09080,AT3G09080
AT3G02095,AT3G02095
AT3G09085,AT3G09085
DEX1,DEX1
AT3G02105,AT3G02105
AT3G09100,AT3G09100
AT3G09110,AT3G09110
AT3G09120,AT3G09120
AT3G09140,AT3G09140
HY2,HY2
AT3G09160,AT3G09160
AT3G09162,AT3G09162
MED27,MED27
AT3G09190,AT3G09190
RPP0B,RPP0B
PTAC13,PTAC13
LAC7,LAC7
MYB1,MYB1
AT3G09240,AT3G09240
AT3G09250,AT3G09250
AT3G02115,AT3G02115
BGLU23,BGLU23
AT3G02135,AT3G02135
GSTU8,GSTU8
AT3G02145,AT3G02145
AT3G09280,AT3G09280
TAC1,TAC1
ORP3B,ORP3B
AT3G02165,AT3G02165
AT3G09310,AT3G09310
PAT16,PAT16
AVT1G,AVT1G
AVT1F,AVT1F
AT3G02195,AT3G02195
Fes1A,Fes1A
AT3G09360,AT3G09360
MYB3R-3,MYB3R-3
AEL2,AEL2
MT2A,MT2A
PLL3,PLL3
PAE4,PAE4
PAE5,PAE5
AT3G09430,AT3G09430
HSP70-3,HSP70-3
AT3G02205,AT3G02205
AT3G09450,AT3G09450
OST4C,OST4C
AT3G09470,AT3G09470
AT3G09480,AT3G09480
AT3G09490,AT3G09490
RPL35A,RPL35A
AT3G09505,AT3G09505
AT3G09510,AT3G09510
ATEXO70H4,ATEXO70H4
ATEXO70H3,ATEXO70H3
AT3G09540,AT3G09540
AT3G09550,AT3G09550
PAH1,PAH1
AT3G09570,AT3G09570
AT3G09580,AT3G09580
AT3G09585,AT3G09585
AT3G09590,AT3G09590
AT3G09595,AT3G09595
RVE8,RVE8
AT3G09620,AT3G09620
RPL4A,RPL4A
APX2,APX2
HCF152,HCF152
MCM8,MCM8
AT3G09670,AT3G09670
RPS23A,RPS23A
AT3G09690,AT3G09690
AT3G02215,AT3G02215
TIM14-2,TIM14-2
AT3G02225,AT3G02225
IQD1,IQD1
RH57,RH57
AT3G09730,AT3G09730
S1FA3,S1FA3
SYP71,SYP71
AT3G09750,AT3G09750
AT3G09760,AT3G09760
LOG2,LOG2
CCR1.1,CCR1.1
UBQ8,UBQ8
AT3G09800,AT3G09800
IDH6,IDH6
ADK1.1,ADK1.1
PCRK1,PCRK1
CDC48A,CDC48A
AT3G09850,AT3G09850
AT3G09860,AT3G09860
AT3G09863,AT3G09863
AT3G09870,AT3G09870
B'BETA,B'BETA
AT3G09890,AT3G09890
RABE1E,RABE1E
RABC2B,RABC2B
PIP5K9,PIP5K9
IPS1,IPS1
AT3G09925,AT3G09925
AT3G09930,AT3G09930
MDAR3,MDAR3
AT3G09950,AT3G09950
AT3G09960,AT3G09960
AT3G09970,AT3G09970
AT3G09980,AT3G09980
ENT2,ENT2
EDA31,EDA31
DML2,DML2
AT3G10015,AT3G10015
AT3G10020,AT3G10020
AT3G10030,AT3G10030
AT3G10035,AT3G10035
AT3G10040,AT3G10040
OMR1,OMR1
FKBP16-4,FKBP16-4
TAF12,TAF12
AT3G10080,AT3G10080
RPS28A.1,RPS28A.1
TIM22-1,TIM22-1
RVE7L,RVE7L
AT3G02235,AT3G02235
AT3G10116,AT3G10116
AT3G02265,AT3G02265
AT3G10130,AT3G10130
AT3G10120,AT3G10120
RECA3,RECA3
AT3G02275,AT3G02275
ATPAP16,ATPAP16
AT3G02285,AT3G02285
FPGS2,FPGS2
AT3G10185,AT3G10185
KIN7O,KIN7O
CML36,CML36
AT3G10195,AT3G10195
AT3G10200,AT3G10200
AT3G10210,AT3G10210
TFCB,TFCB
AT3G02295,AT3G02295
LCY1,LCY1
AT3G02305,AT3G02305
AT3G10240,AT3G10240
AT3G10250,AT3G10250
AT3G10260,AT3G10260
GYRB1,GYRB1
KCS14,KCS14
AT3G10290,AT3G10290
AT3G10300,AT3G10300
AT3G10310,AT3G10310
AT3G10320,AT3G10320
TFIIB2,TFIIB2
PAL4,PAL4
AT3G10350,AT3G10350
APUM4,APUM4
SDP6,SDP6
SEC8,SEC8
FLD,FLD
AT3G10405,AT3G10405
SNRNP31,SNRNP31
SCPL49,SCPL49
AT3G10415,AT3G10415
SPD1,SPD1
AT3G10430,AT3G10430
AT3G10439,AT3G10439
SGO1,SGO1
SCPL7,SCPL7
AT3G10455,AT3G10455
AT3G02325,AT3G02325
AT3G02345,AT3G02345
AT3G10460,AT3G10460
AT3G10470,AT3G10470
ANAC050,ANAC050
ANAC052,ANAC052
NAC053,NAC053
AT3G10510,AT3G10510
AHB2,AHB2
SMR1,SMR1
AT3G10527,AT3G10527
AT3G10530,AT3G10530
PDPK2,PDPK2
MTM1,MTM1
UNE9,UNE9
CYP77A6,CYP77A6
APEM9,APEM9
AT3G10580,AT3G10580
AT3G10590,AT3G10590
AT3G10595,AT3G10595
CAT7,CAT7
AT3G10605,AT3G10605
RPS17C,RPS17C
NUDT26,NUDT26
AT3G10630,AT3G10630
AT3G02365,AT3G02365
VPS60.1,VPS60.1
NUP1,NUP1
CPK2,CPK2
ABCI6,ABCI6
AT3G10680,AT3G10680
GYRA,GYRA
GALAK,GALAK
PME24,PME24
PME25,PME25
SUN2,SUN2
ASD1,ASD1
MIR158A,MIR158A
AT3G10750,AT3G10750
AT3G10760,AT3G10760
AT3G10770,AT3G10770
AT3G10780,AT3G10780
AT3G10790,AT3G10790
BZIP28,BZIP28
AT3G10810,AT3G10810
AT3G10815,AT3G10815
MED26A,MED26A
AT3G10840,AT3G10840
AT3G10845,AT3G10845
GLX2-2,GLX2-2
AT3G10860,AT3G10860
MES17,MES17
AT3G10880,AT3G10880
MAN3,MAN3
MAN4,MAN4
ATL72,ATL72
AT3G10915,AT3G10915
MSD1,MSD1
AT3G10930,AT3G10930
LSF2,LSF2
RPL37AB,RPL37AB
AZG1,AZG1
AT3G10970,AT3G10970
AT3G10980,AT3G10980
SAG20,SAG20
AT3G10986,AT3G10986
AT3G10990,AT3G10990
AT3G11000,AT3G11000
AtRLP34,AtRLP34
DREB2B,DREB2B
TBL32,TBL32
AT3G11040,AT3G11040
FER2,FER2
AT3G11070,AT3G11070
AtRLP35,AtRLP35
LBD21,LBD21
AT3G11100,AT3G11100
ATL66,ATL66
RPL41G.2,RPL41G.2
CHC1.1,CHC1.1
AT3G11150,AT3G11150
AT3G11160,AT3G11160
AT3G11165,AT3G11165
FAD7,FAD7
AT3G11180,AT3G11180
AL2,AL2
CPRD49,CPRD49
ELP4,ELP4
AT3G11230,AT3G11230
ATE2,ATE2
RPP0C,RPP0C
WOX5,WOX5
RPN8B,RPN8B
AT3G11280,AT3G11280
AT3G11290,AT3G11290
AT3G11300,AT3G11300
AT3G11310,AT3G11310
AT3G11320,AT3G11320
AT3G11325,AT3G11325
PIRL9,PIRL9
UGT76B1,UGT76B1
AT3G11350,AT3G11350
AT3G11370,AT3G11370
AT3G11380,AT3G11380
AT3G11385,AT3G11385
AT3G11390,AT3G11390
AT3G11402,AT3G11402
AT3G11395,AT3G11395
PRA1A3,PRA1A3
EIF3G1,EIF3G1
AT3G11405,AT3G11405
PP2CA,PP2CA
AT3G02395,AT3G02395
AT3G11415,AT3G11415
AT3G02405,AT3G02405
AT3G11420,AT3G11420
AT3G02415,AT3G02415
GPAT5,GPAT5
MIR172C,MIR172C
ATMYB65,ATMYB65
AT3G11450,AT3G11450
PCMP-H52.1,PCMP-H52.1
AT3G11470,AT3G11470
BSMT1,BSMT1
ROPGAP4,ROPGAP4
AT3G02425,AT3G02425
AT3G11500,AT3G11500
AT3G11505,AT3G11505
RPS14B,RPS14B
CYCB1-3,CYCB1-3
AT3G02435,AT3G02435
AT3G02445,AT3G02445
AT3G11530,AT3G11530
SPY,SPY
CASP2,CASP2
AT3G11560,AT3G11560
AT3G02455,AT3G02455
TBL8,TBL8
AT3G02465,AT3G02465
AT3G11580,AT3G11580
AT3G11590,AT3G11590
AT3G11591,AT3G11591
AT3G02475,AT3G02475
AT3G11600,AT3G11600
AT3G11620,AT3G11620
BAS1,BAS1
AT3G11640,AT3G11640
NHL2,NHL2
NHL1,NHL1
DGD1,DGD1
AT3G11680,AT3G11680
AT3G11690,AT3G11690
FLA18,FLA18
ATKRS-1,ATKRS-1
AT3G11720,AT3G11720
RABD1,RABD1
AT3G11740,AT3G11740
AT3G11745,AT3G11745
FOLB1,FOLB1
AT3G11760,AT3G11760
AT3G11770,AT3G11770
AT3G11773,AT3G11773
AT3G11780,AT3G11780
AT3G11800,AT3G11800
AT3G11810,AT3G11810
SYP121,SYP121
AT3G11825,AT3G11825
CCT7,CCT7
PUB24,PUB24
AT3G11850,AT3G11850
AT3G11860,AT3G11860
AT3G11870,AT3G11870
AT3G11880,AT3G11880
AT3G11890,AT3G11890
ANT1,ANT1
UBP13,UBP13
AT3G11920,AT3G11920
AT3G11930,AT3G11930
RPS5B,RPS5B
PDS2,PDS2
AT3G11950,AT3G11950
AT3G11960,AT3G11960
RRP5,RRP5
FAR2,FAR2
AT3G11990,AT3G11990
AT3G12000,AT3G12000
AT3G12010,AT3G12010
AT3G12020,AT3G12020
AT3G12030,AT3G12030
MAG,MAG
AT3G12050,AT3G12050
TBL1,TBL1
RGTB2,RGTB2
emb2738,emb2738
TET6,TET6
MTPC2,MTPC2
ACT11,ACT11
FAD2,FAD2
AT3G12130,AT3G12130
AT3G12140,AT3G12140
FLR1,FLR1
AT3G12150,AT3G12150
RABA4D,RABA4D
AT3G12170,AT3G12170
AT3G12180,AT3G12180
AT3G12190,AT3G12190
Nek7,Nek7
SCPL17,SCPL17
AT3G12210,AT3G12210
SCPL16,SCPL16
SCPL14,SCPL14
SCPL15,SCPL15
TGA6,TGA6
AT3G02485,AT3G02485
AT3G12260,AT3G12260
AT3G02495,AT3G02495
PRMT3,PRMT3
RBR1,RBR1
FOLD2,FOLD2
AT3G12300,AT3G12300
LNK3,LNK3
FKBP43,FKBP43
AT3G12345,AT3G12345
AT3G12350,AT3G12350
ITN1,ITN1
AT3G12370,AT3G12370
ARP5,ARP5
AT3G12385,AT3G12385
AT3G12390,AT3G12390
ELC,ELC
AT3G12410,AT3G12410
AT3G12420,AT3G12420
AT3G12430,AT3G12430
AT3G12440,AT3G12440
AT3G12460,AT3G12460
AT3G12470,AT3G12470
NF-YC11,NF-YC11
AT3G02505,AT3G02505
CYS6,CYS6
AT3G02525,AT3G02525
CHI-B,CHI-B
AT3G12502,AT3G12502
AT3G12510,AT3G12510
AT3G02535,AT3G02535
SULTR4;2,SULTR4;2
AT3G02545,AT3G02545
GINS2,GINS2
AT3G12540,AT3G12540
AT3G12545,AT3G12545
FDM3,FDM3
TRP3,TRP3
FYD,FYD
MED37C,MED37C
OST4A,OST4A
AT3G12585,AT3G12585
AT3G12590,AT3G12590
NUDT16,NUDT16
DRT100,DRT100
PP2C38,PP2C38
SAP5,SAP5
AT3G12640,AT3G12640
AT3G02565,AT3G02565
AT3G12650,AT3G12650
AT3G02575,AT3G02575
emb2742,emb2742
FLA14,FLA14
HUA1,HUA1
AT3G12685,AT3G12685
AGC1-5,AGC1-5
NANA,NANA
AT3G12710,AT3G12710
ATY53,ATY53
PHL12,PHL12
ALIS1,ALIS1
AT3G02585,AT3G02585
ZIP1,ZIP1
AT3G12760,AT3G12760
PCMP-H43,PCMP-H43
AT3G12775,AT3G12775
PGK1,PGK1
SDRB,SDRB
PIE1,PIE1
AtMYB10,AtMYB10
SAUR72,SAUR72
AT3G12833,AT3G12833
AT3G12835,AT3G12835
AT3G12840,AT3G12840
AT3G12850,AT3G12850
AT3G12860,AT3G12860
AT3G12870,AT3G12870
AT3G12880,AT3G12880
ASML2,ASML2
AT3G12900,AT3G12900
AT3G12910,AT3G12910
AT3G12915,AT3G12915
BRG3,BRG3
AT3G02605,AT3G02605
AT3G02615,AT3G02615
IJ,IJ
AT3G12940,AT3G12940
AT3G12950,AT3G12950
AT3G12955,AT3G12955
AT3G12960,AT3G12960
AT3G12965,AT3G12965
AT3G02625,AT3G02625
AT3G12970,AT3G12970
AT3G12977,AT3G12977
HAC5,HAC5
RRP45A,RRP45A
AT3G13000,AT3G13000
AT3G13010,AT3G13010
AT3G13020,AT3G13020
AT3G13030,AT3G13030
PHL6,PHL6
OCT7,OCT7
AT3G02655,AT3G02655
ECT5,ECT5
AT3G13061,AT3G13061
AT3G13062,AT3G13062
SRF4,SRF4
CBSDUFCH1,CBSDUFCH1
AT3G13075,AT3G13075
ABCC3,ABCC3
ABCC6,ABCC6
ABCC7,ABCC7
SAT3,SAT3
RPS10,RPS10
AT3G13130,AT3G13130
AT3G13140,AT3G13140
AT3G13150,AT3G13150
AT3G13160,AT3G13160
SPO11-1,SPO11-1
AT3G13175,AT3G13175
AT3G13180,AT3G13180
AT3G13190,AT3G13190
EMB2769,EMB2769
AT3G13210,AT3G13210
ABCG26,ABCG26
GIP1,GIP1
AT3G13223,AT3G13223
AT3G13224,AT3G13224
AT3G13227,AT3G13227
AT3G13225,AT3G13225
AT3G02665,AT3G02665
AT3G13226,AT3G13226
AT3G13228,AT3G13228
AT3G13229,AT3G13229
AT3G13230,AT3G13230
AT3G13235,AT3G13235
AT3G13240,AT3G13240
AT3G13275,AT3G13275
AT3G13277,AT3G13277
AT3G13276,AT3G13276
AT3G13280,AT3G13280
VCR,VCR
VCS,VCS
AT3G13310,AT3G13310
CAX2,CAX2
PA200,PA200
AT3G13335,AT3G13335
AT3G13340,AT3G13340
HMGB10,HMGB10
WIP3.1,WIP3.1
AT3G13370,AT3G13370
BRL3,BRL3
sks11,sks11
sks13,sks13
AT3G13404,AT3G13404
AT3G13403,AT3G13403
MIR169A,MIR169A
AT3G13410,AT3G13410
AT3G13420,AT3G13420
AT3G13430,AT3G13430
AT3G02695,AT3G02695
AT3G13432,AT3G13432
AT3G02705,AT3G02705
AT3G13433,AT3G13433
AT3G13435,AT3G13435
AT3G13437,AT3G13437
AT3G13440,AT3G13440
TBP1,TBP1
DIN4,DIN4
ECT2,ECT2
CPN60B2,CPN60B2
AT3G13480,AT3G13480
OVA5,OVA5
AT3G13500,AT3G13500
AT3G13510,AT3G13510
AGP12,AGP12
AT3G13525,AT3G13525
AT3G02725,AT3G02725
M3KE1,M3KE1
MYB5,MYB5
AT3G02735,AT3G02735
COP10,COP10
AT3G13560,AT3G13560
SCL30A,SCL30A
RPL7D,RPL7D
AT3G13590,AT3G13590
IQM2,IQM2
F6'H1,F6'H1
AT3G13620,AT3G13620
AT3G13630,AT3G13630
ABCE1,ABCE1
DIR7,DIR7
DIR22,DIR22
DIR8,DIR8
AT3G13670,AT3G13670
AT3G13672,AT3G13672
AT3G13674,AT3G13674
AT3G13677,AT3G13677
AT3G13680,AT3G13680
LDL2,LDL2
AT3G13690,AT3G13690
AT3G13700,AT3G13700
PRA1F4,PRA1F4
PRA1F3,PRA1F3
MIR823A,MIR823A
CYP90D1,CYP90D1
AT3G13740,AT3G13740
AT3G02745,AT3G02745
BGAL1,BGAL1
AT3G13760,AT3G13760
PCMP-H85,PCMP-H85
AT3G02755,AT3G02755
TMN7,TMN7
AT3G02765,AT3G02765
AT3G13780,AT3G13780
NAP1;4,NAP1;4
CWINV5,CWINV5
AT3G02775,AT3G02775
CWINV1,CWINV1
AT3G13800,AT3G13800
AT3G02785,AT3G02785
AtIDD11,AtIDD11
AT3G13820,AT3G13820
SCL29,SCL29
AT3G13845,AT3G13845
LBD22,LBD22
AT3G13857,AT3G13857
HSP60-3A,HSP60-3A
RHD3,RHD3
PCMP-E89,PCMP-E89
AT3G13882,AT3G13882
MYB26,MYB26
AT3G13898,AT3G13898
ALA7,ALA7
AT3G13910,AT3G13910
EIF4A1,EIF4A1
AT3G13930,AT3G13930
AT3G13940,AT3G13940
AT3G13950,AT3G13950
GRF5.1,GRF5.1
ATG12B,ATG12B
AT3G02805,AT3G02805
AT3G02815,AT3G02815
AT3G13980,AT3G13980
AT3G13990,AT3G13990
BRXL2,BRXL2
CID4,CID4
AT3G02825,AT3G02825
NFYA6,NFYA6
AT3G14030,AT3G14030
AT3G02835,AT3G02835
AT3G14040,AT3G14040
RSH2,RSH2
AT3G14060,AT3G14060
SBT1.4,SBT1.4
CCX3,CCX3
AT3G14075,AT3G14075
LSM1B,LSM1B
ATEXO70D3,ATEXO70D3
UBP1C,UBP1C
AT3G02845,AT3G02845
FLU,FLU
NUP107,NUP107
GLO4,GLO4
AT3G02855,AT3G02855
AT3G14140,AT3G14140
GLO3,GLO3
AT3G14160,AT3G14160
AT3G14170,AT3G14170
AT3G14172,AT3G14172
ASIL2,ASIL2
AT3G14185,AT3G14185
PANS1,PANS1
AT3G14200,AT3G14200
SAC2,SAC2
AT3G02895,AT3G02895
ESM1,ESM1
AT3G14220,AT3G14220
GLIP4,GLIP4
RAP2-2,RAP2-2
SBT1.5,SBT1.5
AT3G14260,AT3G14260
FAB1B,FAB1B
AT3G14280,AT3G14280
AT3G02905,AT3G02905
PAE2.1,PAE2.1
PME26,PME26
PME3,PME3
ATL61,ATL61
PCMP-H57,PCMP-H57
AT3G14340,AT3G14340
SRF7,SRF7
AT3G02915,AT3G02915
AT3G14360,AT3G14360
AT3G02925,AT3G02925
DVL19,DVL19
AT3G02935,AT3G02935
WAG2,WAG2
AT3G14380,AT3G14380
MIR169F,MIR169F
LYSA1,LYSA1
AT3G14395,AT3G14395
UBP25,UBP25
AT3G14410,AT3G14410
AT3G14415,AT3G14415
GLO1,GLO1
AT3G14430,AT3G14430
NCED3,NCED3
CID9,CID9
AT3G14452,AT3G14452
AT3G14460,AT3G14460
AT3G14463,AT3G14463
AT3G14467,AT3G14467
AT3G02945,AT3G02945
RPPL1,RPPL1
AT3G14475,AT3G14475
AT3G14480,AT3G14480
AT3G02955,AT3G02955
TPS17,TPS17
AT3G14510,AT3G14510
TPS18,TPS18
GGPPS9,GGPPS9
TPS19,TPS19
GGPS3,GGPS3
AT3G02985,AT3G02985
AT3G14560,AT3G14560
CALS8,CALS8
AT3G14580,AT3G14580
NTMC2TYPE6.2,NTMC2TYPE6.2
AT3G14595,AT3G14595
RPL18AC,RPL18AC
CYP72A7,CYP72A7
CYP72A8,CYP72A8
CYP72A9,CYP72A9
CYP72A10,CYP72A10
CYP72A11,CYP72A11
CYP72A13,CYP72A13
AT3G14670,AT3G14670
CYP72A14,CYP72A14
CYP72A15,CYP72A15
AT3G14700,AT3G14700
AT3G14710,AT3G14710
MPK19,MPK19
PCMP-E31,PCMP-E31
U6-1,U6-1
AT3G14740,AT3G14740
FLXL1,FLXL1
AT3G14760,AT3G14760
SWEET2,SWEET2
AT3G02995,AT3G02995
AT3G14780,AT3G14780
RHM3,RHM3
MSL5,MSL5
AT3G03005,AT3G03005
AT3G14820,AT3G14820
AT3G14830,AT3G14830
LRR-RLK,LRR-RLK
TBL41,TBL41
AT3G14855,AT3G14855
AT3G14860,AT3G14860
AT3G14870,AT3G14870
AT3G14880,AT3G14880
ZDP,ZDP
AT3G14900,AT3G14900
AT3G14910,AT3G14910
AT3G14920,AT3G14920
HEME1,HEME1
PPC3,PPC3
TTL2,TTL2
B3GALT13,B3GALT13
AT3G14970,AT3G14970
IDM1,IDM1
AT3G14981,AT3G14981
DJ1A,DJ1A
MORF8,MORF8
UBA2C,UBA2C
mMDH2,mMDH2
TCP4,TCP4
AT3G15040,AT3G15040
IQD10,IQD10
AT3G15055,AT3G15055
RABA1G,RABA1G
AT3G15070,AT3G15070
AT3G15080,AT3G15080
AT3G15090,AT3G15090
AT3G15095,AT3G15095
AT3G15110,AT3G15110
AT3G15111,AT3G15111
AT3G15115,AT3G15115
AT3G15120,AT3G15120
PCMP-H86,PCMP-H86
AT3G15140,AT3G15140
MMS21,MMS21
AT3G15160,AT3G15160
NAC054,NAC054
AT3G15180,AT3G15180
RPS20,RPS20
AT3G03025,AT3G03025
AT3G15200,AT3G15200
ERF4,ERF4
AT3G03035,AT3G03035
AT3G03045,AT3G03045
AT3G15220,AT3G15220
AT3G03055,AT3G03055
AT3G03065,AT3G03065
AT3G15240,AT3G15240
AT3G15250,AT3G15250
AT3G15251,AT3G15251
AT3G15260,AT3G15260
SPL5,SPL5
AT3G03075,AT3G03075
AT3G15280,AT3G15280
AT3G15290,AT3G15290
VQ19,VQ19
AT3G03085,AT3G03085
PPI2,PPI2
AT3G15350,AT3G15350
SPA3,SPA3
LEC,LEC
AT3G15351,AT3G15351
AT3G15358,AT3G15358
ATCOX17,ATCOX17
AT3G03095,AT3G03095
MT3,MT3
AT3G03105,AT3G03105
UBC25,UBC25
AT3G15357,AT3G15357
ATHM4,ATHM4
ATEXPA12,ATEXPA12
CHER1,CHER1
SDE5,SDE5
AT3G15395,AT3G15395
ATA20,ATA20
AT3G15410,AT3G15410
AT3G15420,AT3G15420
AT3G15430,AT3G15430
AT3G15440,AT3G15440
AT3G15450,AT3G15450
BRIX1-1,BRIX1-1
AT3G15470,AT3G15470
AT3G15480,AT3G15480
AT3G15490,AT3G15490
NAC055,NAC055
NAC056,NAC056
AT3G03125,AT3G03125
AT3G15518,AT3G15518
CYP37,CYP37
AT3G03135,AT3G03135
AT3G15530,AT3G15530
AT3G15534,AT3G15534
AT3G15536,AT3G15536
IAA19,IAA19
AT3G15550,AT3G15550
AT3G15570,AT3G15570
AT3G03145,AT3G03145
ATG8I,ATG8I
AT3G15578,AT3G15578
AT3G15585,AT3G15585
AT3G15590,AT3G15590
AT3G15605,AT3G15605
AT3G15610,AT3G15610
AT3G03155,AT3G03155
UVR3,UVR3
AT3G15630,AT3G15630
AT3G15635,AT3G15635
COX5B-1,COX5B-1
AT3G15650,AT3G15650
GRXS15,GRXS15
LEA29,LEA29
AT3G15680,AT3G15680
AT3G15690,AT3G15690
AT3G15700,AT3G15700
AT3G15710,AT3G15710
AT3G15720,AT3G15720
PLDALPHA1,PLDALPHA1
AT3G15740,AT3G15740
AT3G15750,AT3G15750
AT3G15760,AT3G15760
AT3G15770,AT3G15770
AT3G15780,AT3G15780
MBD11,MBD11
AT3G15800,AT3G15800
AT3G15810,AT3G15810
ROD1,ROD1
AT3G15830,AT3G15830
PIFI,PIFI
ADS3,ADS3
AT3G15860,AT3G15860
ADS3.2,ADS3.2
WSIP2,WSIP2
AT3G15890,AT3G15890
AT3G15900,AT3G15900
AT3G03165,AT3G03165
AT3G15910,AT3G15910
EREX,EREX
AT3G03175,AT3G03175
PCMP-E51,PCMP-E51
AT3G15940,AT3G15940
AT3G03195,AT3G03195
NAI2,NAI2
AT3G15960,AT3G15960
NUP50B,NUP50B
AT3G15980,AT3G15980
AT3G03205,AT3G03205
SULTR3;4,SULTR3;4
MFP1,MFP1
AT3G16010,AT3G16010
AT3G16020,AT3G16020
CES101,CES101
AT3G16040,AT3G16040
PDX12,PDX12
AT3G03215,AT3G03215
KIN13B,KIN13B
AT3G16070,AT3G16070
RPL37C,RPL37C
HRD1A,HRD1A
RABG3C,RABG3C
PDIL1-6,PDIL1-6
AT3G16117,AT3G16117
AT3G16120,AT3G16120
ATROPGEF13,ATROPGEF13
PSAH1,PSAH1
AT3G16150,AT3G16150
TCX8,TCX8
AAE13,AAE13
AT3G16175,AT3G16175
NPF1.1,NPF1.1
AT3G03225,AT3G03225
AT3G16190,AT3G16190
AT3G16200,AT3G16200
AT3G16210,AT3G16210
AT3G03235,AT3G03235
AT3G16220,AT3G16220
AT3G03245,AT3G03245
AT3G03255,AT3G03255
AT3G16230,AT3G16230
TIP2-1,TIP2-1
AT3G03265,AT3G03265
PNSB3,PNSB3
AT3G03275,AT3G03275
TRZ4,TRZ4
MTV1,MTV1
AT3G16280,AT3G16280
FTSHI2,FTSHI2
AT3G16300,AT3G16300
NUP35,NUP35
CDC27a,CDC27a
AT3G16330,AT3G16330
ABCG29,ABCG29
AT3G16350,AT3G16350
AT3G03285,AT3G03285
AHP4,AHP4
AT3G03295,AT3G03295
APG.1,APG.1
PAB6,PAB6
NSP3,NSP3
NSP1,NSP1
NSP4,NSP4
PBP1.1,PBP1.1
PBP2,PBP2
ATMLP-300B,ATMLP-300B
JAL33,JAL33
JAL34,JAL34
JAL35,JAL35
MPPA2,MPPA2
IQD26,IQD26
AT3G03325,AT3G03325
IAA26,IAA26
AT3G16510,AT3G16510
UGT88A1,UGT88A1
AT3G16525,AT3G16525
AT3G16530,AT3G16530
DEGP11,DEGP11
DEGP12,DEGP12
AT3G16552,AT3G16552
AT3G16555,AT3G16555
AT3G16560,AT3G16560
AT3G16565,AT3G16565
RALF23,RALF23
AT3G03345,AT3G03345
AT3G16580,AT3G16580
AT3G16590,AT3G16590
AT3G16600,AT3G16600
PCMP-E91,PCMP-E91
TOC120,TOC120
KIN13A,KIN13A
TCTP1,TCTP1
PRL2,PRL2
AT3G16660,AT3G16660
AT3G03355,AT3G03355
AT3G03365,AT3G03365
AT3G16670,AT3G16670
AT3G16680,AT3G16680
SWEET16,SWEET16
FAHD2,FAHD2
AT3G16710,AT3G16710
AT3G16712,AT3G16712
ATL2,ATL2
CAPH2,CAPH2
AT3G16740,AT3G16740
AT3G16750,AT3G16750
AT3G16760,AT3G16760
RAP2-3,RAP2-3
RPL19B,RPL19B
PLDP1,PLDP1
AT3G16800,AT3G16800
APUM24,APUM24
AT3G16820,AT3G16820
AT3G03375,AT3G03375
TPR2.1,TPR2.1
AT3G16840,AT3G16840
AT3G16850,AT3G16850
ARR1,ARR1
COBL8,COBL8
AT3G03385,AT3G03385
GATA17,GATA17
AT3G16880,AT3G16880
PPR40,PPR40
AT3G16895,AT3G16895
AT3G16900,AT3G16900
AAE7,AAE7
CTL2,CTL2
AT3G16930,AT3G16930
AT3G16940,AT3G16940
LPD1.1,LPD1.1
AT3G16960,AT3G16960
NRPB9A,NRPB9A
TENA-E,TENA-E
UBC32,UBC32
AT3G17010,AT3G17010
AT3G17020,AT3G17020
AT3G17030,AT3G17030
HCF107,HCF107
PME67,PME67
PER29,PER29
AT3G17080,AT3G17080
AT3G17090,AT3G17090
AT3G03415,AT3G03415
AT3G03425,AT3G03425
AT3G03435,AT3G03435
BHLH147,BHLH147
AT3G03455,AT3G03455
AT3G17120,AT3G17120
AT3G17130,AT3G17130
AT3G17150,AT3G17150
AT3G17160,AT3G17160
RFC3.1,RFC3.1
SCPL33,SCPL33
TASIR-ARF.1,TASIR-ARF.1
AT3G17190,AT3G17190
UPL6,UPL6
HS1,HS1
PMEI2,PMEI2
AT3G17225,AT3G17225
AT3G17230,AT3G17230
LPD2,LPD2
AT3G17250,AT3G17250
AT3G17270,AT3G17270
AT3G17280,AT3G17280
AT3G17300,AT3G17300
DRM3,DRM3
AT3G17320,AT3G17320
ECT6,ECT6
AT3G17340,AT3G17340
AT3G17350,AT3G17350
POK1,POK1
AT3G17365,AT3G17365
AT3G17370,AT3G17370
AT3G17380,AT3G17380
METK4,METK4
AT3G03475,AT3G03475
AT3G17400,AT3G17400
AT3G17410,AT3G17410
GPK1,GPK1
AT3G17430,AT3G17430
NPSN13,NPSN13
AT3G17450,AT3G17450
AT3G17460,AT3G17460
RPL3B,RPL3B
ATCRSH,ATCRSH
AT3G17480,AT3G17480
AT3G17490,AT3G17490
CIPK1,CIPK1
AT3G17520,AT3G17520
AT3G17530,AT3G17530
AT3G17570,AT3G17570
AT3G03495,AT3G03495
AT3G03505,AT3G03505
AT3G17580,AT3G17580
BSH,BSH
IAA31,IAA31
HYH,HYH
RBL14,RBL14
AT3G17620,AT3G17620
AT3G17626,AT3G17626
CHX19,CHX19
AT3G03515,AT3G03515
AT3G17640,AT3G17640
YSL5,YSL5
AT3G17655,AT3G17655
AGD15,AGD15
ENA,ENA
AT3G17670,AT3G17670
AT3G17675,AT3G17675
AT3G17680,AT3G17680
CNGC19,CNGC19
CNGC20,CNGC20
AT3G17710,AT3G17710
AT3G17712,AT3G17712
AT3G17717,AT3G17717
AT3G17720,AT3G17720
AT3G03525,AT3G03525
anac057,anac057
AT3G17740,AT3G17740
AT3G17750,AT3G17750
GAD5,GAD5
AT3G17765,AT3G17765
AT3G17770,AT3G17770
AT3G17780,AT3G17780
PAP17,PAP17
AT3G17800,AT3G17800
AT3G03535,AT3G03535
PYD1,PYD1
GLN1-3,GLN1-3
AT3G17830,AT3G17830
RLK902,RLK902
IREH1,IREH1
TIFY6B,TIFY6B
TDX,TDX
AT3G17890,AT3G17890
AT3G03585,AT3G03585
AT3G03595,AT3G03595
AT3G17900,AT3G17900
SURF1,SURF1
AT3G17920,AT3G17920
AT3G17930,AT3G17930
AT3G17940,AT3G17940
Y-3,Y-3
OEP64,OEP64
CAR4,CAR4
NMT1.1,NMT1.1
WOX1,WOX1
AT3G18020,AT3G18020
HAL3A,HAL3A
HON4,HON4
MPK9,MPK9
AT3G03605,AT3G03605
AT3G18050,AT3G18050
AIP1-2,AIP1-2
BGLU43,BGLU43
AT3G03615,AT3G03615
BGLU44,BGLU44
NRPD2B,NRPD2B
MYB4R1,MYB4R1
EMB1270,EMB1270
AT3G18120,AT3G18120
RACK1C,RACK1C
LST8-1,LST8-1
AT3G03625,AT3G03625
AT3G18150,AT3G18150
PEX3-1,PEX3-1
MOS4,MOS4
AT3G18170,AT3G18170
AT3G03635,AT3G03635
AT3G18180,AT3G18180
CCT4,CCT4
AT3G18200,AT3G18200
AT3G18210,AT3G18210
AT3G18215,AT3G18215
MIR157C,MIR157C
AT3G03645,AT3G03645
AT3G03655,AT3G03655
LPP4,LPP4
AT3G18230,AT3G18230
AT3G18235,AT3G18235
AT3G18240,AT3G18240
AT3G18250,AT3G18250
RTNLB9,RTNLB9
CYP77A5P,CYP77A5P
AT3G18280,AT3G18280
AT3G18282,AT3G18282
BTS,BTS
AT3G18291,AT3G18291
AT3G18295,AT3G18295
AT3G18300,AT3G18300
AT3G18310,AT3G18310
AT3G18320,AT3G18320
AT3G18330,AT3G18330
AT3G03665,AT3G03665
AT3G18350,AT3G18350
VQ20,VQ20
AT3G18362,AT3G18362
AT3G03675,AT3G03675
SYTF,SYTF
AT3G18380,AT3G18380
EMB1865,EMB1865
anac058,anac058
AT3G18410,AT3G18410
SG1,SG1
AT3G18430,AT3G18430
ALMT9,ALMT9
PCR5,PCR5
PCR4,PCR4
PCR7,PCR7
CASP,CASP
ILR2,ILR2
AT3G03685,AT3G03685
AT3G03695,AT3G03695
ASPG1,ASPG1
AT3G18500,AT3G18500
AT3G18510,AT3G18510
RTFL20,RTFL20
HDA15,HDA15
MSH2,MSH2
AT3G18530,AT3G18530
AT3G18535,AT3G18535
AT3G03705,AT3G03705
BRC1,BRC1
AT3G03715,AT3G03715
AT3G03725,AT3G03725
AT3G18560,AT3G18560
AT3G18570,AT3G18570
AT3G18580,AT3G18580
ENODL5,ENODL5
RH51,RH51
NUCL2,NUCL2
PAT11,PAT11
UNG,UNG
AT3G18640,AT3G18640
GUX1,GUX1
AT3G18670,AT3G18670
AT3G18680,AT3G18680
MKS1,MKS1
AT3G03745,AT3G03745
AT3G18700,AT3G18700
PUB29,PUB29
IDL4,IDL4
AT3G18720,AT3G18720
TSK,TSK
RPL30C,RPL30C
WNK6,WNK6
AT3G18760,AT3G18760
ATG13B,ATG13B
ATL77,ATL77
AT3G18775,AT3G18775
AT3G03765,AT3G03765
AT3G03775,AT3G03775
ACT2,ACT2
AT3G18790,AT3G18790
AT3G18800,AT3G18800
PERK6,PERK6
AT3G18815,AT3G18815
RABG3F,RABG3F
PLT5,PLT5
PCMP-E92,PCMP-E92
LPAT5,LPAT5
AT3G18860,AT3G18860
AT3G18870,AT3G18870
AT3G03785,AT3G03785
AT3G18880,AT3G18880
TIC62,TIC62
AT3G18900,AT3G18900
AT3G18905,AT3G18905
ETP2,ETP2
ATL65,ATL65
AT3G18915,AT3G18915
AT3G18940,AT3G18940
AT3G18950,AT3G18950
AT3G18952,AT3G18952
AT3G18957,AT3G18957
AT3G18960,AT3G18960
PCMP-E93,PCMP-E93
ETP1,ETP1
VRN1,VRN1
AT3G19000,AT3G19000
AT3G19002,AT3G19002
AT3G19010,AT3G19010
PEX1.1,PEX1.1
AT3G19030,AT3G19030
AT3G19035,AT3G19035
TAF1.1,TAF1.1
KIN12D,KIN12D
AT3G19055,AT3G19055
AT3G19070,AT3G19070
AT3G19080,AT3G19080
AT3G19085,AT3G19085
AT3G19090,AT3G19090
CRK2.1,CRK2.1
AT3G19120,AT3G19120
RBP47B,RBP47B
ATL62,ATL62
KRP6,KRP6
IPT8,IPT8
PREP1,PREP1
CDP1,CDP1
AT3G19184,AT3G19184
ATG2,ATG2
AT3G19200,AT3G19200
CHR25,CHR25
SCO2,SCO2
AT3G19230,AT3G19230
AT3G19235,AT3G19235
AT3G19240,AT3G19240
AT3G19250,AT3G19250
LAG2,LAG2
CYP707A4,CYP707A4
AT3G19274,AT3G19274
FUT11,FUT11
AT3G03805,AT3G03805
ABF4,ABF4
AT3G03815,AT3G03815
AT3G19300,AT3G19300
AT3G19310,AT3G19310
AT3G19320,AT3G19320
AT3G19330,AT3G19330
AT3G19340,AT3G19340
MPC,MPC
AT3G19360,AT3G19360
AT3G19370,AT3G19370
PUB25,PUB25
RD21C,RD21C
RDL2,RDL2
AT3G19410,AT3G19410
PTEN2A,PTEN2A
AT3G19430,AT3G19430
AT3G19440,AT3G19440
CAD4,CAD4
AT3G19460,AT3G19460
AT3G19470,AT3G19470
PGDH3,PGDH3
NHD1,NHD1
BHLH113,BHLH113
AT3G19508,AT3G19508
HAT3.1,HAT3.1
AT3G19515,AT3G19515
AT3G19520,AT3G19520
AT3G19530,AT3G19530
AT3G19540,AT3G19540
AT3G03825,AT3G03825
AT3G19550,AT3G19550
AT3G19552,AT3G19552
AT3G19553,AT3G19553
AT3G19560,AT3G19560
AT3G03835,AT3G03835
AT3G19565,AT3G19565
SCO3,SCO3
AZF2,AZF2
BUB3.1,BUB3.1
AT3G03865,AT3G03865
CPL5,CPL5
AT3G19610,AT3G19610
AT3G19613,AT3G19613
AT3G19615,AT3G19615
BXL5,BXL5
AT3G19630,AT3G19630
MRS2-3,MRS2-3
AT3G19650,AT3G19650
AT3G19660,AT3G19660
AT3G19663,AT3G19663
PRP40B,PRP40B
AT3G19680,AT3G19680
AT3G19690,AT3G19690
AT3G03875,AT3G03875
IKU2,IKU2
BCAT4,BCAT4
ARC5,ARC5
AT3G19740,AT3G19740
EIF4A3,EIF4A3
VPS9A,VPS9A
AT3G19780,AT3G19780
AT3G03895,AT3G03895
AT3G19790,AT3G19790
AT3G19800,AT3G19800
AT3G19810,AT3G19810
DIM,DIM
NTMC2TYPE5.2,NTMC2TYPE5.2
AT3G03905,AT3G03905
MED35C,MED35C
AT3G19850,AT3G19850
BHLH121,BHLH121
AT3G03915,AT3G03915
AT3G19870,AT3G19870
AT3G19880,AT3G19880
AT3G19895,AT3G19895
AT3G03925,AT3G03925
AT3G19900,AT3G19900
BBR,BBR
AT3G19920,AT3G19920
STP4,STP4
STP10,STP10
AT3G19950,AT3G19950
ATM1,ATM1
AT3G19970,AT3G19970
FYPP3,FYPP3
AT3G19990,AT3G19990
TOM40-1,TOM40-1
CHR27,CHR27
AT3G03935,AT3G03935
ASPG2,ASPG2
ATPRMT6,ATPRMT6
AT3G03945,AT3G03945
AT3G20030,AT3G20030
ATHXK4,ATHXK4
CCT1,CCT1
UBC19,UBC19
TTN9,TTN9
CYP705A15,CYP705A15
CYP705A18,CYP705A18
CYP705A19,CYP705A19
CYP705A20,CYP705A20
CYP705A21,CYP705A21
CYP705A22,CYP705A22
CYP705A23,CYP705A23
KIN12F,KIN12F
AT3G20155,AT3G20155
AT3G20170,AT3G20170
AT3G20180,AT3G20180
PRK4,PRK4
AT3G20200,AT3G20200
dVPE,dVPE
AT3G20220,AT3G20220
AT3G20230,AT3G20230
AT3G03965,AT3G03965
AT3G20240,AT3G20240
APUM5,APUM5
AT3G20260,AT3G20260
AT3G20270,AT3G20270
AT3G20280,AT3G20280
EHD1,EHD1
AT3G20300,AT3G20300
ERF7,ERF7
TGD2,TGD2
PYRB,PYRB
AT3G20340,AT3G20340
AT3G20350,AT3G20350
AT3G20360,AT3G20360
AT3G20362,AT3G20362
AT3G20370,AT3G20370
AT3G20380,AT3G20380
AT3G20390,AT3G20390
AT3G20395,AT3G20395
EMB2743,EMB2743
CPK9,CPK9
RTL2,RTL2
AT3G20430,AT3G20430
SBE3,SBE3
AT3G20450,AT3G20450
AT3G20460,AT3G20460
GRP5,GRP5
MSH5,MSH5
LPXK,LPXK
AT3G20490,AT3G20490
PAP18,PAP18
FAX6,FAX6
GDPDL5,GDPDL5
PBL23,PBL23
POLGAMMA1,POLGAMMA1
DDL,DDL
AT3G20555,AT3G20555
VUP3,VUP3
PDIL5-3,PDIL5-3
ENODL9,ENODL9
COBL10,COBL10
AT3G20590,AT3G20590
NDR1,NDR1
AT3G20610,AT3G20610
AT3G20620,AT3G20620
UBP14,UBP14
BHLH123,BHLH123
AT3G20650,AT3G20650
AT3G20655,AT3G20655
OCT4,OCT4
HTA13,HTA13
AT3G20680,AT3G20680
AT3G03975,AT3G03975
AT3G20690,AT3G20690
AT3G20700,AT3G20700
AT3G20710,AT3G20710
AT3G20720,AT3G20720
PCMP-E94,PCMP-E94
AT3G04015,AT3G04015
FIE,FIE
AT3G04025,AT3G04025
GATA29,GATA29
NSE4B,NSE4B
EIN3,EIN3
TOP6B,TOP6B
AT3G20790,AT3G20790
AT3G04035,AT3G04035
AT3G20800,AT3G20800
JMJ30,JMJ30
AT3G20820,AT3G20820
UCNL,UCNL
PLT1,PLT1
AT3G20850,AT3G20850
NEK6,NEK6
AGP40,AGP40
ZTP29,ZTP29
WIP4,WIP4
AT3G20885,AT3G20885
AT3G20890,AT3G20890
SMR13,SMR13
AT3G20900,AT3G20900
NFYA9,NFYA9
AT3G20920,AT3G20920
AT3G20930,AT3G20930
CYP705A28,CYP705A28
CYP705A30,CYP705A30
CYP705A32,CYP705A32
CYP705A33,CYP705A33
NIFU4,NIFU4
AT3G20978,AT3G20978
LCR55,LCR55
AT3G21000,AT3G21000
AT3G04045,AT3G04045
PSBTN,PSBTN
RBL,RBL
NADK1,NADK1
AT3G21080,AT3G21080
ABCG15,ABCG15
AT3G21100,AT3G21100
PUR7,PUR7
AT3G21130,AT3G21130
AT3G21140,AT3G21140
BBX32,BBX32
MNS2,MNS2
AT3G21165,AT3G21165
AT3G21170,AT3G21170
GATA24,GATA24
ACA9,ACA9
MSR1,MSR1
GLUTRBP,GLUTRBP
AT3G04055,AT3G04055
AT3G21210,AT3G21210
AT3G04065,AT3G04065
AT3G21215,AT3G21215
MKK5,MKK5
4CL4,4CL4
4CL2,4CL2
MRP6,MRP6
AT3G04085,AT3G04085
GLTP3,GLTP3
AT3G04115,AT3G04115
DOF3.1,DOF3.1
UBP7,UBP7
AT3G21290,AT3G21290
AT3G21295,AT3G21295
AT3G21300,AT3G21300
AT3G21305,AT3G21305
AT3G21310,AT3G21310
AT3G21320,AT3G21320
BHLH87,BHLH87
AT3G21340,AT3G21340
MED6,MED6
AT3G21351,AT3G21351
AT3G21352,AT3G21352
AT3G21360,AT3G21360
BGLU19,BGLU19
JAL36,JAL36
AT3G21390,AT3G21390
AT3G21400,AT3G21400
AT3G21405,AT3G21405
FBW1,FBW1
AT3G21420,AT3G21420
ALY3.1,ALY3.1
AT3G21450,AT3G21450
GRXS10,GRXS10
AT3G21465,AT3G21465
PCMP-E29,PCMP-E29
AT3G21473,AT3G21473
AT3G21480,AT3G21480
HIPP19,HIPP19
DXPS1,DXPS1
AHP1,AHP1
DMP1,DMP1
AT3G04135,AT3G04135
AT3G21530,AT3G21530
AT3G21540,AT3G21540
DMP2,DMP2
UGT84A2,UGT84A2
AT3G21570,AT3G21570
ABCI12,ABCI12
AT3G21590,AT3G21590
AT3G21600,AT3G21600
AT3G21610,AT3G21610
AT3G21620,AT3G21620
CERK1,CERK1
FKBP42,FKBP42
B'ZETA,B'ZETA
AT3G21660,AT3G21660
NPF6.4,NPF6.4
AT3G21680,AT3G21680
AT3G04145,AT3G04145
DTX40,DTX40
SGP2,SGP2
VUP1,VUP1
ICL,ICL
FOLB3,FOLB3
APO4,APO4
UGT71B1,UGT71B1
AT3G21755,AT3G21755
UGT71B2,UGT71B2
PER30,PER30
AT3G21781,AT3G21781
UGT71B6,UGT71B6
UGT71B7,UGT71B7
AT3G21805,AT3G21805
AT3G04155,AT3G04155
AT3G04165,AT3G04165
AT3G04175,AT3G04175
AT3G21810,AT3G21810
AT3G04185,AT3G04185
ATXR2,ATXR2
AT3G04195,AT3G04195
AT3G21825,AT3G21825
AT3G04205,AT3G04205
ASK9.1,ASK9.1
ASK10.1,ASK10.1
PEX22,PEX22
CYCU1-1,CYCU1-1
AT3G21880,AT3G21880
MIP1B,MIP1B
CRRSP19,CRRSP19
AT3G21945,AT3G21945
AT3G21950,AT3G21950
CRRSP24,CRRSP24
AT3G21980,AT3G21980
CRRSP29,CRRSP29
AT3G04225,AT3G04225
CRRSP35,CRRSP35
AT3G22053,AT3G22053
AT3G22057,AT3G22057
CRRSP38,CRRSP38
AT3G22070,AT3G22070
AT3G22072,AT3G22072
AT3G22080,AT3G22080
AT3G22090,AT3G22090
BHLH117,BHLH117
AT3G22104,AT3G22104
PAC1,PAC1
CWLP,CWLP
AT3G22121,AT3G22121
AT3G22125,AT3G22125
AT3G22142,AT3G22142
PCMP-E95,PCMP-E95
VQ22,VQ22
AT3G04245,AT3G04245
FHY3,FHY3
PAT20,PAT20
IQD5,IQD5
AT3G22183,AT3G22183
POP2,POP2
AT3G22210,AT3G22210
AT3G04255,AT3G04255
AT3G22220,AT3G22220
RPL27B,RPL27B
PCC1,PCC1
AT3G22235,AT3G22235
AT3G22240,AT3G22240
UGT82A1,UGT82A1
AT3G22260,AT3G22260
PAT1H1,PAT1H1
JAZ13,JAZ13
AT3G22290,AT3G22290
RPS10.1,RPS10.1
RH9,RH9
NRPB5A,NRPB5A
RH53,RH53
AT3G22345,AT3G22345
AT3G04265,AT3G04265
AT3G22350,AT3G22350
AOX1B,AOX1B
AOX1A,AOX1A
TIC,TIC
LOX5,LOX5
AT3G22410,AT3G22410
AT3G22415,AT3G22415
WNK2,WNK2
AT3G22421,AT3G22421
HISN5A,HISN5A
AT3G22430,AT3G22430
AT3G22436,AT3G22436
FRL4A,FRL4A
AT3G22450,AT3G22450
OASA2,OASA2
AT3G22470,AT3G22470
PDF2,PDF2
AT3G04275,AT3G04275
RAB28,RAB28
ECP31,ECP31
AT3G22510,AT3G22510
AT3G22520,AT3G22520
AT3G22530,AT3G22530
AT3G22540,AT3G22540
FLZ8,FLZ8
AT3G22560,AT3G22560
AT3G22565,AT3G22565
AT3G22570,AT3G22570
AT3G22580,AT3G22580
CDC73,CDC73
AT3G22600,AT3G22600
AT3G22620,AT3G22620
PBD1,PBD1
AT3G04285,AT3G04285
PAP85,PAP85
ATSFL61,ATSFL61
EBP2,EBP2
RDM1,RDM1
AT3G22670,AT3G22670
AT3G22690,AT3G22690
AT3G22700,AT3G22700
AT3G22710,AT3G22710
AT3G22720,AT3G22720
AT3G22730,AT3G22730
HMT3,HMT3
AT3G22750,AT3G22750
TCX3,TCX3
AT3G22770,AT3G22770
TSO1,TSO1
NET1A,NET1A
LRX6,LRX6
AT3G04315,AT3G04315
AT3G22810,AT3G22810
EPFL5,EPFL5
HSFA6B,HSFA6B
ELIP1,ELIP1
AT3G22845,AT3G22845
AT3G22850,AT3G22850
TIF3C2,TIF3C2
AT3G22870,AT3G22870
DMC1,DMC1
AT3G04325,AT3G04325
MIR167A,MIR167A
APS1.1,APS1.1
NRPD7,NRPD7
ACA13,ACA13
CYP26-1,CYP26-1
CML11,CML11
AT3G22935,AT3G22935
AT3G22940,AT3G22940
AT3G04335,AT3G04335
AT3G04345,AT3G04345
GG2,GG2
ATARFC1,ATARFC1
AT3G04355,AT3G04355
PKP1,PKP1
AT3G22961,AT3G22961
AT3G22970,AT3G22970
AT3G04365,AT3G04365
AT3G22980,AT3G22980
LFR,LFR
CIPK7,CIPK7
AtRLP36,AtRLP36
AT3G23020,AT3G23020
IAA2,IAA2
AT3G04375,AT3G04375
IAA7,IAA7
AT3G23060,AT3G23060
CFM3A,CFM3A
AT3G23080,AT3G23080
AT3G23090,AT3G23090
XRCC4,XRCC4
AtRLP37,AtRLP37
AtRLP38,AtRLP38
AT3G04385,AT3G04385
AT3G04395,AT3G04395
AT3G23122,AT3G23122
AT3G23123,AT3G23123
MIR173,MIR173
SUP,SUP
ETR2,ETR2
AT3G23160,AT3G23160
LCR42,LCR42
LCR39,LCR39
AT3G23170,AT3G23170
AT3G04405,AT3G04405
AT3G23172,AT3G23172
AT3G04415,AT3G04415
AT3G23175,AT3G23175
AT3G23180,AT3G23180
AT3G23190,AT3G23190
AT3G23200,AT3G23200
BHLH34,BHLH34
ERF095,ERF095
ERF098,ERF098
ERF1B,ERF1B
AT3G23245,AT3G23245
MYB15,MYB15
AT3G23255,AT3G23255
AT3G23260,AT3G23260
AT3G04425,AT3G04425
AT3G23270,AT3G23270
XBAT35,XBAT35
LSH4,LSH4
AT3G23300,AT3G23300
AT3G23310,AT3G23310
AT3G23320,AT3G23320
AT3G23325,AT3G23325
MIR853A,MIR853A
PCMP-H32,PCMP-H32
CKL10,CKL10
AT3G23350,AT3G23350
AT3G23360,AT3G23360
AT3G23370,AT3G23370
RIC5,RIC5
RPL36AB,RPL36AB
PAP6.1,PAP6.1
FAO3,FAO3
AT3G23420,AT3G23420
PHO1,PHO1
EDA6,EDA6
AT3G23450,AT3G23450
AT3G23460,AT3G23460
AT3G23470,AT3G23470
AT3G23480,AT3G23480
CYN,CYN
AT3G23510,AT3G23510
AT3G04475,AT3G04475
AT3G04495,AT3G04495
AT3G23530,AT3G23530
AT3G23540,AT3G23540
DTX18,DTX18
DTX19,DTX19
AT3G23570,AT3G23570
RNR2A,RNR2A
AT3G04505,AT3G04505
AT3G04515,AT3G04515
AT3G04535,AT3G04535
MED33A,MED33A
AT3G23600,AT3G23600
PUX12,PUX12
AT3G04555,AT3G04555
DSPTP1,DSPTP1
AT3G23620,AT3G23620
IPT7,IPT7
AT3G04565,AT3G04565
AT3G04575,AT3G04575
AT3G23633,AT3G23633
RTFL13,RTFL13
DVL21,DVL21
HGL1,HGL1
AT3G23650,AT3G23650
AT3G23660,AT3G23660
KIN12B,KIN12B
AT3G23685,AT3G23685
BHLH77,BHLH77
AT3G23700,AT3G23700
TIC22L,TIC22L
SCRL13,SCRL13
XTH16,XTH16
AT3G23740,AT3G23740
TMK4,TMK4
AT3G23760,AT3G23760
AT3G23770,AT3G23770
NRPD2,NRPD2
AAE16,AAE16
SBP3,SBP3
RALFL24,RALFL24
SAHH2,SAHH2
AT3G04595,AT3G04595
GAE6,GAE6
RBG4,RBG4
CER26L,CER26L
AT3G23860,AT3G23860
AT3G23870,AT3G23870
AT3G23880,AT3G23880
TOP2,TOP2
AT3G23900,AT3G23900
AT3G23910,AT3G23910
BAM1.1,BAM1.1
AT3G23930,AT3G23930
DHAD,DHAD
AT3G23950,AT3G23950
AT3G23955,AT3G23955
AT3G23960,AT3G23960
AT3G23970,AT3G23970
BLI,BLI
CPN60,CPN60
PCMP-H87,PCMP-H87
ING1,ING1
DIR16,DIR16
AT3G04615,AT3G04615
THIM,THIM
AT3G24040,AT3G24040
GATA1,GATA1
AT3G24060,AT3G24060
AT3G24065,AT3G24065
AT3G24068,AT3G24068
AT3G24070,AT3G24070
AT3G24080,AT3G24080
AT3G24090,AT3G24090
AT3G24093,AT3G24093
AT3G24100,AT3G24100
AT3G24110,AT3G24110
AT3G24120,AT3G24120
PME29,PME29
FAMA,FAMA
AT3G04625,AT3G04625
AT3G24150,AT3G24150
PMP,PMP
ATGR1,ATGR1
AT3G24180,AT3G24180
AT3G24190,AT3G24190
AT3G24200,AT3G24200
AT3G04635,AT3G04635
AT3G24210,AT3G24210
NCED6,NCED6
CLE19,CLE19
AT3G04645,AT3G04645
AT3G24230,AT3G24230
RCH2,RCH2
AT3G24255,AT3G24255
AT3G24260,AT3G24260
SMAP2,SMAP2
AMT1-5,AMT1-5
AMT1-3,AMT1-3
MYB305,MYB305
AtSec20,AtSec20
MSH1,MSH1
AT3G24332,AT3G24332
AT3G24330,AT3G24330
CLSY4,CLSY4
AT3G04655,AT3G04655
SYP32,SYP32
AT3G24360,AT3G24360
AT3G24420,AT3G24420
HCF101,HCF101
AT3G04665,AT3G04665
VIL1,VIL1
AT3G24450,AT3G24450
AT3G24460,AT3G24460
AT3G24463,AT3G24463
AT3G24465,AT3G24465
AT3G04675,AT3G04675
LRX4,LRX4
AT3G24490,AT3G24490
MSH7,MSH7
MBF1C,MBF1C
AT3G04685,AT3G04685
ALDH2C4,ALDH2C4
AT3G04695,AT3G04695
AT3G24506,AT3G24506
AT3G24508,AT3G24508
AT3G24510,AT3G24510
AT3G24513,AT3G24513
UBC37,UBC37
AT3G24514,AT3G24514
AT3G24516,AT3G24516
AT3G24517,AT3G24517
AT3G24518,AT3G24518
HSFC1,HSFC1
AT3G24530,AT3G24530
AT3G04705,AT3G04705
AT3G04725,AT3G04725
AT3G24535,AT3G24535
AT3G24540,AT3G24540
AT3G24542,AT3G24542
AT3G04745,AT3G04745
PERK1,PERK1
RSY3,RSY3
AT3G24570,AT3G24570
AT3G04755,AT3G04755
AT3G24575,AT3G24575
AT3G24580,AT3G24580
PLSP1,PLSP1
AT3G24600,AT3G24600
AT3G24605,AT3G24605
AT3G24612,AT3G24612
AT3G04775,AT3G04775
ROPGEF8,ROPGEF8
AT3G24630,AT3G24630
AT3G24640,AT3G24640
ABI3,ABI3
TMKL1,TMKL1
AT3G24670,AT3G24670
AT3G04785,AT3G04785
AT3G04795,AT3G04795
AT3G24715,AT3G24715
AT3G24730,AT3G24730
AT3G24740,AT3G24740
AT3G24750,AT3G24750
AT3G24760,AT3G24760
CLE41,CLE41
AT3G04815,AT3G04815
AT3G24780,AT3G24780
PBL25,PBL25
PRT1,PRT1
KRP5,KRP5
AT3G24820,AT3G24820
RPL13AB,RPL13AB
AT3G24840,AT3G24840
AT3G24850,AT3G24850
AT3G24860,AT3G24860
AT3G04825,AT3G04825
EAF1B,EAF1B
AT3G04835,AT3G04835
EAF1A,EAF1A
VAMP728,VAMP728
AtRLP39,AtRLP39
AT3G04845,AT3G04845
AT3G24929,AT3G24929
ATRLP40,ATRLP40
AtRLP41,AtRLP41
AT3G25012,AT3G25012
AT3G25011,AT3G25011
AT3G25013,AT3G25013
AT3G25014,AT3G25014
AtRLP42,AtRLP42
AT3G25030,AT3G25030
ERD2B,ERD2B
XTH3,XTH3
PCMP-E96,PCMP-E96
RIN4,RIN4
AT3G25080,AT3G25080
CDC45,CDC45
FATA,FATA
AT3G25120,AT3G25120
AT3G25130,AT3G25130
GAUT8,GAUT8
AT3G25150,AT3G25150
AT3G25160,AT3G25160
RALFL25,RALFL25
RALFL26,RALFL26
CYP82G1,CYP82G1
AT3G25190,AT3G25190
AT3G25200,AT3G25200
AT3G04895,AT3G04895
AT3G25210,AT3G25210
FKBP15-1,FKBP15-1
AT3G25221,AT3G25221
ROF1,ROF1
AT3G25240,AT3G25240
OXI1,OXI1
NPF4.1,NPF4.1
LCR4,LCR4
AT3G25270,AT3G25270
AT3G25290,AT3G25290
AT3G25400,AT3G25400
BASS3,BASS3
SCPL21,SCPL21
AT3G25430,AT3G25430
AT3G25440,AT3G25440
AT3G25460,AT3G25460
AT3G25470,AT3G25470
STR4A,STR4A
WAKL16,WAKL16
AT3G25493,AT3G25493
FH1,FH1
AT3G25505,AT3G25505
AT3G25510,AT3G25510
ATL5,ATL5
GLYR1,GLYR1
LAG1,LAG1
AT3G25545,AT3G25545
AT3G25550,AT3G25550
NIK2,NIK2
AT3G04915,AT3G04915
SAMDC3,SAMDC3
AT3G25573,AT3G25573
AT3G25577,AT3G25577
AT3G25580,AT3G25580
AAPT2,AAPT2
AT3G25590,AT3G25590
AT3G25597,AT3G25597
CML16,CML16
ALA10,ALA10
ABCG21,ABCG21
AT3G25640,AT3G25640
ASK15,ASK15
IDL1,IDL1
GATA,GATA
AT3G25670,AT3G25670
AT3G25680,AT3G25680
CHUP1,CHUP1
AT3G25700,AT3G25700
BHLH32,BHLH32
AT3G25715,AT3G25715
AT3G25716,AT3G25716
RTFL16,RTFL16
AT3G04935,AT3G04935
AT3G04955,AT3G04955
AT3G25719,AT3G25719
AT3G25720,AT3G25720
AT3G25727,AT3G25727
ARF14.1,ARF14.1
MAP1C,MAP1C
AOC1,AOC1
AOC2,AOC2
AOC3,AOC3
HHO1,HHO1
AT3G25795,AT3G25795
PP2AA2,PP2AA2
AT3G25805,AT3G25805
TPS24,TPS24
TPS27,TPS27
TPS27.1,TPS27.1
AT3G25840,AT3G25840
AT3G25855,AT3G25855
LTA2,LTA2
AT3G25870,AT3G25870
AT3G25880,AT3G25880
NIMIN-2,NIMIN-2
ERF119,ERF119
HMT-1,HMT-1
CLE27,CLE27
AT3G25910,AT3G25910
AT3G04965,AT3G04965
RPL15,RPL15
AT3G25930,AT3G25930
AT3G25940,AT3G25940
AT3G25950,AT3G25950
AT3G25960,AT3G25960
PCMP-E46,PCMP-E46
MAD2,MAD2
GT-4,GT-4
SKIP14,SKIP14
AT3G26010,AT3G26010
AT3G26020,AT3G26020
B'DELTA,B'DELTA
AT3G26040,AT3G26040
AT3G26050,AT3G26050
ATPRX Q,ATPRX Q
PAP4,PAP4
AT3G26080,AT3G26080
AT3G26085,AT3G26085
RGS1,RGS1
AT3G26100,AT3G26100
AT3G26110,AT3G26110
AT3G26115,AT3G26115
TEL1,TEL1
AT3G04975,AT3G04975
AT3G26130,AT3G26130
CYP86C2,CYP86C2
AT3G26135,AT3G26135
AT3G04995,AT3G04995
AT3G26140,AT3G26140
AT3G26147,AT3G26147
CYP71B17,CYP71B17
CYP71B19,CYP71B19
CYP71B20,CYP71B20
AT3G05005,AT3G05005
CYP71B21,CYP71B21
CYP71B22,CYP71B22
CYP71B23,CYP71B23
CYP71B3,CYP71B3
CYP71B24,CYP71B24
AT3G26235,AT3G26235
AT3G26237,AT3G26237
AT3G26240,AT3G26240
AT3G26250,AT3G26250
CYP71B25,CYP71B25
CYP71B4,CYP71B4
CYP71B26,CYP71B26
CYP71B34,CYP71B34
CYP71B35,CYP71B35
CYP71B36,CYP71B36
CYP71B37,CYP71B37
PBE2,PBE2
AT3G26350,AT3G26350
AT3G26355,AT3G26355
AT3G26360,AT3G26360
PAGR,PAGR
AT3G26380,AT3G26380
AT3G26390,AT3G26390
AT3G26395,AT3G26395
EIF4B1,EIF4B1
TRM11,TRM11
RZ1A,RZ1A
AT3G26430,AT3G26430
AT3G26440,AT3G26440
AT3G26445,AT3G26445
AT3G26450,AT3G26450
AT3G26460,AT3G26460
AT3G26470,AT3G26470
AT3G05015,AT3G05015
AT3G26480,AT3G26480
AT3G26490,AT3G26490
AT3G05025,AT3G05025
PIRL2,PIRL2
AT3G26510,AT3G26510
AT3G26512,AT3G26512
AT3G05045,AT3G05045
AT3G05055,AT3G05055
TIP1-2,TIP1-2
AT3G26539,AT3G26539
PCMP-A5,PCMP-A5
AT3G26550,AT3G26550
AT3G26560,AT3G26560
PHT2;1,PHT2;1
AT3G26580,AT3G26580
DTX29,DTX29
ARO4,ARO4
AT3G26610,AT3G26610
AT3G26612,AT3G26612
AT3G26616,AT3G26616
ERF1-3,ERF1-3
LBD23,LBD23
PCMP-A6,PCMP-A6
LWD2,LWD2
GAPA1,GAPA1
LBD24,LBD24
AT3G26670,AT3G26670
SNM1,SNM1
AT3G05075,AT3G05075
NUDT13,NUDT13
AT3G26700,AT3G26700
CCB1,CCB1
AT3G26720,AT3G26720
AT3G26730,AT3G26730
CCL,CCL
AT3G26742,AT3G26742
SCRM,SCRM
AT3G26750,AT3G26750
AT3G26760,AT3G26760
AT3G26770,AT3G26770
AT3G26780,AT3G26780
PCMP-H34,PCMP-H34
FUS3,FUS3
AT3G05085,AT3G05085
AT3G26800,AT3G26800
AFB2,AFB2
MIR169I,MIR169I
MIR169J,MIR169J
AT3G05095,AT3G05095
AT3G05105,AT3G05105
MIR169K,MIR169K
MIR169L,MIR169L
MIR169M,MIR169M
MIR169N,MIR169N
AT3G26820,AT3G26820
CYP71B15,CYP71B15
AT3G26840,AT3G26840
AT3G26850,AT3G26850
AT3G26855,AT3G26855
SPH23,SPH23
SPH22,SPH22
SPH21,SPH21
AT3G26890,AT3G26890
SKL1,SKL1
AT3G26910,AT3G26910
AT3G26920,AT3G26920
AT3G26922,AT3G26922
AT3G26930,AT3G26930
AT3G26934,AT3G26934
DRB3,DRB3
PAT07,PAT07
CDG1,CDG1
AT3G26950,AT3G26950
AT3G26960,AT3G26960
MUB4,MUB4
AT3G05135,AT3G05135
AT3G26990,AT3G26990
ARP2.1,ARP2.1
TCP20,TCP20
YSL6,YSL6
AT3G27025,AT3G27025
AT3G27027,AT3G27027
AT3G27030,AT3G27030
AT3G27040,AT3G27040
AT3G27050,AT3G27050
TSO2,TSO2
TOM20-1,TOM20-1
TOM20-3,TOM20-3
AT3G27090,AT3G27090
AT3G27100,AT3G27100
AT3G27110,AT3G27110
FIGL1,FIGL1
AT3G27140,AT3G27140
AT3G27150,AT3G27150
GHS1,GHS1
CLC-B,CLC-B
AT3G05145,AT3G05145
AT3G27180,AT3G27180
AT3G27185,AT3G27185
AT3G05185,AT3G05185
AT3G05195,AT3G05195
AT3G05205,AT3G05205
UKL2,UKL2
AT3G27200,AT3G27200
Y-2,Y-2
AT3G27220,AT3G27220
AT3G27230,AT3G27230
CYC11,CYC11
AT3G27250,AT3G27250
GTE8,GTE8
AT3G27270,AT3G27270
PHB4,PHB4
AT3G27290,AT3G27290
G6PD5,G6PD5
PUX1,PUX1
CXE11,CXE11
AT3G05225,AT3G05225
AT3G27325,AT3G27325
AT3G27329,AT3G27329
AT3G27331,AT3G27331
AT3G27330,AT3G27330
AT3G27340,AT3G27340
AT3G27350,AT3G27350
AT3G27355,AT3G27355
HTR2.4,HTR2.4
SDH2-1,SDH2-1
AT3G27390,AT3G27390
AT3G05235,AT3G05235
AT3G27400,AT3G27400
AT3G27410,AT3G27410
AT3G27415,AT3G27415
AT3G27416,AT3G27416
AT3G27420,AT3G27420
AT3G27425,AT3G27425
PBB1,PBB1
UKL5,UKL5
AT3G27460,AT3G27460
AT3G27470,AT3G27470
AT3G27473,AT3G27473
AT3G05245,AT3G05245
AT3G27475,AT3G27475
AT3G27480,AT3G27480
AT3G27490,AT3G27490
AT3G27495,AT3G27495
AT3G27500,AT3G27500
SCRL19,SCRL19
AT3G05265,AT3G05265
AT3G27510,AT3G27510
AT3G27520,AT3G27520
GC6,GC6
AT3G27540,AT3G27540
AT3G27550,AT3G27550
AT3G27555,AT3G27555
ATN1,ATN1
AT3G27570,AT3G27570
D6PKL3,D6PKL3
AT3G27590,AT3G27590
AT3G27600,AT3G27600
AT3G27610,AT3G27610
AOX1C,AOX1C
SMR7,SMR7
AT3G27640,AT3G27640
AT3G05275,AT3G05275
LBD25,LBD25
OL2,OL2
RST1,RST1
SPH31,SPH31
LHCB2.4,LHCB2.4
AT3G27700,AT3G27700
ARI3,ARI3
ARI4,ARI4
RCK,RCK
CARA,CARA
AT3G05285,AT3G05285
THA8,THA8
AT3G27770,AT3G27770
MYB118,MYB118
AT3G05295,AT3G05295
MYB21,MYB21
AT3G05315,AT3G05315
AT3G27809,AT3G27809
MDAR4,MDAR4
AT3G27825,AT3G27825
RPL12A,RPL12A
AT3G27831,AT3G27831
RPL12B,RPL12B
AT3G27845,AT3G27845
RPL12C.1,RPL12C.1
AT3G27860,AT3G27860
AT3G27865,AT3G27865
AT3G05325,AT3G05325
AT3G05335,AT3G05335
AT3G05355,AT3G05355
ALA8,ALA8
AT3G27880,AT3G27880
AT3G27884,AT3G27884
NQR.1,NQR.1
AT3G27900,AT3G27900
AT3G27906,AT3G27906
AT3G27910,AT3G27910
GL1,GL1
AT3G05375,AT3G05375
DEGP1,DEGP1
AT3G27930,AT3G27930
LBD26,LBD26
AT3G27950,AT3G27950
KLCR2,KLCR2
AT3G27970,AT3G27970
AT3G27990,AT3G27990
PME30,PME30
AT3G27999,AT3G27999
SWEET4,SWEET4
UVH3,UVH3
AT3G28040,AT3G28040
AT3G28050,AT3G28050
AT3G28060,AT3G28060
AT3G28070,AT3G28070
AT3G28080,AT3G28080
AT3G28100,AT3G28100
AT3G28120,AT3G28120
AT3G28130,AT3G28130
AT3G28140,AT3G28140
AXY4L,AXY4L
AT3G05385,AT3G05385
AT3G05395,AT3G05395
AT3G28155,AT3G28155
AT3G05445,AT3G05445
AT3G28170,AT3G28170
CSLC4,CSLC4
AT3G28190,AT3G28190
AT3G28193,AT3G28193
PER31,PER31
SAP12,SAP12
AT3G28216,AT3G28216
AT3G28220,AT3G28220
AT3G28230,AT3G28230
AT3G05455,AT3G05455
AT3G28243,AT3G28243
AT3G28250,AT3G28250
AT3G28270,AT3G28270
AT3G28280,AT3G28280
AT3G05465,AT3G05465
AT3G28291,AT3G28291
AT3G05475,AT3G05475
AT3G28310,AT3G28310
AT3G28320,AT3G28320
AT3G28330,AT3G28330
AT3G28335,AT3G28335
GATL10,GATL10
ABCB15,ABCB15
ABCB16,ABCB16
AT3G05495,AT3G05495
AT3G28370,AT3G28370
ABCB17,ABCB17
ABCB18,ABCB18
AT3G28410,AT3G28410
ABCB22,ABCB22
AT3G28420,AT3G28420
TT9,TT9
BIR2,BIR2
CLE25,CLE25
AT3G28460,AT3G28460
MYB35,MYB35
AT3G28480,AT3G28480
P4H6,P4H6
RPP2C,RPP2C
AT3G05505,AT3G05505
AT3G28510,AT3G28510
AT3G28520,AT3G28520
AT3G28540,AT3G28540
AT3G28550,AT3G28550
AT3G05515,AT3G05515
AT3G28560,AT3G28560
AT3G28570,AT3G28570
AT3G05535,AT3G05535
AT3G28580,AT3G28580
AT3G28590,AT3G28590
AT3G28600,AT3G28600
AT3G28610,AT3G28610
AT3G28620,AT3G28620
AT3G28630,AT3G28630
AT3G28635,AT3G28635
PCMP-E79,PCMP-E79
AT3G28650,AT3G28650
PCMP-E80,PCMP-E80
AT3G28670,AT3G28670
AT3G28674,AT3G28674
AT3G28680,AT3G28680
AT3G05555,AT3G05555
AT3G28685,AT3G28685
AT3G28690,AT3G28690
AT3G28695,AT3G28695
AT3G28700,AT3G28700
VHA-D1,VHA-D1
VHA-D2,VHA-D2
AT3G28720,AT3G28720
SSRP1,SSRP1
CYP81D11,CYP81D11
AT3G28750,AT3G28750
AT3G28760,AT3G28760
AT3G28770,AT3G28770
AT3G28780,AT3G28780
AT3G28785,AT3G28785
AT3G28790,AT3G28790
AT3G28810,AT3G28810
AT3G28820,AT3G28820
AT3G28830,AT3G28830
AT3G28840,AT3G28840
AT3G28850,AT3G28850
AT3G28853,AT3G28853
PRE5,PRE5
ABCB19,ABCB19
AT3G28870,AT3G28870
AT3G28875,AT3G28875
AT3G28880,AT3G28880
AT3G05575,AT3G05575
AtRLP43,AtRLP43
RPL34C,RPL34C
AT3G28899,AT3G28899
AT3G05585,AT3G05585
MYB30,MYB30
MIF2,MIF2
AT3G28918,AT3G28918
ZHD9,ZHD9
AT3G28922,AT3G28922
AT3G05605,AT3G05605
AT3G28925,AT3G28925
AIG2A,AIG2A
AT3G05635,AT3G05635
AIG2B,AIG2B
AIG2C,AIG2C
AT3G28956,AT3G28956
AT3G28958,AT3G28958
AVT1I,AVT1I
AAR3,AAR3
AT3G28980,AT3G28980
AT3G28990,AT3G28990
CML45,CML45
AT3G29010,AT3G29010
MYB110,MYB110
EXPA5,EXPA5
AT3G29033,AT3G29033
AT3G29034,AT3G29034
NAC59,NAC59
AT3G05655,AT3G05655
PHO1-H9,PHO1-H9
AT3G29070,AT3G29070
AT3G29075,AT3G29075
AT3G05665,AT3G05665
AT3G29080,AT3G29080
PME31,PME31
AT3G29095,AT3G29095
VTI13,VTI13
TPS16,TPS16
AT3G29130,AT3G29130
AT3G29140,AT3G29140
AT3G05705,AT3G05705
AT3G29152,AT3G29152
KIN11,KIN11
AT3G29170,AT3G29170
AT3G29173,AT3G29173
AT3G29180,AT3G29180
AT3G05715,AT3G05715
AT3G29185,AT3G29185
TPS15,TPS15
CM1,CM1
PCMP-E27,PCMP-E27
AT3G29240,AT3G29240
SDR4,SDR4
AT3G29255,AT3G29255
AT3G29270,AT3G29270
AT3G29280,AT3G29280
EMB2076,EMB2076
AT3G29300,AT3G29300
AT3G29305,AT3G29305
BAG1.1,BAG1.1
PHS1.2,PHS1.2
AT3G29330,AT3G29330
AT3G29340,AT3G29340
AHP2,AHP2
UGD2,UGD2
AT3G29370,AT3G29370
AT3G29375,AT3G29375
PBRP2,PBRP2
RIK,RIK
ATEXO70E1,ATEXO70E1
TPS25,TPS25
AT3G29430,AT3G29430
AT3G29450,AT3G29450
AT3G29455,AT3G29455
AT3G29560,AT3G29560
AT3G05735,AT3G05735
AFP3,AFP3
AT3G29580,AT3G29580
5MAT,5MAT
AT3G05805,AT3G05805
UGT79B4,UGT79B4
AT3G05815,AT3G05815
AT3G05825,AT3G05825
AT3G29633,AT3G29633
AT3G29635,AT3G29635
AT3G29631,AT3G29631
AT3G05845,AT3G05845
AT3G29637,AT3G29637
AT3G05855,AT3G05855
AT3G29638,AT3G29638
AT3G29639,AT3G29639
AT3G29645,AT3G29645
AT3G05885,AT3G05885
AT3G05895,AT3G05895
AT3G05915,AT3G05915
AT3G05925,AT3G05925
AT3G29644,AT3G29644
AT3G05945,AT3G05945
PMAT2,PMAT2
AT3G29680,AT3G29680
AT3G29690,AT3G29690
AT3G29720,AT3G29720
AT3G29740,AT3G29740
AT3G29750,AT3G29750
AT3G05955,AT3G05955
AT3G29760,AT3G29760
AT3G29763,AT3G29763
AT3G29765,AT3G29765
MES11,MES11
RALFL27,RALFL27
AT3G29791,AT3G29791
AT3G29796,AT3G29796
AT3G29800,AT3G29800
COBL3,COBL3
AT3G05965,AT3G05965
AT3G29970,AT3G29970
AT3G05985,AT3G05985
AT3G05995,AT3G05995
AT3G30160,AT3G30160
CYP85A2,CYP85A2
AT3G30200,AT3G30200
ATMYB121,ATMYB121
AT3G30247,AT3G30247
AT3G06025,AT3G06025
AGL79,AGL79
OFUT27,OFUT27
AT3G30305,AT3G30305
AT3G06045,AT3G06045
AT3G30320,AT3G30320
AT3G30340,AT3G30340
AT3G30345,AT3G30345
RGF4,RGF4
AT3G30380,AT3G30380
AVT6A,AVT6A
AT3G30383,AT3G30383
AT3G30430,AT3G30430
AT3G30460,AT3G30460
AT3G30520,AT3G30520
AT3G30525,AT3G30525
ATBZIP42,ATBZIP42
AT3G30540,AT3G30540
AT3G30580,AT3G30580
AT3G06055,AT3G06055
QQS,QQS
GDU6,GDU6
AT3G30730,AT3G30730
AT3G30739,AT3G30739
AT3G06075,AT3G06075
AT3G30770,AT3G30770
POX1,POX1
AT3G06095,AT3G06095
AT3G30820,AT3G30820
AT3G30823,AT3G30823
AT3G06135,AT3G06135
AT3G30840,AT3G30840
AT3G30841,AT3G30841
ABCG38,ABCG38
AT3G31402,AT3G31402
AT3G06215,AT3G06215
AT3G31910,AT3G31910
AT3G06235,AT3G06235
AT3G06245,AT3G06245
TPS30,TPS30
AT3G32040,AT3G32040
AT3G32047,AT3G32047
AT3G32050,AT3G32050
AT3G06265,AT3G06265
AT3G32090,AT3G32090
AT3G32260,AT3G32260
AT3G32280,AT3G32280
AT3G06285,AT3G06285
FH17,FH17
AT3G32904,AT3G32904
AT3G06295,AT3G06295
AT3G32920,AT3G32920
AT3G32930,AT3G32930
AT3G32940,AT3G32940
PER32,PER32
AT3G33187,AT3G33187
AT3G33528,AT3G33528
AT3G33530,AT3G33530
ARP6,ARP6
AT3G41762,AT3G41762
AT3G41761,AT3G41761
AT3G06325,AT3G06325
AT3G06345,AT3G06345
AT3G41768,AT3G41768
AT3G06355,AT3G06355
VHA-H,VHA-H
AT3G42060,AT3G42060
AT3G42075,AT3G42075
AT3G42150,AT3G42150
AT3G42153,AT3G42153
AT3G42155,AT3G42155
AT3G42160,AT3G42160
HAT,HAT
AT3G42180,AT3G42180
AT3G06375,AT3G06375
AT3G42310,AT3G42310
LCR47,LCR47
AT3G06395,AT3G06395
AT3G42550,AT3G42550
AT3G06405,AT3G06405
AT3G42570,AT3G42570
AT3G42630,AT3G42630
AT3G06425,AT3G06425
AHA8,AHA8
AT3G42660,AT3G42660
CHR38,CHR38
AT3G06465,AT3G06465
AT3G42723,AT3G42723
AT3G42725,AT3G42725
AT3G42770,AT3G42770
AL3,AL3
AT3G06475,AT3G06475
AT3G42800,AT3G42800
RBX1B,RBX1B
AT3G42850,AT3G42850
AT3G42860,AT3G42860
AT3G42870,AT3G42870
PRK3,PRK3
AT3G42950,AT3G42950
TA1,TA1
AT3G42990,AT3G42990
LCR33,LCR33
AT3G06495,AT3G06495
AT3G06515,AT3G06515
AT3G06525,AT3G06525
AT3G43110,AT3G43110
AT3G43148,AT3G43148
AT3G43153,AT3G43153
MEE38,MEE38
AT3G43170,AT3G43170
AT3G43180,AT3G43180
SUS4,SUS4
KIN7B,KIN7B
SAC3,SAC3
AT3G43230,AT3G43230
ARID4,ARID4
AT3G43250,AT3G43250
AT3G43260,AT3G43260
PME32,PME32
AT3G06565,AT3G06565
AT3G43280,AT3G43280
AT3G43290,AT3G43290
AT3G43291,AT3G43291
AT3G06575,AT3G06575
ATMIN7,ATMIN7
AT3G43340,AT3G43340
AT3G06585,AT3G06585
AT3G43400,AT3G43400
AT3G06595,AT3G06595
AT3G06605,AT3G06605
AT3G43415,AT3G43415
AT3G43420,AT3G43420
AT3G43430,AT3G43430
AT3G06615,AT3G06615
AT3G43432,AT3G43432
AT3G06625,AT3G06625
TIFY3A,TIFY3A
AT3G43470,AT3G43470
LCR30,LCR30
FAX2,FAX2
AT3G06635,AT3G06635
AT3G43540,AT3G43540
AT3G43572,AT3G43572
AT3G43580,AT3G43580
AT3G43583,AT3G43583
AT3G43590,AT3G43590
AAO2,AAO2
AT3G43610,AT3G43610
AT3G43660,AT3G43660
AT3G43670,AT3G43670
AT3G06645,AT3G06645
BPM6,BPM6
AT3G43710,AT3G43710
AT3G06655,AT3G06655
LTPG2,LTPG2
AT3G43740,AT3G43740
AT3G43750,AT3G43750
ZIFL2,ZIFL2
GSTU27,GSTU27
CAM7,CAM7
AT3G06675,AT3G06675
AT3G43833,AT3G43833
AT3G43837,AT3G43837
AT3G43840,AT3G43840
AT3G06685,AT3G06685
AT3G43850,AT3G43850
AtGH9A4,AtGH9A4
AT3G43880,AT3G43880
AT3G43890,AT3G43890
AT3G43910,AT3G43910
DCL3,DCL3
AT3G43930,AT3G43930
AT3G43940,AT3G43940
AT3G43950,AT3G43950
RDL3,RDL3
AT3G43970,AT3G43970
RPS29C,RPS29C
AT3G43990,AT3G43990
AT3G44006,AT3G44006
RPS29C.1,RPS29C.1
AT3G44020,AT3G44020
KIN12E,KIN12E
AT3G44060,AT3G44060
AT3G44070,AT3G44070
AT3G06725,AT3G06725
AT3G44100,AT3G44100
ATJ3,ATJ3
AT3G06745,AT3G06745
AT3G44115,AT3G44115
AT3G44120,AT3G44120
AT3G44130,AT3G44130
AT3G44140,AT3G44140
AT3G44150,AT3G44150
AT3G44160,AT3G44160
AT3G44170,AT3G44170
AT3G44180,AT3G44180
AT3G44190,AT3G44190
NEK5,NEK5
AT3G44210,AT3G44210
AT3G44220,AT3G44220
AT3G44230,AT3G44230
CYP71B38,CYP71B38
CAF1-9,CAF1-9
AT3G44261,AT3G44261
AT3G44265,AT3G44265
AT3G44280,AT3G44280
AT3G06755,AT3G06755
NAC60,NAC60
AT3G06765,AT3G06765
NIT2,NIT2
NIT1,NIT1
NIT3,NIT3
AT3G44326,AT3G44326
AT3G44330,AT3G44330
CEF,CEF
AT3G06775,AT3G06775
anac061,anac061
AT3G06785,AT3G06785
ALB3L3,ALB3L3
AT3G44380,AT3G44380
AT3G06795,AT3G06795
AT3G44400,AT3G44400
AT3G44405,AT3G44405
AT3G06815,AT3G06815
AT3G44428,AT3G44428
AT3G44430,AT3G44430
AT3G44435,AT3G44435
AT3G44440,AT3G44440
AT3G06835,AT3G06835
MIR849A,MIR849A
BIC2,BIC2
DPBF2,DPBF2
RPP1,RPP1
AT3G44485,AT3G44485
HDA17,HDA17
AT3G44510,AT3G44510
HIRA,HIRA
AT3G06845,AT3G06845
FAR4,FAR4
AT3G06855,AT3G06855
FAR5,FAR5
AT3G44555,AT3G44555
FAR8,FAR8
AT3G44570,AT3G44570
AT3G44580,AT3G44580
RPP2D,RPP2D
CYP71,CYP71
AT3G44610,AT3G44610
AT3G44620,AT3G44620
AT3G44630,AT3G44630
AT3G44635,AT3G44635
HDA10,HDA10
AT3G44665,AT3G44665
AT3G44670,AT3G44670
HDA9,HDA9
AT3G44690,AT3G44690
AT3G44695,AT3G44695
AT3G44700,AT3G44700
AT3G44703,AT3G44703
AT3G44710,AT3G44710
AT3G44713,AT3G44713
AT3G44716,AT3G44716
AT3G44718,AT3G44718
ADT4,ADT4
ATKP1,ATKP1
PSK6,PSK6
AT3G44740,AT3G44740
HDT1,HDT1
AT3G44753,AT3G44753
AT3G44755,AT3G44755
AT3G44760,AT3G44760
AT3G44763,AT3G44763
AT3G06925,AT3G06925
AT3G44766,AT3G44766
AT3G44765,AT3G44765
AT3G44769,AT3G44769
AT3G44770,AT3G44770
AT3G44780,AT3G44780
AT3G44785,AT3G44785
AT3G44790,AT3G44790
AT3G44798,AT3G44798
AT3G44800,AT3G44800
AT3G44805,AT3G44805
AT3G44820,AT3G44820
PDAT2,PDAT2
AT3G44840,AT3G44840
AT3G44850,AT3G44850
FAMT,FAMT
AT3G44870,AT3G44870
PAO,PAO
RPL9,RPL9
CHX4,CHX4
CHX12,CHX12
CHX11,CHX11
CHX10,CHX10
AT3G44935,AT3G44935
AT3G44940,AT3G44940
AT3G44950,AT3G44950
AT3G44955,AT3G44955
AT3G44960,AT3G44960
AT3G44970,AT3G44970
AT3G44980,AT3G44980
XTH31,XTH31
VPS24-2,VPS24-2
SCPL48,SCPL48
AT3G45020,AT3G45020
RPS20C.1,RPS20C.1
EVN,EVN
AT3G45050,AT3G45050
NRT2.6,NRT2.6
AT3G45070,AT3G45070
SOT6,SOT6
AT3G45090,AT3G45090
AT3G45093,AT3G45093
AT3G06955,AT3G06955
PIGA,PIGA
AT3G45110,AT3G45110
LAS1,LAS1
AT3G06975,AT3G06975
AT3G07045,AT3G07045
LOX2,LOX2
AT3G45160,AT3G45160
GATA14,GATA14
AT3G45180,AT3G45180
AT3G07065,AT3G07065
AT3G45190,AT3G45190
AT3G45200,AT3G45200
AT3G07075,AT3G07075
AT3G45210,AT3G45210
AT3G45220,AT3G45220
AT3G45230,AT3G45230
GRIK1,GRIK1
AT3G45245,AT3G45245
AT3G45248,AT3G45248
AT3G45252,AT3G45252
AT3G07095,AT3G07095
BIB,BIB
AT3G45275,AT3G45275
SYP72,SYP72
AT3G45285,AT3G45285
MLO3,MLO3
AT3G07105,AT3G07105
IVD,IVD
AT3G45310,AT3G45310
AT3G45320,AT3G45320
LECRK11,LECRK11
LECRK12,LECRK12
AT3G45400,AT3G45400
LECRK13,LECRK13
LECRK14,LECRK14
AT3G07125,AT3G07125
LECRK15,LECRK15
AT3G45440,AT3G45440
AT3G45443,AT3G45443
AT3G45450,AT3G45450
AT3G45480,AT3G45480
AT3G45490,AT3G45490
AT3G45500,AT3G45500
AT3G45510,AT3G45510
AT3G45530,AT3G45530
AT3G45540,AT3G45540
AT3G07155,AT3G07155
AT3G45560,AT3G45560
AT3G45570,AT3G45570
AT3G45577,AT3G45577
SEN1,SEN1
AT3G07175,AT3G07175
TET3,TET3
AT3G07205,AT3G07205
DOF3.2,DOF3.2
AT3G45620,AT3G45620
AT3G45630,AT3G45630
AT3G45638,AT3G45638
MPK3,MPK3
AT3G45645,AT3G45645
NAXT1,NAXT1
AT3G45660,AT3G45660
AT3G45670,AT3G45670
AT3G07235,AT3G07235
AT3G45673,AT3G45673
NPF2.3,NPF2.3
NPF2.2,NPF2.2
NPF2.4,NPF2.4
AT3G07245,AT3G07245
NPF2.5,NPF2.5
NPF2.1,NPF2.1
AT3G45730,AT3G45730
AT3G45740,AT3G45740
AT3G45750,AT3G45750
AT3G45760,AT3G45760
AT3G45770,AT3G45770
PHOT1,PHOT1
AT3G45790,AT3G45790
AT3G45800,AT3G45800
RBOHJ,RBOHJ
AT3G45820,AT3G45820
AT3G45830,AT3G45830
AT3G45840,AT3G45840
AT3G45850,AT3G45850
AT3G45851,AT3G45851
AT3G07295,AT3G07295
CRK4.1,CRK4.1
AT3G45870,AT3G45870
AT3G07305,AT3G07305
AT3G45880,AT3G45880
RUS1,RUS1
AT3G45900,AT3G45900
AT3G45910,AT3G45910
AT3G45930,AT3G45930
XYL2,XYL2
AT3G45950,AT3G45950
AT3G45955,AT3G45955
EXLA3,EXLA3
AT3G45965,AT3G45965
EXLA1,EXLA1
H2B.1,H2B.1
AT3G07315,AT3G07315
ADF11.1,ADF11.1
ADF2,ADF2
ADF1,ADF1
AT3G46020,AT3G46020
HTB11,HTB11
RPS15AD,RPS15AD
AT3G46050,AT3G46050
RABE1C,RABE1C
AT3G46070,AT3G46070
ZAT8,ZAT8
AT3G46086,AT3G46086
ZAT7,ZAT7
ATHRS1,ATHRS1
AT3G46110,AT3G46110
PAP19,PAP19
AT3G07325,AT3G07325
ATMYB48,ATMYB48
AT3G46140,AT3G46140
AT3G46150,AT3G46150
AT3G46160,AT3G46160
AT3G46170,AT3G46170
UTR5,UTR5
AT3G46190,AT3G46190
NUDT9,NUDT9
AT3G07335,AT3G07335
AT3G07345,AT3G07345
RRP46,RRP46
AT3G46220,AT3G46220
AT3G07355,AT3G07355
HSP17.4A,HSP17.4A
AT3G07365,AT3G07365
AT3G46240,AT3G46240
AT3G46260,AT3G46260
AT3G46270,AT3G46270
AT3G46280,AT3G46280
HERK1,HERK1
AT3G07375,AT3G07375
AT3G46300,AT3G46300
AT3G07385,AT3G07385
AT3G46310,AT3G46310
AT3G07395,AT3G07395
AT3G46320,AT3G46320
MEE39,MEE39
AT3G07405,AT3G07405
AT3G46340,AT3G46340
AT3G46350,AT3G46350
AT3G46355,AT3G46355
AT3G46360,AT3G46360
AT3G46370,AT3G46370
AT3G46380,AT3G46380
AT3G46400,AT3G46400
AT3G46410,AT3G46410
AT3G46420,AT3G46420
AT3G46430,AT3G46430
UXS5,UXS5
AT3G46450,AT3G46450
UBC13,UBC13
AT3G46470,AT3G46470
AT3G46480,AT3G46480
AT3G46490,AT3G46490
AT3G46500,AT3G46500
PUB13,PUB13
ACT12,ACT12
RPP13,RPP13
AT3G46540,AT3G46540
AT3G07435,AT3G07435
FLA4,FLA4
TIM9,TIM9
AT3G46565,AT3G46565
MBD5,MBD5
TRP2,TRP2
SCL30,SCL30
AT3G46610,AT3G46610
RTFL4,RTFL4
AT3G07465,AT3G07465
AT3G46614,AT3G46614
AT3G07475,AT3G07475
AT3G07485,AT3G07485
AT3G07495,AT3G07495
AT3G46616,AT3G46616
AT3G46617,AT3G46617
AT3G07505,AT3G07505
AT3G07515,AT3G07515
RDUF1,RDUF1
AT3G46630,AT3G46630
PCL1,PCL1
AT3G46650,AT3G46650
AT3G46658,AT3G46658
UGT76E12,UGT76E12
AT3G46666,AT3G46666
AT3G46668,AT3G46668
UGT76E11,UGT76E11
UGT76E6,UGT76E6
UGT76E4,UGT76E4
UGT76E3,UGT76E3
RPP13L2,RPP13L2
UGT76E5,UGT76E5
RPP13L3,RPP13L3
AT3G46735,AT3G46735
TOC75-3,TOC75-3
AT3G46750,AT3G46750
LECRKS3,LECRKS3
REM22,REM22
PTAC16,PTAC16
CRR2,CRR2
AT3G46800,AT3G46800
AT3G46810,AT3G46810
TOPP5,TOPP5
RABA2C,RABA2C
SBT4.5,SBT4.5
AT3G46845,AT3G46845
AT3G07555,AT3G07555
SBT4.6,SBT4.6
AT3G46860,AT3G46860
AT3G46870,AT3G46870
AT3G46875,AT3G46875
AT3G46880,AT3G46880
AT3G46890,AT3G46890
COPT2,COPT2
AT3G46910,AT3G46910
AT3G46920,AT3G46920
AT3G46930,AT3G46930
DUT1,DUT1
AT3G46950,AT3G46950
AT3G07605,AT3G07605
SKI2,SKI2
PHS2,PHS2
PHT4;3,PHT4;3
AT3G46990,AT3G46990
AT3G07615,AT3G07615
AT3G47000,AT3G47000
AT3G07625,AT3G07625
AT3G47010,AT3G47010
AT3G47020,AT3G47020
AT3G47030,AT3G47030
AT3G47040,AT3G47040
AT3G47050,AT3G47050
FTSH7,FTSH7
AT3G47070,AT3G47070
AT3G47080,AT3G47080
AT3G47090,AT3G47090
AT3G07635,AT3G07635
AT3G47100,AT3G47100
AT3G47110,AT3G47110
AT3G47120,AT3G47120
AT3G47130,AT3G47130
AT3G47140,AT3G47140
AT3G47150,AT3G47150
AT3G47160,AT3G47160
AT3G47170,AT3G47170
AT3G47180,AT3G47180
AT3G47190,AT3G47190
AT3G47200,AT3G47200
AT3G07655,AT3G07655
AT3G07665,AT3G07665
AT3G47210,AT3G47210
PLC9,PLC9
AT3G07675,AT3G07675
AT3G47250,AT3G47250
AT3G07685,AT3G07685
AT3G07695,AT3G07695
ATPLC8,ATPLC8
PSY2,PSY2
AT3G07705,AT3G07705
SELT,SELT
ASN1,ASN1
AT3G47341,AT3G47341
AT3G07715,AT3G07715
AT3G47342,AT3G47342
AT3G07725,AT3G07725
AT3G07735,AT3G07735
AT3G47347,AT3G47347
AT3G47348,AT3G47348
ATHSD2,ATHSD2
HSD3,HSD3
RPS20B,RPS20B
PMEI11,PMEI11
PYRR,PYRR
AT3G07745,AT3G07745
PME33,PME33
ATPS3,ATPS3
PEX11B,PEX11B
TIP5-1,TIP5-1
ATNOS1,ATNOS1
ATSMC2,ATSMC2
LHCA4,LHCA4
AT3G07765,AT3G07765
CML47,CML47
AT3G47490,AT3G47490
CDF3,CDF3
AT3G47510,AT3G47510
MDH,MDH
PCMP-H76,PCMP-H76
AT3G07775,AT3G07775
AT3G47540,AT3G47540
AT3G47550,AT3G47550
AT3G47560,AT3G47560
AT3G47570,AT3G47570
AT3G47580,AT3G47580
AT3G07785,AT3G07785
AT3G47590,AT3G47590
MYB94,MYB94
AT3G47610,AT3G47610
TCP14,TCP14
AT3G47630,AT3G47630
BHLH47,BHLH47
AT3G47650,AT3G47650
AT3G47660,AT3G47660
AT3G47670,AT3G47670
AT3G07795,AT3G07795
AT3G47675,AT3G47675
AT3G47680,AT3G47680
EB1A,EB1A
MAG2,MAG2
PRE4,PRE4
SRO4,SRO4
ABCA2,ABCA2
AT3G07805,AT3G07805
ABCA3,ABCA3
ABCA4,ABCA4
ABCA5,ABCA5
ABCA6,ABCA6
ABCA7,ABCA7
ABCA8,ABCA8
AT3G47800,AT3G47800
VPS29,VPS29
AT3G07825,AT3G07825
PUB39,PUB39
AT3G47830,AT3G47830
SDH7A,SDH7A
AT3G47836,AT3G47836
PCMP-E43,PCMP-E43
AT3G47850,AT3G47850
CHL,CHL
LBD27,LBD27
AT3G47890,AT3G47890
AT3G47910,AT3G47910
AT3G47920,AT3G47920
GLDH,GLDH
AT3G47940,AT3G47940
AHA4,AHA4
NPF2.10,NPF2.10
AT3G07835,AT3G07835
AT3G07845,AT3G07845
AT3G47965,AT3G47965
AT3G47980,AT3G47980
SIS3,SIS3
ALDH2B4,ALDH2B4
CNGC16,CNGC16
AT3G48020,AT3G48020
ATL48,ATL48
AT3G07855,AT3G07855
ARAC8,ARAC8
AT3G48050,AT3G48050
MIR843A,MIR843A
AT3G48060,AT3G48060
AT3G48070,AT3G48070
EDS1B,EDS1B
EDS1,EDS1
ARR5,ARR5
AT3G07865,AT3G07865
EDD1,EDD1
AT3G48115,AT3G48115
AT3G48120,AT3G48120
AT3G48131,AT3G48131
AT3G48140,AT3G48140
APC8,APC8
E2FE,E2FE
ALDH10A9,ALDH10A9
AT3G48180,AT3G48180
AT3G48185,AT3G48185
AT3G48187,AT3G48187
AT3G07875,AT3G07875
ATM,ATM
AT3G48195,AT3G48195
AT3G07885,AT3G07885
AT3G48200,AT3G48200
MIR861A,MIR861A
AT3G07895,AT3G07895
AT3G48205,AT3G48205
AT3G48208,AT3G48208
AT3G48209,AT3G48209
SPC25,SPC25
AT3G48230,AT3G48230
AT3G07915,AT3G07915
AT3G48240,AT3G48240
AT3G48250,AT3G48250
WNK3,WNK3
CYP71A26,CYP71A26
CYP71A25,CYP71A25
CYP71A24,CYP71A24
CYP71A23,CYP71A23
AT3G48298,AT3G48298
CYP71A22,CYP71A22
CYP71A21,CYP71A21
AT3G07925,AT3G07925
PIMT1,PIMT1
AT3G48275,AT3G48275
CEP2.1,CEP2.1
AT3G48343,AT3G48343
AT3G48344,AT3G48344
AT3G48346,AT3G48346
AT3G07935,AT3G07935
CEP3,CEP3
BT2,BT2
AT3G07945,AT3G07945
AT3G48380,AT3G48380
AT3G48390,AT3G48390
AT3G48410,AT3G48410
AT3G48400,AT3G48400
CBBY,CBBY
APE1L,APE1L
REF6,REF6
AT3G48440,AT3G48440
AT3G48450,AT3G48450
AT3G48460,AT3G48460
EMB2423,EMB2423
AT3G48475,AT3G48475
AT3G48480,AT3G48480
AT3G07955,AT3G07955
AT3G07965,AT3G07965
AT3G48490,AT3G48490
PDE312,PDE312
AT3G07975,AT3G07975
AT3G48510,AT3G48510
AT3G48515,AT3G48515
CYP94B3,CYP94B3
AT3G07985,AT3G07985
KING1,KING1
AT3G48540,AT3G48540
AT3G48550,AT3G48550
ALS,ALS
SEC61G3,SEC61G3
XTH11,XTH11
NFYC1,NFYC1
AT3G48600,AT3G48600
NPC6,NPC6
AT3G48620,AT3G48620
AT3G48630,AT3G48630
AT3G48640,AT3G48640
AT3G48660,AT3G48660
IDN2,IDN2
AT3G48675,AT3G48675
GAMMACAL2,GAMMACAL2
CXE12,CXE12
CXE13,CXE13
AT3G48710,AT3G48710
AT3G48720,AT3G48720
GSA2,GSA2
SWEET11,SWEET11
AT3G48745,AT3G48745
CDKA-1,CDKA-1
PAT05,PAT05
AT3G48770,AT3G48770
AT3G07995,AT3G07995
AT3G08005,AT3G08005
LCB2B,LCB2B
AT3G48790,AT3G48790
AT3G48800,AT3G48800
AT3G48810,AT3G48810
SIA2,SIA2
AT3G48830,AT3G48830
AT3G48835,AT3G48835
AT3G48840,AT3G48840
MPT2,MPT2
SCD2,SCD2
CLPC2,CLPC2
AT3G48880,AT3G48880
MSBP2,MSBP2
GEN2,GEN2
AtMYB45,AtMYB45
RPS11A,RPS11A
AT3G48940,AT3G48940
AT3G48950,AT3G48950
RPL13C,RPL13C
HIPP31,HIPP31
AT3G48980,AT3G48980
AAE3,AAE3
AT3G49000,AT3G49000
RPL13B,RPL13B
AT3G49020,AT3G49020
AT3G49030,AT3G49030
AT3G49040,AT3G49040
AT3G49050,AT3G49050
AT3G49055,AT3G49055
PUB32,PUB32
AT3G49070,AT3G49070
RPS9M,RPS9M
SRP9,SRP9
PER33,PER33
AT3G49115,AT3G49115
PER34,PER34
AT3G49130,AT3G49130
AT3G49140,AT3G49140
PCMP-H77,PCMP-H77
AT3G49150,AT3G49150
AT3G49155,AT3G49155
PKP4,PKP4
EMB2261,EMB2261
RID3,RID3
AT3G08045,AT3G08045
AT3G49190,AT3G49190
AT3G49200,AT3G49200
AT3G49210,AT3G49210
AT3G49220,AT3G49220
AT3G49230,AT3G49230
DMS3,DMS3
EMB1796,EMB1796
iqd21,iqd21
AT3G49270,AT3G49270
ABIL2,ABIL2
AT3G49300,AT3G49300
AT3G49307,AT3G49307
AT3G49310,AT3G49310
AT3G49320,AT3G49320
AT3G49330,AT3G49330
AT3G49340,AT3G49340
AT3G49350,AT3G49350
PGL2.1,PGL2.1
CRK6,CRK6
iqd15,iqd15
CID10,CID10
AT3G49400,AT3G49400
AT3G49410,AT3G49410
AT3G49420,AT3G49420
SR34A,SR34A
AT3G49450,AT3G49450
NACA2,NACA2
AT3G49480,AT3G49480
AT3G49490,AT3G49490
RDR6,RDR6
AT3G49510,AT3G49510
AT3G49520,AT3G49520
NAC062,NAC062
AT3G49540,AT3G49540
AT3G49550,AT3G49550
AT3G49551,AT3G49551
AT3G08065,AT3G08065
HP30-1,HP30-1
LSU3,LSU3
LSU1,LSU1
AT3G49590,AT3G49590
UBP26,UBP26
AT3G49601,AT3G49601
AT3G49610,AT3G49610
DIN11,DIN11
AT3G49630,AT3G49630
AT3G49640,AT3G49640
AT3G49645,AT3G49645
KIN8B,KIN8B
WDR5A,WDR5A
BAM2,BAM2
AT3G49668,AT3G49668
BCAT3,BCAT3
RAX3,RAX3
PCMP-H79,PCMP-H79
AT3G08070,AT3G08070
CGR2,CGR2
AT3G08075,AT3G08075
AT3G49725,AT3G49725
AT3G49730,AT3G49730
PCMP-E84,PCMP-E84
AT3G49744,AT3G49744
AtRLP44,AtRLP44
AtbZIP5,AtbZIP5
AT3G49770,AT3G49770
PSK3,PSK3
AT3G49790,AT3G49790
AT3G49796,AT3G49796
AT3G49800,AT3G49800
PUB30,PUB30
AT3G49820,AT3G49820
AT3G49830,AT3G49830
AT3G49840,AT3G49840
AT3G49845,AT3G49845
TRB3,TRB3
ARL8D,ARL8D
ARL8A,ARL8A
AT3G49880,AT3G49880
AT3G49890,AT3G49890
AT3G49900,AT3G49900
AT3G08085,AT3G08085
RPL26A,RPL26A
VDAC5,VDAC5
AT3G49925,AT3G49925
AT3G49930,AT3G49930
LBD38,LBD38
SCL32,SCL32
PER35,PER35
AT3G49970,AT3G49970
AT3G49980,AT3G49980
AT3G49990,AT3G49990
CKA2,CKA2
AT3G50010,AT3G50010
AT3G50020,AT3G50020
AT3G50030,AT3G50030
AT3G50040,AT3G50040
AT3G50050,AT3G50050
MYB77,MYB77
CYCD3-3,CYCD3-3
FBL16,FBL16
SDN4,SDN4
SDN1,SDN1
PTEN2B,PTEN2B
AT3G50120,AT3G50120
AT3G50123,AT3G50123
AT3G50130,AT3G50130
AT3G50140,AT3G50140
AT3G50150,AT3G50150
AT3G50160,AT3G50160
AT3G50170,AT3G50170
AT3G50180,AT3G50180
AT3G50190,AT3G50190
AT3G08100,AT3G08100
AT3G50200,AT3G50200
AT3G50210,AT3G50210
IRX15,IRX15
AT3G50230,AT3G50230
KIN4B,KIN4B
AT3G50250,AT3G50250
ERF011,ERF011
AT3G50270,AT3G50270
AT3G50280,AT3G50280
AT3G50290,AT3G50290
AT3G50300,AT3G50300
MAPKKK20,MAPKKK20
AT3G50320,AT3G50320
AT3G08105,AT3G08105
HEC2,HEC2
AT3G50340,AT3G50340
AT3G50350,AT3G50350
CML20,CML20
AT3G50370,AT3G50370
AT3G50373,AT3G50373
AT3G50380,AT3G50380
AT3G50390,AT3G50390
AT3G50400,AT3G50400
AT3G08115,AT3G08115
DOF3.4,DOF3.4
PCMP-E85,PCMP-E85
AT3G50430,AT3G50430
MES10,MES10
HR1,HR1
HR2,HR2
HR3,HR3
HR4,HR4
SPK-2-2,SPK-2-2
AT3G50505,AT3G50505
LBD28,LBD28
AT3G50520,AT3G50520
CRK,CRK
AT3G50540,AT3G50540
AT3G50550,AT3G50550
AT3G50560,AT3G50560
AT3G50570,AT3G50570
AT3G50580,AT3G50580
AT3G50590,AT3G50590
CEP9,CEP9
AT3G50620,AT3G50620
AT3G08125,AT3G08125
AT3G08130,AT3G08130
KRP2,KRP2
AT3G50640,AT3G50640
SCL7,SCL7
CYP90B1,CYP90B1
AT3G50665,AT3G50665
RNU1,RNU1
AT3G50685,AT3G50685
AT3G50690,AT3G50690
GAF1,GAF1
AT3G08150,AT3G08150
AT3G50710,AT3G50710
UGT72E1,UGT72E1
BEH1,BEH1
GATL2,GATL2
CML41,CML41
AT3G50780,AT3G50780
AT3G50790,AT3G50790
AT3G50800,AT3G50800
AT3G50808,AT3G50808
AT3G50810,AT3G50810
PSBO2,PSBO2
AT3G08165,AT3G08165
AT3G50825,AT3G50825
COR413PM2,COR413PM2
AT3G50840,AT3G50840
AT3G50835,AT3G50835
AEL1,AEL1
AT3G50850,AT3G50850
AT3G50860,AT3G50860
GATA18,GATA18
AT3G50880,AT3G50880
ZHD7,ZHD7
AT3G50895,AT3G50895
AT3G50900,AT3G50900
AT3G50910,AT3G50910
LPPE1,LPPE1
HSR4,HSR4
AT3G50940,AT3G50940
RPP13L4,RPP13L4
AT3G08170,AT3G08170
PLP3A,PLP3A
XERO2,XERO2
XERO1,XERO1
PER36,PER36
AT3G51000,AT3G51000
AT3G51010,AT3G51010
AT3G51020,AT3G51020
TRX1,TRX1
RTH,RTH
AT3G51050,AT3G51050
SRS1,SRS1
AT3G51075,AT3G51075
AT3G51070,AT3G51070
GATA6,GATA6
AT3G51090,AT3G51090
AT3G51100,AT3G51100
AT3G51110,AT3G51110
AT3G51120,AT3G51120
AT3G51130,AT3G51130
AT3G51140,AT3G51140
KIN7G,KIN7G
MUR1,MUR1
AT3G51171,AT3G51171
AT3G08185,AT3G08185
AT3G51180,AT3G51180
RPL8B,RPL8B
AT3G51200,AT3G51200
SOT2,SOT2
AT3G51220,AT3G51220
AT3G51230,AT3G51230
AT3G51238,AT3G51238
F3H,F3H
AT3G51250,AT3G51250
PAD1,PAD1
AT3G51265,AT3G51265
AT3G51270,AT3G51270
AT3G51280,AT3G51280
AT3G51290,AT3G51290
ARAC11,ARAC11
VPS35C,VPS35C
AT3G51320,AT3G51320
AT3G51325,AT3G51325
AT3G51330,AT3G51330
AT3G51340,AT3G51340
AT3G51350,AT3G51350
AT3G51360,AT3G51360
AT3G51370,AT3G51370
MIR171A,MIR171A
IQD20,IQD20
PAT10,PAT10
AT3G51400,AT3G51400
AT3G08200,AT3G08200
AT3G51410,AT3G51410
SSL4,SSL4
SSL5,SSL5
SSL6,SSL6
SSL7,SSL7
SAC7,SAC7
AT3G51470,AT3G51470
GLR3.6,GLR3.6
TMT3,TMT3
AT3G51500,AT3G51500
AT3G51510,AT3G51510
DGAT2,DGAT2
AT3G51530,AT3G51530
AT3G51540,AT3G51540
FER,FER
AT3G51560,AT3G51560
AT3G51570,AT3G51570
AT3G51580,AT3G51580
LTP12,LTP12
LTP5,LTP5
AT3G51610,AT3G51610
AT3G51620,AT3G51620
WNK5,WNK5
AT3G51640,AT3G51640
AT3G51642,AT3G51642
AT3G51644,AT3G51644
AT3G51650,AT3G51650
AT3G51660,AT3G51660
PATL6,PATL6
SDR2A,SDR2A
AT3G51690,AT3G51690
AT3G51700,AT3G51700
AT3G08205,AT3G08205
AT3G51710,AT3G51710
AT3G51720,AT3G51720
AT3G51730,AT3G51730
IMK2,IMK2
AT3G51750,AT3G51750
AT3G51760,AT3G51760
ETO1,ETO1
BAG4,BAG4
ATG1,ATG1
ATG2.1,ATG2.1
AT3G08210,AT3G08210
EM1,EM1
CHLG,CHLG
SAC8,SAC8
ACX4,ACX4
CPK13,CPK13
CAX3,CAX3
EAAC,EAAC
HMGB1,HMGB1
AT3G51890,AT3G51890
SULTR3;1,SULTR3;1
HSFA7A,HSFA7A
CML9,CML9
AT3G51930,AT3G51930
AT3G51940,AT3G51940
AT3G51950,AT3G51950
ATBZIP24,ATBZIP24
ASAT1,ASAT1
AT3G08215,AT3G08215
AT3G51980,AT3G51980
AT3G51990,AT3G51990
SCPL36,SCPL36
SCPL37,SCPL37
SCPL39,SCPL39
AT3G52030,AT3G52030
AT3G08220,AT3G08220
AT3G52040,AT3G52040
AT3G08225,AT3G08225
AT3G52050,AT3G52050
AT3G52060,AT3G52060
AT3G52072,AT3G52072
AT3G52070,AT3G52070
CHX28,CHX28
NRPB11,NRPB11
AT3G52100,AT3G52100
AT3G52105,AT3G52105
AT3G08230,AT3G08230
AT3G52110,AT3G52110
AT3G08235,AT3G08235
GR1,GR1
AT3G52120,AT3G52120
AT3G08240,AT3G08240
AT3G52130,AT3G52130
AT3G08245,AT3G08245
AT3G52140,AT3G52140
PSRP2,PSRP2
AT3G52155,AT3G52155
KCS15,KCS15
AT3G52170,AT3G52170
DSP4,DSP4
PHF1,PHF1
LTA3,LTA3
AT3G52210,AT3G52210
AT3G52220,AT3G52220
AT3G52230,AT3G52230
AT3G52240,AT3G52240
AT3G52250,AT3G52250
AT3G52260,AT3G52260
AT3G52270,AT3G52270
GTE6,GTE6
AT3G52285,AT3G52285
IQD3,IQD3
ATPQ,ATPQ
AT3G52310,AT3G52310
AT3G52320,AT3G52320
AT3G52330,AT3G52330
SPP2,SPP2
AT3G52345,AT3G52345
AT3G52350,AT3G52350
AT3G52360,AT3G52360
FLA15,FLA15
CP33,CP33
AT3G52390,AT3G52390
SYP122,SYP122
OEP7,OEP7
PAD4,PAD4
AT3G52440,AT3G52440
PUB22,PUB22
AT3G52460,AT3G52460
AT3G52470,AT3G52470
AT3G52480,AT3G52480
AT3G08250,AT3G08250
SMXL3,SMXL3
AT3G08255,AT3G08255
AT3G08260,AT3G08260
AT3G52500,AT3G52500
AT3G52510,AT3G52510
AT3G52520,AT3G52520
OFP6,OFP6
AT3G08265,AT3G08265
AT3G08270,AT3G08270
AT3G52526,AT3G52526
AT3G52530,AT3G52530
AT3G52535,AT3G52535
OFP18,OFP18
AT3G52550,AT3G52550
UEV1D-4,UEV1D-4
AT3G52561,AT3G52561
AT3G52565,AT3G52565
AT3G52570,AT3G52570
RPS14C,RPS14C
RPL40B,RPL40B
CWINV2,CWINV2
AT3G52605,AT3G52605
AT3G52610,AT3G52610
AT3G52620,AT3G52620
RPA3A,RPA3A
AT3G52640,AT3G52640
AT3G52660,AT3G52660
AT3G52680,AT3G52680
AT3G52690,AT3G52690
AT3G52700,AT3G52700
AT3G52710,AT3G52710
ACA1.1,ACA1.1
AT3G08280,AT3G08280
AT3G52730,AT3G52730
AT3G08285,AT3G08285
AT3G08290,AT3G08290
BIC1,BIC1
AT3G52742,AT3G52742
AT3G52748,AT3G52748
FTSZ2-2,FTSZ2-2
AT3G52760,AT3G52760
ZPR3,ZPR3
AT3G08295,AT3G08295
PAP20,PAP20
AT3G52790,AT3G52790
SAP6,SAP6
PAP21,PAP21
PAP22,PAP22
AT3G52830,AT3G52830
BGAL2,BGAL2
VSR1,VSR1
MED28,MED28
AT3G08300,AT3G08300
IQM3,IQM3
ATMDAR1,ATMDAR1
KIPK1,KIPK1
AT3G52900,AT3G52900
AT3G52905,AT3G52905
GRF4,GRF4
AT3G52920,AT3G52920
FBA8,FBA8
FK,FK
AT3G52941,AT3G52941
CBSCBSPB3,CBSCBSPB3
AT3G52955,AT3G52955
PRXIIE,PRXIIE
CYP76G1,CYP76G1
AT3G08310,AT3G08310
AT3G52990,AT3G52990
PP2A15,PP2A15
AT3G53010,AT3G53010
MIR851A,MIR851A
RPL24B,RPL24B
SRPK4,SRPK4
AT3G53040,AT3G53040
AT3G53050,AT3G53050
AT3G53065,AT3G53065
AT3G08325,AT3G08325
AT3G53075,AT3G53075
AT3G53080,AT3G53080
UPL7,UPL7
AT3G53100,AT3G53100
RH38,RH38
VPS37-1,VPS37-1
CYP97C1,CYP97C1
UGT73D1,UGT73D1
AT3G08330,AT3G08330
UGT73C7,UGT73C7
AT3G53170,AT3G53170
AT3G53180,AT3G53180
AT3G53190,AT3G53190
MYB27,MYB27
AT3G53210,AT3G53210
AT3G53220,AT3G53220
CDC48D,CDC48D
RTFL1,RTFL1
AtRLP45,AtRLP45
AT3G53235,AT3G53235
AT3G53250,AT3G53250
PAL2,PAL2
AT3G53270,AT3G53270
CYP71B5,CYP71B5
CYP71B30P,CYP71B30P
AT3G08335,AT3G08335
CYP71B31,CYP71B31
REM20,REM20
AT3G53320,AT3G53320
AT3G53330,AT3G53330
NFYB10,NFYB10
AT3G53342,AT3G53342
RIP4,RIP4
PCMP-E86,PCMP-E86
AT3G53365,AT3G53365
S1FA1,S1FA1
LECRK81,LECRK81
AT3G53390,AT3G53390
AT3G53400,AT3G53400
LUL2,LUL2
PIP2-1,PIP2-1
RPL12B.1,RPL12B.1
AT3G53440,AT3G53440
LOG4,LOG4
AT3G08345,AT3G08345
CP29,CP29
AT3G53470,AT3G53470
ABCG37,ABCG37
AT3G53490,AT3G53490
RS2Z32,RS2Z32
ABCG20,ABCG20
UXS1,UXS1
NAKR3,NAKR3
AT3G08350,AT3G08350
AT3G53540,AT3G53540
AT3G53550,AT3G53550
AT3G53560,AT3G53560
AFC1,AFC1
DAPF,DAPF
AT3G53590,AT3G53590
AT3G08355,AT3G08355
AT3G08360,AT3G08360
AT3G53600,AT3G53600
RABE1A,RABE1A
AT3G53611,AT3G53611
PPA4,PPA4
AT3G53630,AT3G53630
AT3G53640,AT3G53640
AT3G53650,AT3G53650
AT3G53670,AT3G53670
AT3G53680,AT3G53680
AT3G53690,AT3G53690
MEE40,MEE40
AGD6,AGD6
CHX20,CHX20
AT3G53730,AT3G53730
RPL36B,RPL36B
ACT1,ACT1
GCP4,GCP4
LEA37,LEA37
AT3G53775,AT3G53775
RBL4,RBL4
TRFL4,TRFL4
Fes1B,Fes1B
LECRK42,LECRK42
AT3G53820,AT3G53820
AT3G53830,AT3G53830
WAKL15,WAKL15
AT3G53850,AT3G53850
AT3G53860,AT3G53860
RPS3B,RPS3B
AKR4C11,AKR4C11
RPS21B,RPS21B
UPP,UPP
AT3G53910,AT3G53910
SIGC,SIGC
AT3G53930,AT3G53930
AT3G53940,AT3G53940
AT3G53950,AT3G53950
NPF5.7,NPF5.7
AT3G53965,AT3G53965
AT3G53970,AT3G53970
AT3G53980,AT3G53980
AT3G53990,AT3G53990
AT3G54000,AT3G54000
PAS1,PAS1
IPCS1,IPCS1
BSK6,BSK6
AT3G54040,AT3G54040
CFBP1,CFBP1
AT3G54060,AT3G54060
AT3G54065,AT3G54065
AT3G54070,AT3G54070
AT3G54080,AT3G54080
AT3G08365,AT3G08365
AT3G54085,AT3G54085
FLN1,FLN1
AT3G08370,AT3G08370
OFUT28,OFUT28
PUMP1,PUMP1
RTNLB12,RTNLB12
AT3G54130,AT3G54130
NPF8.1,NPF8.1
AT3G54150,AT3G54150
AT3G54160,AT3G54160
FIP37,FIP37
CDKB1-1,CDKB1-1
AT3G54190,AT3G54190
AT3G54200,AT3G54200
RPL17,RPL17
SCR,SCR
SUA,SUA
AT3G54240,AT3G54240
MVD2,MVD2
TBL36,TBL36
SPP3A,SPP3A
AT3G08380,AT3G08380
RGD3,RGD3
AT3G54290,AT3G54290
VAMP727,VAMP727
AT3G54310,AT3G54310
WRI1,WRI1
AP3,AP3
emb1967,emb1967
NCA1,NCA1
AT3G54363,AT3G54363
AT3G54366,AT3G54366
SAC3C,SAC3C
AT3G54390,AT3G54390
AT3G54400,AT3G54400
AT3G54410,AT3G54410
EP3,EP3
SRS6,SRS6
AT3G54440,AT3G54440
AT3G08390,AT3G08390
NPF5.4,NPF5.4
AT3G54460,AT3G54460
PYRE-F,PYRE-F
SKIP5,SKIP5
NRPE5C,NRPE5C
AT3G08400,AT3G08400
AT3G54500,AT3G54500
AT3G08405,AT3G08405
AT3G54510,AT3G54510
AT3G54520,AT3G54520
AT3G54530,AT3G54530
AT3G08410,AT3G08410
ABCF4,ABCF4
AT3G54550,AT3G54550
H2AV,H2AV
AT3G54570,AT3G54570
AT3G54580,AT3G54580
EXT2,EXT2
DJ1F,DJ1F
HAG1,HAG1
BZIP25,BZIP25
AT3G54625,AT3G54625
NDC80,NDC80
TSA1.1,TSA1.1
FBL17,FBL17
EMB2360,EMB2360
SMC1,SMC1
AT3G54680,AT3G54680
SETH3,SETH3
PHT1-7,PHT1-7
CDT1B,CDT1B
AMP1,AMP1
AT3G54730,AT3G54730
AT3G54740,AT3G54740
AT3G54750,AT3G54750
AT3G54760,AT3G54760
ARP1.1,ARP1.1
AT3G08420,AT3G08420
AT3G54780,AT3G54780
PUB3,PUB3
AT3G08425,AT3G08425
AT3G54800,AT3G54800
GATA8,GATA8
PIP2-5,PIP2-5
AT3G54826,AT3G54826
AT3G54830,AT3G54830
AT3G08435,AT3G08435
RABF1,RABF1
PUB14,PUB14
ATVPS33,ATVPS33
KINUC,KINUC
AT3G54880,AT3G54880
LHCA1,LHCA1
GRXS14,GRXS14
AT3G54910,AT3G54910
PMR6,PMR6
AT3G54925,AT3G54925
B'EPSILON,B'EPSILON
RD19D,RD19D
PLP7,PLP7
PDIL1-3,PDIL1-3
AT3G54970,AT3G54970
AT3G54980,AT3G54980
SMZ,SMZ
TON1A,TON1A
TON1B,TON1B
PUR5,PUR5
AT3G55020,AT3G55020
PGPS2,PGPS2
GSTL2,GSTL2
PP2C6,PP2C6
AT3G55060,AT3G55060
MAEA,MAEA
AT3G55080,AT3G55080
ABCG16,ABCG16
ABCG17,ABCG17
ABCG18,ABCG18
CHI1,CHI1
ABCG19,ABCG19
AT3G55140,AT3G55140
ATEXO70H1,ATEXO70H1
AT3G08450,AT3G08450
AT3G55160,AT3G55160
RPL35C,RPL35C
AT3G55180,AT3G55180
SAP130A,SAP130A
anac063,anac063
SAP130A.1,SAP130A.1
DIR24,DIR24
AT3G55240,AT3G55240
AT3G08455,AT3G08455
AT3G08460,AT3G08460
AT3G08465,AT3G08465
PSA3,PSA3
AT3G55252,AT3G55252
AT3G55254,AT3G55254
HEXO1,HEXO1
MKP1,MKP1
RPL23AB,RPL23AB
AT3G55290,AT3G55290
AT3G55310,AT3G55310
AT3G08470,AT3G08470
ABCB20,ABCB20
AT3G08475,AT3G08475
PPL1,PPL1
PHIP1,PHIP1
AT3G55350,AT3G55350
ECR,ECR
OBP3,OBP3
UBC14,UBC14
AT3G08480,AT3G08480
AT3G55390,AT3G55390
OVA1,OVA1
AT3G55410,AT3G55410
AT3G55420,AT3G55420
AT3G55430,AT3G55430
CTIMC,CTIMC
PBL1,PBL1
SCL30.1,SCL30.1
AT3G55470,AT3G55470
PAT2,PAT2
AT3G55485,AT3G55485
AT3G55490,AT3G55490
EXPA16,EXPA16
RBL.1,RBL.1
AT3G08495,AT3G08495
MIR172D,MIR172D
DVL8,DVL8
FKBP20-1,FKBP20-1
AT3G08515,AT3G08515
SDIR1,SDIR1
AT3G08525,AT3G08525
AT3G55540,AT3G55540
LECRKS4,LECRKS4
AHL15,AHL15
AT3G55566,AT3G55566
AT3G55580,AT3G55580
AT3G55590,AT3G55590
AT3G08545,AT3G08545
AT3G55600,AT3G55600
AT3G55605,AT3G55605
P5CSB,P5CSB
EIF6-2,EIF6-2
FPGS3,FPGS3
AT3G55640,AT3G55640
AT3G55646,AT3G55646
AT3G55650,AT3G55650
ROPGEF6,ROPGEF6
AT3G55665,AT3G55665
AT3G55670,AT3G55670
AT3G55672,AT3G55672
AT3G55677,AT3G55677
AT3G55690,AT3G55690
UGT76F1,UGT76F1
UGT76F2,UGT76F2
AT3G55720,AT3G55720
MYB109,MYB109
AT3G08585,AT3G08585
MIR393B,MIR393B
AT3G08595,AT3G08595
AT3G55735,AT3G55735
PROT2,PROT2
RPL35AD,RPL35AD
AT3G55760,AT3G55760
AT3G55770,AT3G55770
AT3G55780,AT3G55780
AT3G55790,AT3G55790
AT3G55795,AT3G55795
SBPASE,SBPASE
AT3G55810,AT3G55810
AT3G55820,AT3G55820
EPC1,EPC1
HSPRO1,HSPRO1
LAF3,LAF3
AT3G55860,AT3G55860
AT3G55870,AT3G55870
SUE4,SUE4
AT3G08605,AT3G08605
AT3G08615,AT3G08615
AT3G55890,AT3G55890
AT3G55900,AT3G55900
AT3G55910,AT3G55910
CYP21-2,CYP21-2
AT3G55930,AT3G55930
AT3G55935,AT3G55935
PLC7,PLC7
CCR3,CCR3
AT3G55960,AT3G55960
JRG21,JRG21
SZF1,SZF1
ESK1,ESK1
CSLA14,CSLA14
AT3G56010,AT3G56010
RPL41G.3,RPL41G.3
AT3G56030,AT3G56030
UGP3,UGP3
AT3G08635,AT3G08635
AT3G56050,AT3G56050
AT3G56060,AT3G56060
CYP19-3,CYP19-3
AT3G56080,AT3G56080
FER3,FER3
MRLK,MRLK
PRA1B1,PRA1B1
AT3G56120,AT3G56120
AT3G56130,AT3G56130
RER6,RER6
TIF3C1,TIF3C1
BASS4,BASS4
CAN1,CAN1
AT3G56180,AT3G56180
ASNAP2,ASNAP2
AVT6C,AVT6C
AT3G56210,AT3G56210
AT3G56220,AT3G56220
AT3G56230,AT3G56230
CCH,CCH
AT3G56250,AT3G56250
AT3G56260,AT3G56260
AT3G56270,AT3G56270
AT3G56290,AT3G56290
AT3G56300,AT3G56300
AGAL3,AGAL3
AT3G08645,AT3G08645
AT3G56320,AT3G56320
AT3G56330,AT3G56330
RPS26C,RPS26C
MSD2,MSD2
AT3G56360,AT3G56360
IRK,IRK
ARR17,ARR17
AT3G56390,AT3G56390
WRKY70,WRKY70
AT3G56408,AT3G56408
AT3G56410,AT3G56410
AT3G56420,AT3G56420
AT3G56430,AT3G56430
ATG18D,ATG18D
ASNAP1,ASNAP1
AT3G08655,AT3G08655
AT3G56460,AT3G56460
AT3G08665,AT3G08665
AT3G56470,AT3G56470
AT3G08675,AT3G08675
SCAB3,SCAB3
AT3G08685,AT3G08685
HINT1,HINT1
AT3G56500,AT3G56500
AT3G56510,AT3G56510
anac064,anac064
SCPL53,SCPL53
PCMP-H80,PCMP-H80
anac065,anac065
AT3G56570,AT3G56570
RZF1,RZF1
AT3G56590,AT3G56590
AT3G56600,AT3G56600
AT3G56610,AT3G56610
AT3G56620,AT3G56620
CYP94D2,CYP94D2
SEC15A,SEC15A
PPD6,PPD6
BZIP49,BZIP49
AT3G56670,AT3G56670
AT3G56680,AT3G56680
CIP111,CIP111
FAR6,FAR6
U2.6,U2.6
SIB1,SIB1
AT3G56720,AT3G56720
AT3G56730,AT3G56730
RBL20,RBL20
AT3G08695,AT3G08695
AT3G56750,AT3G56750
AT3G08705,AT3G08705
CRK7,CRK7
AT3G08725,AT3G08725
BHLH107,BHLH107
AT3G56780,AT3G56780
AT3G56790,AT3G56790
CAM5,CAM5
AT3G56810,AT3G56810
AT3G56820,AT3G56820
U2.4,U2.4
AT3G56830,AT3G56830
AT3G56840,AT3G56840
DPBF3,DPBF3
UBA2A,UBA2A
AT3G56870,AT3G56870
AT3G08735,AT3G08735
AT3G08745,AT3G08745
AT3G08755,AT3G08755
AT3G56880,AT3G56880
AT3G08765,AT3G08765
AT3G08775,AT3G08775
AT3G56890,AT3G56890
HIPP45,HIPP45
AAAS,AAAS
PSRP5,PSRP5
AT3G08785,AT3G08785
PAT01,PAT01
PAT04,PAT04
CRD1,CRD1
AT3G08795,AT3G08795
SIP2;1,SIP2;1
AT3G08805,AT3G08805
PIP5K4,PIP5K4
ORG2,ORG2
ORG3,ORG3
EDA7,EDA7
AT3G57000,AT3G57000
SSL8,SSL8
SSL9,SSL9
SSL10,SSL10
AT3G08815,AT3G08815
ARR9,ARR9
AT3G08825,AT3G08825
CBL,CBL
AT3G57060,AT3G57060
AT3G57062,AT3G57062
AT3G08835,AT3G08835
AT3G57070,AT3G57070
AT3G57072,AT3G57072
NRPE5A,NRPE5A
FIS1A,FIS1A
AT3G08845,AT3G08845
AT3G08855,AT3G08855
AT3G57100,AT3G57100
AT3G57110,AT3G57110
AT3G57120,AT3G57120
NPR6,NPR6
SDP1L,SDP1L
CBF5,CBF5
AT3G57157,AT3G57157
AT3G57160,AT3G57160
AT3G57170,AT3G57170
BPG2,BPG2
PRFB3,PRFB3
AT3G57200,AT3G57200
AT3G57210,AT3G57210
AT3G57220,AT3G57220
AGL16,AGL16
BG3,BG3
AT3G57250,AT3G57250
BGL2,BGL2
BG1,BG1
FAX1,FAX1
TIF3E1,TIF3E1
INO80,INO80
AT3G57310,AT3G57310
AT3G57320,AT3G57320
ACA11,ACA11
AT3G57340,AT3G57340
AT3G08895,AT3G08895
NUP93B,NUP93B
AT3G57360,AT3G57360
AT3G57370,AT3G57370
AT3G57380,AT3G57380
AGL18,AGL18
AT3G08905,AT3G08905
AT3G57400,AT3G57400
AT3G08915,AT3G08915
AT3G08925,AT3G08925
VLN3,VLN3
STL2,STL2
PCMP-H81,PCMP-H81
AT3G57440,AT3G57440
AT3G57450,AT3G57450
AT3G57460,AT3G57460
AT3G08935,AT3G08935
AT3G57465,AT3G57465
AT3G57470,AT3G57470
SAP13,SAP13
RPS2D,RPS2D
AT3G57500,AT3G57500
RFS2,RFS2
CPK32,CPK32
REM4.1,REM4.1
AGK2,AGK2
NAGK,NAGK
AT3G57570,AT3G57570
AT3G57580,AT3G57580
AT3G57587,AT3G57587
AT3G57590,AT3G57590
DREB2F,DREB2F
PURA,PURA
AT3G57620,AT3G57620
AT3G57630,AT3G57630
AT3G57640,AT3G57640
U2.2,U2.2
LPAT2,LPAT2
NRPA1,NRPA1
AT3G08945,AT3G08945
WIP2.1,WIP2.1
CTPA3,CTPA3
AGP23,AGP23
AT3G57710,AT3G57710
AT3G57700,AT3G57700
AT3G08975,AT3G08975
AT3G57720,AT3G57720
AT3G57730,AT3G57730
AT3G57740,AT3G57740
ZED1,ZED1
AT3G57760,AT3G57760
U2.3,U2.3
AT3G57770,AT3G57770
AT3G57780,AT3G57780
AT3G08985,AT3G08985
AT3G57785,AT3G57785
AT3G57787,AT3G57787
AT3G57790,AT3G57790
BHLH60,BHLH60
AT3G09005,AT3G09005
AT3G57810,AT3G57810
AT3G57830,AT3G57830
AT3G57840,AT3G57840
GIG1,GIG1
SCE1,SCE1
AT3G57880,AT3G57880
AT3G57890,AT3G57890
AT3G57900,AT3G57900
AT3G57910,AT3G57910
SPL15,SPL15
AT3G57930,AT3G57930
AT3G57940,AT3G57940
AT3G57950,AT3G57950
AT3G57960,AT3G57960
AT3G57965,AT3G57965
AT3G57970,AT3G57970
AT3G57980,AT3G57980
AT3G57990,AT3G57990
AT3G09025,AT3G09025
VQ25,VQ25
PAP9,PAP9
AT3G58020,AT3G58020
AT3G58030,AT3G58030
AT3G58035,AT3G58035
SINAT2,SINAT2
AT3G58050,AT3G58050
MTPC3,MTPC3
AT3G09045,AT3G09045
AT3G09065,AT3G09065
GIS,GIS
DIR17,DIR17
AT3G09075,AT3G09075
PDCB5,PDCB5
AT3G58110,AT3G58110
BZIP61,BZIP61
AT3G09095,AT3G09095
AT3G58130,AT3G58130
AT3G58140,AT3G58140
AT3G58150,AT3G58150
XI-J,XI-J
AT3G58165,AT3G58165
BET11,BET11
AT3G58180,AT3G58180
LBD29,LBD29
AT3G09105,AT3G09105
AT3G58193,AT3G58193
AT3G58200,AT3G58200
AT3G58210,AT3G58210
AT3G58220,AT3G58220
AT3G58230,AT3G58230
AT3G58240,AT3G58240
AT3G58250,AT3G58250
AT3G58260,AT3G58260
AT3G58270,AT3G58270
AT3G58280,AT3G58280
AT3G58290,AT3G58290
CRRSP61,CRRSP61
AT3G58320,AT3G58320
AT3G58330,AT3G58330
AT3G09115,AT3G09115
RTM3,RTM3
AT3G58360,AT3G58360
AT3G58380,AT3G58380
PEL2,PEL2
AT3G58400,AT3G58400
AT3G58420,AT3G58420
AT3G58430,AT3G58430
AT3G58440,AT3G58440
AT3G58450,AT3G58450
ATRBL15,ATRBL15
AT3G58470,AT3G58470
IQM6,IQM6
LPPD,LPPD
PP2A4.1,PP2A4.1
RH11,RH11
AT3G58520,AT3G58520
AT3G58530,AT3G58530
AT3G58540,AT3G58540
AT3G09135,AT3G09135
AT3G58550,AT3G58550
CCR4-1,CCR4-1
RH52,RH52
CCR4-2,CCR4-2
AT3G58585,AT3G58585
AT3G58590,AT3G58590
AT3G58600,AT3G58600
AT3G58610,AT3G58610
TTL4,TTL4
AT3G58630,AT3G58630
AT3G58640,AT3G58640
AT3G58650,AT3G58650
AT3G58660,AT3G58660
PCO5,PCO5
MBF1B,MBF1B
AT3G58690,AT3G58690
RPL11C.1,RPL11C.1
WRKY69,WRKY69
AT3G09145,AT3G09145
AT3G58720,AT3G58720
VHA-D,VHA-D
CSY1,CSY1
CSY2,CSY2
AT3G58760,AT3G58760
AT3G58770,AT3G58770
SHP1,SHP1
AT3G09155,AT3G09155
GAUT15,GAUT15
AT3G58795,AT3G58795
AT3G58800,AT3G58800
MTPA2,MTPA2
AT3G58820,AT3G58820
AT3G58830,AT3G58830
PMD1,PMD1
PAR2,PAR2
AT3G58860,AT3G58860
AT3G58875,AT3G58875
AT3G58900,AT3G58900
AT3G58910,AT3G58910
AT3G58920,AT3G58920
AT3G58930,AT3G58930
AT3G58940,AT3G58940
AT3G58950,AT3G58950
AT3G58960,AT3G58960
MRS2-4,MRS2-4
AT3G58980,AT3G58980
IPMI1,IPMI1
AT3G59000,AT3G59000
PME35,PME35
AT3G59020,AT3G59020
DTX41,DTX41
AT3G59040,AT3G59040
AT3G09175,AT3G09175
PAO3,PAO3
PIF5,PIF5
AT3G09185,AT3G09185
AT3G59068,AT3G59068
AT3G59070,AT3G59070
AT3G59080,AT3G59080
AT3G59090,AT3G59090
CALS6,CALS6
AT3G59110,AT3G59110
AT3G59120,AT3G59120
AT3G59130,AT3G59130
ABCC10,ABCC10
AT3G59150,AT3G59150
AT3G59160,AT3G59160
AT3G59180,AT3G59180
AT3G09195,AT3G09195
AT3G59190,AT3G59190
AT3G59200,AT3G59200
AT3G59210,AT3G59210
PRN1,PRN1
AT3G59230,AT3G59230
AT3G59245,AT3G59245
AT3G59250,AT3G59250
AT3G59260,AT3G59260
AT3G59270,AT3G59270
PAM16L2,PAM16L2
EPSIN3,EPSIN3
AT3G59295,AT3G59295
AT3G59300,AT3G59300
AT3G59310,AT3G59310
AT3G59320,AT3G59320
AT3G59330,AT3G59330
AT3G59340,AT3G59340
AT3G59350,AT3G59350
UTR6,UTR6
AT3G59370,AT3G59370
FTA,FTA
AT3G59390,AT3G59390
GUN4,GUN4
GCN2,GCN2
AT3G59415,AT3G59415
ACR4.1,ACR4.1
AT3G59430,AT3G59430
AT3G59435,AT3G59435
CML4,CML4
CML1,CML1
AT3G59460,AT3G59460
AT3G59470,AT3G59470
AT3G59480,AT3G59480
AT3G59490,AT3G59490
AT3G59500,AT3G59500
AT3G59510,AT3G59510
RBL13,RBL13
SSL13,SSL13
RPL38A,RPL38A
SYN3,SYN3
AT3G59570,AT3G59570
NLP9,NLP9
JAL37,JAL37
NRPB8B,NRPB8B
JAL38,JAL38
JAL39,JAL39
AT3G59630,AT3G59630
AT3G59640,AT3G59640
AT3G59650,AT3G59650
BAGP1,BAGP1
AT3G59670,AT3G59670
AT3G59680,AT3G59680
IQD13,IQD13
AT3G59695,AT3G59695
LECRK55,LECRK55
AT3G59710,AT3G59710
AT3G09245,AT3G09245
LECRK56,LECRK56
LECRK57,LECRK57
LECRK58,LECRK58
OASC,OASC
AT3G59765,AT3G59765
SAC9,SAC9
AT3G59780,AT3G59780
MPK10,MPK10
AT3G59800,AT3G59800
LSM6A,LSM6A
AT3G59820,AT3G59820
AT3G59830,AT3G59830
AT3G59840,AT3G59840
AT3G59845,AT3G59845
AT3G59850,AT3G59850
AT3G59870,AT3G59870
AT3G59880,AT3G59880
MIR827A,MIR827A
DAPB2,DAPB2
ARGOS,ARGOS
SKIP35,SKIP35
GDI2,GDI2
AT3G59923,AT3G59923
AT3G59926,AT3G59926
AT3G59930,AT3G59930
AT3G09265,AT3G09265
SKIP20,SKIP20
AT3G09275,AT3G09275
ATG4B,ATG4B
AT3G09295,AT3G09295
ASHH4,ASHH4
MTHFR1,MTHFR1
AT3G09305,AT3G09305
AT3G59980,AT3G59980
MAP2B,MAP2B
QWRF6,QWRF6
ASK13,ASK13
ASK5.1,ASK5.1
SPL12,SPL12
AT3G09315,AT3G09315
AT3G09325,AT3G09325
AT3G09335,AT3G09335
AT3G09345,AT3G09345
AT3G60040,AT3G60040
AT3G60050,AT3G60050
AT3G60060,AT3G60060
AT3G60070,AT3G60070
AT3G60075,AT3G60075
AT3G60080,AT3G60080
AT3G60090,AT3G60090
CSY5,CSY5
AT3G09355,AT3G09355
AT3G60110,AT3G60110
BGLU27,BGLU27
BGLU16,BGLU16
BGLU30,BGLU30
AT3G60150,AT3G60150
ABCC9,ABCC9
AT3G60176,AT3G60176
UMK1,UMK1
DRP1E,DRP1E
AT3G60200,AT3G60200
CPN10-1,CPN10-1
ATL4,ATL4
AT3G60238,AT3G60238
EIF4G,EIF4G
RPL37AC,RPL37AC
CKB3,CKB3
AT3G60260,AT3G60260
AT3G60270,AT3G60270
UCC3,UCC3
AT3G60286,AT3G60286
AT3G60290,AT3G60290
AT3G60300,AT3G60300
AT3G60310,AT3G60310
NRG2,NRG2
AT3G60328,AT3G60328
AHA7,AHA7
AT3G60340,AT3G60340
ARABIDILLO-2,ARABIDILLO-2
EDA14,EDA14
AT3G60370,AT3G60370
AT3G60380,AT3G60380
HAT3,HAT3
AT3G09365,AT3G09365
MTERF18,MTERF18
AT3G60410,AT3G60410
AT3G60415,AT3G60415
AT3G60420,AT3G60420
AT3G60440,AT3G60440
AT3G09395,AT3G09395
AT3G60450,AT3G60450
DUO1,DUO1
AT3G60470,AT3G60470
AT3G60480,AT3G60480
ERF035,ERF035
RRP45B,RRP45B
AT3G60510,AT3G60510
AT3G60520,AT3G60520
AT3G09415,AT3G09415
AT3G09435,AT3G09435
AT3G09425,AT3G09425
AT3G09445,AT3G09445
GATA4,GATA4
AT3G60540,AT3G60540
AT3G09465,AT3G09465
CYCU2-2,CYCU2-2
ZAT9,ZAT9
AT3G60590,AT3G60590
PVA11,PVA11
CDS5,CDS5
AT3G09485,AT3G09485
SCL22,SCL22
ATG8G,ATG8G
AT3G60650,AT3G60650
AT3G60660,AT3G60660
AT3G60670,AT3G60670
AT3G60680,AT3G60680
AT3G60690,AT3G60690
AT3G60700,AT3G60700
AT3G60710,AT3G60710
PDLP8,PDLP8
PME36,PME36
TFCD,TFCD
TKL-1,TKL-1
AT3G60760,AT3G60760
RPS13A,RPS13A
AT3G60780,AT3G60780
AT3G60790,AT3G60790
PAT14,PAT14
AT3G60805,AT3G60805
AT3G60810,AT3G60810
PBF1,PBF1
ARP7,ARP7
MAP65-4,MAP65-4
AT3G60850,AT3G60850
BIG2,BIG2
AHL18,AHL18
DHDPS1,DHDPS1
ZPR2,ZPR2
FLA10,FLA10
AT3G60910,AT3G60910
AT3G09495,AT3G09495
AT3G60920,AT3G60920
AT3G60940,AT3G60940
AT3G60950,AT3G60950
AT3G60960,AT3G60960
AT3G09515,AT3G09515
AT3G60961,AT3G60961
AT3G60966,AT3G60966
AT3G09525,AT3G09525
AT3G09545,AT3G09545
ABCC15,ABCC15
AT3G60972,AT3G60972
AT3G09555,AT3G09555
AT3G60975,AT3G60975
AT3G60980,AT3G60980
AT3G60990,AT3G60990
AT3G61010,AT3G61010
AT3G61028,AT3G61028
AT3G61035,AT3G61035
CYP76C7,CYP76C7
NTMC2TYPE4,NTMC2TYPE4
AtPP2-A13,AtPP2-A13
PEX11E,PEX11E
AT3G61080,AT3G61080
AT3G61090,AT3G61090
AT3G61100,AT3G61100
RPS27B,RPS27B
AT3G61111,AT3G61111
URM1-2,URM1-2
AT3G09565,AT3G09565
AT3G61117,AT3G61117
AT3G61118,AT3G61118
AGL13,AGL13
GAUT1,GAUT1
CSN1,CSN1
HDG1,HDG1
AT3G61160,AT3G61160
AT3G61170,AT3G61170
LCR8,LCR8
LCR52,LCR52
AT3G61180,AT3G61180
LCR54,LCR54
BAP1,BAP1
AT3G61198,AT3G61198
AT3G61200,AT3G61200
AT3G61210,AT3G61210
AT3G61220,AT3G61220
PLIM2C,PLIM2C
AT3G09575,AT3G09575
RH12,RH12
AtMYB17,AtMYB17
AT3G61260,AT3G61260
AT3G61270,AT3G61270
AT3G61280,AT3G61280
AT3G61290,AT3G61290
AT3G61300,AT3G61300
AHL11,AHL11
AT3G61320,AT3G61320
AT3G61340,AT3G61340
SKIP4,SKIP4
AT3G09625,AT3G09625
AT3G61360,AT3G61360
AT3G09635,AT3G09635
AT3G61370,AT3G61370
AT3G09645,AT3G09645
AT3G61380,AT3G61380
AT3G09655,AT3G09655
PUB36,PUB36
AT3G61400,AT3G61400
AT3G61410,AT3G61410
ASK21,ASK21
TFB1-3,TFB1-3
PIP1-1,PIP1-1
CYSC1,CYSC1
SYP73,SYP73
BRH1,BRH1
LHCA2,LHCA2
AT3G61480,AT3G61480
AT3G61490,AT3G61490
AT3G61500,AT3G61500
ACS1,ACS1
AT3G61520,AT3G61520
KPHMT2,KPHMT2
AT3G61540,AT3G61540
AT3G61545,AT3G61545
ATL68,ATL68
RTNLB6,RTNLB6
GC3,GC3
AT3G61571,AT3G61571
SLD1,SLD1
HWS,HWS
POB1,POB1
AT3G61610,AT3G61610
RRP41,RRP41
CRF6,CRF6
AT3G09665,AT3G09665
AT3G09675,AT3G09675
AGP20,AGP20
TUBG1,TUBG1
AT3G09685,AT3G09685
AT3G61660,AT3G61660
AT3G61670,AT3G61670
PLIP1,PLIP1
AT3G61690,AT3G61690
AT3G09695,AT3G09695
AT3G61700,AT3G61700
ATG6,ATG6
AT3G61715,AT3G61715
AT3G61720,AT3G61720
AT3G09705,AT3G09705
RMF,RMF
ATX3,ATX3
AT3G61750,AT3G61750
AT3G61755,AT3G61755
DRP1B,DRP1B
AT3G61770,AT3G61770
emb1703,emb1703
SINAT3,SINAT3
AT3G61800,AT3G61800
AT3G61810,AT3G61810
AT3G61820,AT3G61820
AT3G61825,AT3G61825
AT3G61826,AT3G61826
AT3G61829,AT3G61829
ARF18,ARF18
AT3G61840,AT3G61840
DAG1,DAG1
RS31,RS31
AT3G61870,AT3G61870
CYP78A9,CYP78A9
ATHB-12,ATHB-12
MIR166B,MIR166B
AT3G61898,AT3G61898
AT3G61900,AT3G61900
NAC066,NAC066
AT3G61920,AT3G61920
AT3G61930,AT3G61930
MTPA1,MTPA1
BHLH67,BHLH67
ATG1A,ATG1A
AT3G61962,AT3G61962
NGA2,NGA2
AT3G61980,AT3G61980
OMTF3,OMTF3
AT3G62000,AT3G62000
AT3G62010,AT3G62010
GLP10,GLP10
ROC4,ROC4
AT3G62040,AT3G62040
AT3G62050,AT3G62050
AT3G62060,AT3G62060
AT3G62070,AT3G62070
AT3G62080,AT3G62080
AT3G09725,AT3G09725
PIF6,PIF6
AT3G09745,AT3G09745
IAA30,IAA30
AT3G62110,AT3G62110
AT3G62120,AT3G62120
LCD,LCD
AT3G62140,AT3G62140
ABCB21,ABCB21
AT3G62160,AT3G62160
VGDH2,VGDH2
AT3G62180,AT3G62180
AT3G62190,AT3G62190
AT3G62200,AT3G62200
AT3G09755,AT3G09755
EDA32,EDA32
AT3G62220,AT3G62220
AT3G62230,AT3G62230
AT3G62240,AT3G62240
AT3G62245,AT3G62245
RPS27AC,RPS27AC
AT3G62260,AT3G62260
BOR2,BOR2
AT3G62280,AT3G62280
AT3G62285,AT3G62285
ARFA1E,ARFA1E
DUF7,DUF7
AT3G62310,AT3G62310
AT3G62320,AT3G62320
AT3G62330,AT3G62330
AT3G09765,AT3G09765
WRKY68,WRKY68
AT3G62350,AT3G62350
AT3G62360,AT3G62360
AT3G62370,AT3G62370
AT3G62380,AT3G62380
TBL6,TBL6
AT3G62400,AT3G62400
CP12-2,CP12-2
BZIP53,BZIP53
AT3G62430,AT3G62430
AT3G62440,AT3G62440
AT3G62450,AT3G62450
AT3G62460,AT3G62460
AT3G62470,AT3G62470
AT3G09775,AT3G09775
AT3G62499,AT3G62499
AT3G62500,AT3G62500
AT3G62510,AT3G62510
AT3G09785,AT3G09785
AT3G62528,AT3G62528
AT3G62530,AT3G62530
AT3G62540,AT3G62540
AT3G62550,AT3G62550
AT3G62560,AT3G62560
AT3G62570,AT3G62570
AT3G62580,AT3G62580
AT3G09795,AT3G09795
PLIP3,PLIP3
AT3G09815,AT3G09815
ERDJ3B,ERDJ3B
MYB11,MYB11
AT3G62615,AT3G62615
AT3G09835,AT3G09835
AT3G09845,AT3G09845
AT3G62620,AT3G62620
AT3G62630,AT3G62630
AT3G62640,AT3G62640
AT3G62650,AT3G62650
GATL7,GATL7
ARR20,ARR20
AT3G09855,AT3G09855
PRP3,PRP3
ATL5.1,ATL5.1
AT3G62695,AT3G62695
ABCC14,ABCC14
AT3G62710,AT3G62710
XXT1,XXT1
AT3G62730,AT3G62730
AT3G62735,AT3G62735
BGLU7,BGLU7
BGLU8,BGLU8
GSTF13,GSTF13
ATG18A,ATG18A
AT3G62780,AT3G62780
AT3G62790,AT3G62790
DBR4,DBR4
AT3G62810,AT3G62810
AT3G62820,AT3G62820
UXS2,UXS2
AT3G09875,AT3G09875
AT3G62840,AT3G62840
AT3G62850,AT3G62850
AT3G62860,AT3G62860
RPL7AB,RPL7AB
OEP164,OEP164
PCMP-H82,PCMP-H82
AT3G62900,AT3G62900
APG3,APG3
AT3G62920,AT3G62920
GRXS6,GRXS6
AT3G62940,AT3G62940
GRXC11,GRXC11
GRXC14,GRXC14
AT3G62970,AT3G62970
TIR1,TIR1
AT3G62990,AT3G62990
NPL41,NPL41
AT3G63003,AT3G63003
GID1B,GID1B
AT3G63020,AT3G63020
MBD4,MBD4
AT3G63040,AT3G63040
AT3G63050,AT3G63050
AT3G63052,AT3G63052
EDL3,EDL3
HULK3,HULK3
GPX5,GPX5
RTFL14,RTFL14
AT3G63090,AT3G63090
AT3G63093,AT3G63093
AT3G63095,AT3G63095
IPT3,IPT3
CYCU3-1,CYCU3-1
RANGAP1,RANGAP1
AT3G09895,AT3G09895
CSP41A,CSP41A
AT3G09905,AT3G09905
MIRO2,MIRO2
AT3G63160,AT3G63160
FAP1,FAP1
ATTKL,ATTKL
RRF,RRF
PLP9,PLP9
AT3G09935,AT3G09935
MARD1,MARD1
AT3G63215,AT3G63215
SKIP30,SKIP30
AT3G63230,AT3G63230
IP5P4,IP5P4
AT3G09945,AT3G09945
HMT-2,HMT-2
AT3G63255,AT3G63255
ATMRK1,ATMRK1
ALP1,ALP1
ATNEK4,ATNEK4
AT3G63290,AT3G63290
VAB,VAB
BIL4,BIL4
AT3G63320,AT3G63320
AT3G63340,AT3G63340
HSFA7B,HSFA7B
AT3G63360,AT3G63360
PCMP-H83,PCMP-H83
MIR167B,MIR167B
ACA12,ACA12
AT3G63390,AT3G63390
CYP63,CYP63
AT3G09955,AT3G09955
VTE3,VTE3
AGG1,AGG1
AT3G63430,AT3G63430
AT3G63445,AT3G63445
CKX6,CKX6
AT3G63450,AT3G63450
SEC31B,SEC31B
SCPL40,SCPL40
AT3G09965,AT3G09965
AT3G63480,AT3G63480
RPL1,RPL1
AT3G09985,AT3G09985
OBE4,OBE4
AT3G09995,AT3G09995
AT3G63510,AT3G63510
CCD1,CCD1
BB,BB
AT3G63540,AT3G63540
AT2G01008,AT2G01008
AT2G03855,AT2G03855
AT2G01010,AT2G01010
AT2G01020,AT2G01020
AT2G01021,AT2G01021
AT2G01023,AT2G01023
AT2G01035,AT2G01035
AT2G01045,AT2G01045
AT2G01050,AT2G01050
AT2G03885,AT2G03885
PHL7,PHL7
AT2G01070,AT2G01070
AT2G01080,AT2G01080
AT2G01090,AT2G01090
AT2G01100,AT2G01100
TATC,TATC
AT2G03895,AT2G03895
ORC4,ORC4
AT2G01130,AT2G01130
FBA3,FBA3
RHA2B,RHA2B
BAT1,BAT1
AT2G01175,AT2G01175
ATPAP1,ATPAP1
AT2G01190,AT2G01190
IAA32,IAA32
ZAR1,ZAR1
AT2G03905,AT2G03905
AT2G01220,AT2G01220
RPL7B,RPL7B
AT2G01260,AT2G01260
QSOX2,QSOX2
AT2G01275,AT2G01275
MEE65,MEE65
AT2G03925,AT2G03925
RPI2,RPI2
AT2G01300,AT2G01300
AT2G01310,AT2G01310
AT2G01320,AT2G01320
AIP1-1,AIP1-1
At17.1,At17.1
QPT,QPT
AT2G01360,AT2G01360
AT2G01370,AT2G01370
AT2G01379,AT2G01379
AT2G03945,AT2G03945
AT2G01390,AT2G01390
AT2G01400,AT2G01400
AT2G01410,AT2G01410
AT2G03975,AT2G03975
AT2G03985,AT2G03985
PIN4,PIN4
AT2G01422,AT2G01422
ATHB-17,ATHB-17
RECG,RECG
AT2G03995,AT2G03995
MPK17,MPK17
AT2G01460,AT2G01460
STL2P,STL2P
ESMD1,ESMD1
PAHX,PAHX
WOX6,WOX6
CLE16,CLE16
PCMP-H37,PCMP-H37
MLP328,MLP328
AT2G04005,AT2G04005
MLP329,MLP329
CAR10,CAR10
AT2G01554,AT2G01554
AT2G01560,AT2G01560
RGA,RGA
AT2G04015,AT2G04015
AT2G01580,AT2G01580
CRR3,CRR3
AT2G01600,AT2G01600
AT2G01610,AT2G01610
SKIP28,SKIP28
AT2G01630,AT2G01630
AT2G04065,AT2G04065
AT2G01640,AT2G01640
PUX2,PUX2
AT2G04085,AT2G04085
AT2G04075,AT2G04075
CRRSP12,CRRSP12
AT2G01667,AT2G01667
NUDT17,NUDT17
AT2G01680,AT2G01680
AT2G01690,AT2G01690
AT2G01710,AT2G01710
OST1B,OST1B
CPSF73-II,CPSF73-II
RIE1,RIE1
AT2G01740,AT2G01740
MAP70-3,MAP70-3
AT2G01755,AT2G01755
ARR14,ARR14
VIT1,VIT1
AT2G01780,AT2G01780
AT2G01790,AT2G01790
AT2G01800,AT2G01800
AT2G01810,AT2G01810
AT2G01818,AT2G01818
TMK3,TMK3
AHK4,AHK4
XTH27,XTH27
EMB975,EMB975
AT2G04125,AT2G04125
AT2G01870,AT2G01870
AT2G04145,AT2G04145
PAP7.1,PAP7.1
PAP8.1,PAP8.1
AT2G01900,AT2G01900
CYCJ18,CYCJ18
MAP65-6,MAP65-6
AT2G01913,AT2G01913
PQL3,PQL3
AT2G01920,AT2G01920
BPC1,BPC1
SGR5,SGR5
BRL2,BRL2
TET14,TET14
TMN3,TMN3
NHX7,NHX7
AT2G01990,AT2G01990
GAD3,GAD3
GAD4,GAD4
AT2G04155,AT2G04155
NPF8.4,NPF8.4
AT2G02023,AT2G02023
AT2G02026,AT2G02026
AT2G02030,AT2G02030
NPF8.3,NPF8.3
AT2G02050,AT2G02050
AT2G02060,AT2G02060
AT2G02061,AT2G02061
IDD5,IDD5
IDD4,IDD4
AT2G04185,AT2G04185
ETL1,ETL1
PDF2.2,PDF2.2
AT2G02103,AT2G02103
PDF2.1,PDF2.1
PDF2.3,PDF2.3
AT2G04195,AT2G04195
LCR73,LCR73
AT2G02148,AT2G02148
AT2G02150,AT2G02150
AT2G02160,AT2G02160
AT2G02170,AT2G02170
TOM3,TOM3
AT2G04205,AT2G04205
AT2G04215,AT2G04215
PSKR1,PSKR1
PP2B1,PP2B1
MEE66,MEE66
PP2B2,PP2B2
PP2B4,PP2B4
PP2B5,PP2B5
PP2B6,PP2B6
PP2B7,PP2B7
PP2B8,PP2B8
SKIP3,SKIP3
PP2B10,PP2B10
AT2G02370,AT2G02370
GSTZ2,GSTZ2
ATGSTZ1,ATGSTZ1
AT2G02400,AT2G02400
AT2G02410,AT2G02410
AT2G02440,AT2G02440
NAC035,NAC035
AT2G02455,AT2G02455
AL6,AL6
STI,STI
AT2G02490,AT2G02490
AT2G02493,AT2G02493
AT2G02497,AT2G02497
AT2G02498,AT2G02498
ISPD,ISPD
AT2G02510,AT2G02510
AT2G02515,AT2G02515
AT2G02520,AT2G02520
AT2G02525,AT2G02525
AT2G04225,AT2G04225
ZHD3,ZHD3
AT2G02550,AT2G02550
CAND1,CAND1
AT2G02570,AT2G02570
CYP71B9,CYP71B9
AT2G02590,AT2G02590
AT2G02600,AT2G02600
AT2G02610,AT2G02610
AT2G02620,AT2G02620
AT2G04255,AT2G04255
AT2G02630,AT2G02630
AT2G02635,AT2G02635
AT2G04265,AT2G04265
AT2G02640,AT2G02640
AT2G02650,AT2G02650
AT2G02680,AT2G02680
AT2G02690,AT2G02690
AT2G02695,AT2G02695
AT2G02700,AT2G02700
TLP1,TLP1
AT2G02720,AT2G02720
AT2G04285,AT2G04285
AT2G02730,AT2G02730
WHY3,WHY3
PCMP-E22,PCMP-E22
AT2G04295,AT2G04295
UBC2,UBC2
AT2G02765,AT2G02765
AT2G02780,AT2G02780
IQD29,IQD29
PBL3,PBL3
AT2G02795,AT2G02795
UTR1,UTR1
MYB88,MYB88
AT2G04335,AT2G04335
AT2G04345,AT2G04345
AT2G04355,AT2G04355
AT2G02835,AT2G02835
AT2G02840,AT2G02840
AT2G04365,AT2G04365
ARPN,ARPN
SUC3,SUC3
SKIP11,SKIP11
AT2G02880,AT2G02880
AT2G02890,AT2G02890
AT2G02900,AT2G02900
AT2G02910,AT2G02910
AT2G04375,AT2G04375
AT2G04405,AT2G04405
GSTF3,GSTF3
AT2G04435,AT2G04435
AT2G04465,AT2G04465
PKS1,PKS1
MEE12,MEE12
AT2G02960,AT2G02960
APY6,APY6
PCMP-H26,PCMP-H26
RNS1,RNS1
AT2G03010,AT2G03010
AT2G03020,AT2G03020
AT2G03030,AT2G03030
AT2G03040,AT2G03040
MTERF1,MTERF1
AGL30,AGL30
MED8,MED8
EXPA15,EXPA15
AT2G03110,AT2G03110
SPP.1,SPP.1
AT2G03130,AT2G03130
AT2G03140,AT2G03140
AT2G04485,AT2G04485
emb1579,emb1579
ASK19,ASK19
ASK14,ASK14
AT2G03180,AT2G03180
ASK16,ASK16
AT2G03200,AT2G03200
FUT2,FUT2
FUT1,FUT1
PHO1-H5,PHO1-H5
AT2G03230,AT2G03230
AT2G04505,AT2G04505
AT2G03250,AT2G03250
PHO1-H2,PHO1-H2
AT2G03270,AT2G03270
AT2G03280,AT2G03280
AT2G03290,AT2G03290
AT2G03300,AT2G03300
AT2G03310,AT2G03310
AT2G03320,AT2G03320
AT2G03330,AT2G03330
WRKY3,WRKY3
AT2G03350,AT2G03350
AT2G03360,AT2G03360
AT2G03370,AT2G03370
PCMP-E47,PCMP-E47
CLPF,CLPF
AT2G03420,AT2G03420
AT2G03410,AT2G03410
AT2G03430,AT2G03430
NRP1.1,NRP1.1
MIR398A,MIR398A
PAP9.1,PAP9.1
AT2G03460,AT2G03460
AT2G04525,AT2G04525
AT2G03470,AT2G03470
QUL2,QUL2
AT2G03490,AT2G03490
EFM,EFM
AT2G03505,AT2G03505
AT2G03510,AT2G03510
UPS4,UPS4
UPS2,UPS2
CXE7,CXE7
FBX7,FBX7
AT2G03565,AT2G03565
AT2G03567,AT2G03567
AT2G03580,AT2G03580
UPS1,UPS1
ATUPS3,ATUPS3
AT2G03610,AT2G03610
MRS2-5,MRS2-5
AT2G04535,AT2G04535
AT2G03630,AT2G03630
AT2G03640,AT2G03640
AT2G03660,AT2G03660
AT2G03667,AT2G03667
CDC48B,CDC48B
SPR1,SPR1
AT2G04545,AT2G04545
AT2G03690,AT2G03690
AT2G04555,AT2G04555
AT2G03700,AT2G03700
AGL3,AGL3
MRH6,MRH6
ACR5,ACR5
AT2G03740,AT2G03740
SOT11,SOT11
SOT12,SOT12
SOT13,SOT13
AT2G03780,AT2G03780
GEK1,GEK1
AT2G03810,AT2G03810
AT2G03820,AT2G03820
AT2G03821,AT2G03821
AT2G03822,AT2G03822
RGF8,RGF8
AT2G03850,AT2G03850
LSM7,LSM7
PCMP-H44,PCMP-H44
PI4KG7,PI4KG7
AT2G03913,AT2G03913
AT2G03930,AT2G03930
AT2G03932,AT2G03932
AT2G03931,AT2G03931
AT2G04605,AT2G04605
AT2G03936,AT2G03936
AT2G03937,AT2G03937
AT2G04615,AT2G04615
AT2G03955,AT2G03955
AT2G03965,AT2G03965
AT2G03980,AT2G03980
AT2G04020,AT2G04020
RGF3,RGF3
HSP90-5,HSP90-5
AT2G04665,AT2G04665
AT2G04685,AT2G04685
ZIP7,ZIP7
AT2G04695,AT2G04695
AT2G04045,AT2G04045
AT2G04046,AT2G04046
AT2G04705,AT2G04705
AtbZIP48,AtbZIP48
AT2G04039,AT2G04039
DTX1,DTX1
DTX3,DTX3
AT2G04060,AT2G04060
AT2G04062,AT2G04062
AT2G04063,AT2G04063
AT2G04066,AT2G04066
DTX4,DTX4
DTX2,DTX2
DTX5,DTX5
AT2G04715,AT2G04715
DTX6,DTX6
AT2G04115,AT2G04115
AIR3,AIR3
AT2G04725,AT2G04725
AT2G04170,AT2G04170
AT2G04735,AT2G04735
AT2G04190,AT2G04190
AT2G04220,AT2G04220
AT2G04230,AT2G04230
AT2G04235,AT2G04235
XERICO,XERICO
RNE,RNE
AT2G04280,AT2G04280
AT2G04755,AT2G04755
AT2G04765,AT2G04765
AT2G04300,AT2G04300
AT2G04305,AT2G04305
AT2G04340,AT2G04340
LACS8,LACS8
AT2G04360,AT2G04360
AT2G04378,AT2G04378
AT2G04380,AT2G04380
RPS17A,RPS17A
POT1C,POT1C
IGPS,IGPS
AT2G04410,AT2G04410
AT2G04420,AT2G04420
LCR82,LCR82
NUDT5,NUDT5
AT2G04440,AT2G04440
NUDT6,NUDT6
AT2G04480,AT2G04480
AT2G04495,AT2G04495
AT2G04500,AT2G04500
AT2G04515,AT2G04515
AT2G04520,AT2G04520
TRZ2,TRZ2
KAS,KAS
IBR5,IBR5
LPXB,LPXB
AT2G04570,AT2G04570
AT2G04775,AT2G04775
AT2G04785,AT2G04785
AT2G04620,AT2G04620
AT2G04621,AT2G04621
AT2G04622,AT2G04622
NRPB6B,NRPB6B
AT2G04650,AT2G04650
APC2,APC2
AT2G04675,AT2G04675
AT2G04680,AT2G04680
AT2G04690,AT2G04690
FTRC,FTRC
AT2G04740,AT2G04740
FIM4,FIM4
FLA7,FLA7
AT2G04790,AT2G04790
AT2G04795,AT2G04795
AT2G04800,AT2G04800
AT2G04810,AT2G04810
AT2G04830,AT2G04830
AT2G04815,AT2G04815
AT2G04840,AT2G04840
EMB2761,EMB2761
AT2G04845,AT2G04845
AT2G04850,AT2G04850
AT2G04852,AT2G04852
PCMP-E74,PCMP-E74
AT2G04865,AT2G04865
AT2G04870,AT2G04870
WRKY1,WRKY1
SCL21,SCL21
AT2G04900,AT2G04900
AT2G04910,AT2G04910
FBX9,FBX9
AT2G04925,AT2G04925
AT2G04940,AT2G04940
AT2G04835,AT2G04835
AT2G04825,AT2G04825
AT2G05050,AT2G05050
AT2G05060,AT2G05060
LHCB2.2,LHCB2.2
LHCB2.1,LHCB2.1
SCRL9,SCRL9
AT2G04875,AT2G04875
AT2G05120,AT2G05120
AT2G05140,AT2G05140
AT2G05160,AT2G05160
VPS11,VPS11
CYP705A6,CYP705A6
AT2G05185,AT2G05185
POT1A,POT1A
RPS17B,RPS17B
AT2G05230,AT2G05230
AT2G05250,AT2G05250
AT2G05260,AT2G05260
AT2G05270,AT2G05270
AT2G04885,AT2G04885
AT2G05310,AT2G05310
GNT2,GNT2
AT2G05330,AT2G05330
SCRL15,SCRL15
AT2G05350,AT2G05350
AT2G05360,AT2G05360
AT2G05370,AT2G05370
GRP3S,GRP3S
AT2G05400,AT2G05400
AT2G05410,AT2G05410
AT2G05420,AT2G05420
AT2G05430,AT2G05430
ATGRP9,ATGRP9
AT2G05510,AT2G05510
AT2G05518,AT2G05518
GRP3,GRP3
AT2G05530,AT2G05530
AT2G05540,AT2G05540
AT2G05580,AT2G05580
AT2G05590,AT2G05590
PGR5,PGR5
ATG8D,ATG8D
AT2G05632,AT2G05632
AT2G05635,AT2G05635
AT2G05642,AT2G05642
AT2G05655,AT2G05655
AT2G04945,AT2G04945
ACO3,ACO3
AT2G05720,AT2G05720
AT2G05752,AT2G05752
AT2G05755,AT2G05755
AT2G05753,AT2G05753
NAT1,NAT1
AT2G05765,AT2G05765
AT2G04955,AT2G04955
AT2G04965,AT2G04965
AT2G04975,AT2G04975
AT2G04985,AT2G04985
AT2G05786,AT2G05786
AT2G05790,AT2G05790
AT2G05005,AT2G05005
AT2G05810,AT2G05810
AT2G05812,AT2G05812
AT2G05830,AT2G05830
PAA2.1,PAA2.1
SCPL38,SCPL38
SUVH10,SUVH10
AT2G05910,AT2G05910
AT2G05914,AT2G05914
AT2G05915,AT2G05915
SBT1.8,SBT1.8
RIPK,RIPK
AT2G05970,AT2G05970
MOD1,MOD1
AT2G05995,AT2G05995
AT2G06000,AT2G06000
AT2G06002,AT2G06002
FIP1.1,FIP1.1
ORG4,ORG4
AT2G06020,AT2G06020
AT2G06025,AT2G06025
AT2G06040,AT2G06040
OPR3,OPR3
AT2G06090,AT2G06090
AT2G06105,AT2G06105
AtGRF6,AtGRF6
ELF8,ELF8
EFL3,EFL3
AT2G06420,AT2G06420
AT2G06425,AT2G06425
AT2G06500,AT2G06500
RPA1A,RPA1A
PSBX,PSBX
VPS2.1,VPS2.1
AT2G06541,AT2G06541
AT2G06555,AT2G06555
AT2G06562,AT2G06562
AT2G06645,AT2G06645
AT2G05015,AT2G05015
AT2G06845,AT2G06845
XTH4,XTH4
AT2G06906,AT2G06906
PLA2-ALPHA,PLA2-ALPHA
AT2G05035,AT2G05035
AT2G05045,AT2G05045
AT2G06960,AT2G06960
SCRL16,SCRL16
HEN2,HEN2
AT2G07000,AT2G07000
AT2G07020,AT2G07020
PRK2,PRK2
AT2G07042,AT2G07042
CAS1,CAS1
AT2G05075,AT2G05075
AT2G07110,AT2G07110
AT2G07140,AT2G07140
TOR1L2,TOR1L2
AT2G05095,AT2G05095
PBL17,PBL17
AT2G07190,AT2G07190
AT2G07213,AT2G07213
AT2G07215,AT2G07215
AT2G07240,AT2G07240
AT2G07280,AT2G07280
PFD1,PFD1
AT2G07360,AT2G07360
AT2G07440,AT2G07440
AT2G07505,AT2G07505
AHA6,AHA6
AT2G07565,AT2G07565
AT2G07640,AT2G07640
AT2G07773,AT2G07773
AT2G07655,AT2G07655
AT2G07776,AT2G07776
AT2G07749,AT2G07749
AT2G05145,AT2G05145
AT2G07777,AT2G07777
AT2G07671,AT2G07671
AT2G07779,AT2G07779
AT2G07672,AT2G07672
AT2G07613,AT2G07613
AT2G07617,AT2G07617
AT2G07621,AT2G07621
AT2G05155,AT2G05155
AT2G07673,AT2G07673
AT2G07674,AT2G07674
AT2G07676,AT2G07676
AT2G07623,AT2G07623
AT2G07678,AT2G07678
AT2G07669,AT2G07669
AT2G07681,AT2G07681
AT2G07627,AT2G07627
AT2G07772,AT2G07772
AT2G07628,AT2G07628
AT2G07774,AT2G07774
AT2G07687,AT2G07687
AT2G07629,AT2G07629
AT2G07632,AT2G07632
AT2G07633,AT2G07633
AT2G05215,AT2G05215
AT2G05205,AT2G05205
AT2G07689,AT2G07689
AT2G07634,AT2G07634
AT2G07691,AT2G07691
AT2G07636,AT2G07636
AT2G05245,AT2G05245
AT2G07692,AT2G07692
AT2G07637,AT2G07637
AT2G07695,AT2G07695
AT2G07785,AT2G07785
AT2G05255,AT2G05255
AT2G07599,AT2G07599
AT2G07798,AT2G07798
AT2G07698,AT2G07698
AT2G07667,AT2G07667
AT2G07702,AT2G07702
AT2G07638,AT2G07638
AT2G07705,AT2G07705
AT2G07706,AT2G07706
AT2G07708,AT2G07708
AT2G07641,AT2G07641
AT2G07643,AT2G07643
AT2G07644,AT2G07644
AT2G07714,AT2G07714
AT2G07646,AT2G07646
AT2G07715,AT2G07715
AT2G07718,AT2G07718
AT2G07648,AT2G07648
AT2G07719,AT2G07719
AT2G07721,AT2G07721
AT2G07652,AT2G07652
AT2G07815,AT2G07815
AT2G07724,AT2G07724
AT2G07725,AT2G07725
AT2G07727,AT2G07727
AT2G07728,AT2G07728
AT2G07654,AT2G07654
AT2G07820,AT2G07820
AT2G07656,AT2G07656
AT2G07732,AT2G07732
AT2G07734,AT2G07734
AT2G07825,AT2G07825
AT2G07827,AT2G07827
AT2G07830,AT2G07830
AT2G07787,AT2G07787
AT2G07658,AT2G07658
AT2G07659,AT2G07659
AT2G07775,AT2G07775
AT2G07661,AT2G07661
AT2G07806,AT2G07806
AT2G05365,AT2G05365
AT2G07738,AT2G07738
AT2G07795,AT2G07795
AT2G07739,AT2G07739
AT2G07662,AT2G07662
AT2G07765,AT2G07765
AT2G07665,AT2G07665
AT2G07835,AT2G07835
AT2G05395,AT2G05395
ATMRP11,ATMRP11
AT2G05405,AT2G05405
AT2G05415,AT2G05415
MCM5,MCM5
AT2G05425,AT2G05425
RH33,RH33
AT2G07800,AT2G07800
AT2G07981,AT2G07981
AT2G08986,AT2G08986
AT2G09388,AT2G09388
AT2G09795,AT2G09795
AT2G09840,AT2G09840
AT2G09970,AT2G09970
RPS16A,RPS16A
AT2G10025,AT2G10025
AT2G05485,AT2G05485
AT2G10260,AT2G10260
AT2G05505,AT2G05505
MED15C,MED15C
AT2G05515,AT2G05515
AT2G10450,AT2G10450
AT2G05535,AT2G05535
AT2G10455,AT2G10455
AT2G05545,AT2G05545
LCR29,LCR29
AT2G10537,AT2G10537
AT2G10545,AT2G10545
AT2G10550,AT2G10550
AT2G10553,AT2G10553
AT2G10556,AT2G10556
AT2G10557,AT2G10557
AT2G10560,AT2G10560
AT2G10602,AT2G10602
MIR396A,MIR396A
AT2G10608,AT2G10608
AT2G05555,AT2G05555
AT2G05565,AT2G05565
AT2G10615,AT2G10615
AT2G10625,AT2G10625
AT2G10920,AT2G10920
AT2G10921,AT2G10921
AT2G10930,AT2G10930
AT2G10931,AT2G10931
AT2G10940,AT2G10940
AT2G10950,AT2G10950
AT2G10955,AT2G10955
AT2G10965,AT2G10965
AT2G10970,AT2G10970
AT2G10975,AT2G10975
ATMAK10,ATMAK10
AT2G11005,AT2G11005
AT2G11025,AT2G11025
AT2G11035,AT2G11035
AT2G11200,AT2G11200
AT2G11205,AT2G11205
AT2G11215,AT2G11215
AT2G11225,AT2G11225
AT2G11270,AT2G11270
AT2G11271,AT2G11271
AT2G11405,AT2G11405
AT2G11462,AT2G11462
CRCK3,CRCK3
AT2G11522,AT2G11522
AT2G11623,AT2G11623
AT2G11626,AT2G11626
AT2G11778,AT2G11778
MGD3,MGD3
AT2G11815,AT2G11815
AT2G11851,AT2G11851
TTM3,TTM3
AT2G11891,AT2G11891
AT2G11910,AT2G11910
AT2G05665,AT2G05665
AT2G05675,AT2G05675
AT2G12170,AT2G12170
AT2G12190,AT2G12190
AT2G12200,AT2G12200
AT2G12205,AT2G12205
AT2G12280,AT2G12280
AT2G05685,AT2G05685
AT2G12400,AT2G12400
AT2G05695,AT2G05695
AT2G12405,AT2G12405
AT2G05705,AT2G05705
AT2G05725,AT2G05725
AT2G05785,AT2G05785
AT2G12461,AT2G12461
AT2G12462,AT2G12462
LCR50,LCR50
SCPL43,SCPL43
AT2G05815,AT2G05815
AT2G05825,AT2G05825
AT2G05835,AT2G05835
AT2G12550,AT2G12550
AT2G12646,AT2G12646
AT2G12875,AT2G12875
AT2G12905,AT2G12905
AT2G12935,AT2G12935
UNE4,UNE4
AT2G13100,AT2G13100
AT2G05855,AT2G05855
AT2G13105,AT2G13105
AT2G13125,AT2G13125
AT2G13126,AT2G13126
AT2G13150,AT2G13150
AT2G05875,AT2G05875
AT2G13275,AT2G13275
AT2G13290,AT2G13290
AT2G13295,AT2G13295
AT2G13350,AT2G13350
AGT1,AGT1
CHR5,CHR5
AT2G05885,AT2G05885
AT2G05895,AT2G05895
AT2G13422,AT2G13422
AT2G13430,AT2G13430
AT2G13440,AT2G13440
AT2G13450,AT2G13450
AT2G13463,AT2G13463
ABH1,ABH1
AT2G13542,AT2G13542
AT2G13547,AT2G13547
AT2G13550,AT2G13550
AT2G13555,AT2G13555
NAD-ME1,NAD-ME1
NFYB7,NFYB7
AT2G05945,AT2G05945
AT2G05975,AT2G05975
PCMP-E76,PCMP-E76
ABCG5,ABCG5
CHX15,CHX15
AT2G13630,AT2G13630
AT2G13640,AT2G13640
GONST1,GONST1
AT2G13665,AT2G13665
AT2G13660,AT2G13660
CALS5,CALS5
PRL1-IFG,PRL1-IFG
AT2G13720,AT2G13720
AT2G13760,AT2G13760
AT2G06065,AT2G06065
AT2G13770,AT2G13770
SERK4,SERK4
SERK5,SERK5
ALD1,ALD1
AT2G13820,AT2G13820
AT2G13840,AT2G13840
AT2G13845,AT2G13845
AT2G13895,AT2G13895
AT2G13900,AT2G13900
AT2G06075,AT2G06075
AT2G13960,AT2G13960
AT2G13965,AT2G13965
AT2G13980,AT2G13980
AT2G14045,AT2G14045
MCM9,MCM9
AT2G14060,AT2G14060
AT2G14070,AT2G14070
AT2G14080,AT2G14080
AT2G14095,AT2G14095
CYP705A13,CYP705A13
AT2G14110,AT2G14110
AT2G14115,AT2G14115
DRP3B,DRP3B
AT2G14160,AT2G14160
ALDH6B2,ALDH6B2
ANR1,ANR1
AT2G14247,AT2G14247
AT2G06085,AT2G06085
PAT23,PAT23
PIP,PIP
AT2G14265,AT2G14265
AT2G14285,AT2G14285
AT2G14288,AT2G14288
AT2G14289,AT2G14289
AT2G14290,AT2G14290
LCR84,LCR84
AT2G06115,AT2G06115
AT2G14440,AT2G14440
AT2G14460,AT2G14460
AT2G14500,AT2G14500
AT2G14510,AT2G14510
CBSDUF3,CBSDUF3
TBL13,TBL13
AT2G06175,AT2G06175
ATSRP2,ATSRP2
AT2G06185,AT2G06185
LURP1,LURP1
PRB1,PRB1
PR1,PR1
XTH10,XTH10
AT2G14635,AT2G14635
AT2G14660,AT2G14660
SUC8,SUC8
MEE13,MEE13
AT2G06215,AT2G06215
XYN4,XYN4
AT2G14692,AT2G14692
AT2G14695,AT2G14695
AT2G14700,AT2G14700
AT2G14710,AT2G14710
VSR4,VSR4
VSR3,VSR3
APK1,APK1
AT2G14755,AT2G14755
AT2G14760,AT2G14760
AT2G14765,AT2G14765
AT2G06225,AT2G06225
AT2G14775,AT2G14775
AT2G14800,AT2G14800
AT2G14810,AT2G14810
NPY2,NPY2
AT2G14825,AT2G14825
AT2G14830,AT2G14830
AT2G14835,AT2G14835
AT2G06275,AT2G06275
AT2G14850,AT2G14850
AT2G14860,AT2G14860
AT2G14870,AT2G14870
AT2G14878,AT2G14878
AT2G14880,AT2G14880
AGP9,AGP9
GASA7,GASA7
AT2G14910,AT2G14910
LCR40,LCR40
AT2G14945,AT2G14945
GH3.1,GH3.1
AT2G15000,AT2G15000
AT2G15010,AT2G15010
AT2G15020,AT2G15020
AT2G15025,AT2G15025
AT2G06315,AT2G06315
AT2G06345,AT2G06345
AT2G15029,AT2G15029
AT2G06355,AT2G06355
AT2G15042,AT2G15042
LTP7,LTP7
AtRLP19,AtRLP19
KCS8,KCS8
AT2G06365,AT2G06365
AT2G15110,AT2G15110
AT2G15128,AT2G15128
AT2G15130,AT2G15130
AT2G15170,AT2G15170
AT2G15180,AT2G15180
AT2G15220,AT2G15220
AT2G06385,AT2G06385
LIP1.2,LIP1.2
AT2G15240,AT2G15240
AT2G15260,AT2G15260
AT2G15270,AT2G15270
RTNLB10,RTNLB10
TIC21,TIC21
AT2G15292,AT2G15292
AT2G06395,AT2G06395
AT2G15300,AT2G15300
ATARFB1A,ATARFB1A
AT2G15318,AT2G15318
AT2G06405,AT2G06405
AT2G15320,AT2G15320
AT2G15340,AT2G15340
AT2G15345,AT2G15345
FUT10,FUT10
AT2G06435,AT2G06435
AT2G15360,AT2G15360
FUT5,FUT5
FUT4,FUT4
NRPD3B,NRPD3B
AT2G15420,AT2G15420
NRPB3,NRPB3
AT2G06445,AT2G06445
AT2G15440,AT2G15440
AT2G15450,AT2G15450
AT2G15460,AT2G15460
AT2G15470,AT2G15470
UGT73B5,UGT73B5
UGT73B4,UGT73B4
AT2G15500,AT2G15500
AT2G15530,AT2G15530
LCR10,LCR10
AT2G15555,AT2G15555
AT2G15560,AT2G15560
ATHM3,ATHM3
AT2G15580,AT2G15580
AT2G15610,AT2G15610
NIR1,NIR1
AT2G15630,AT2G15630
AT2G15640,AT2G15640
AGL95,AGL95
AT2G15670,AT2G15670
CML30,CML30
PCMP-H66,PCMP-H66
AT2G06465,AT2G06465
AT2G15695,AT2G15695
AT2G15710,AT2G15710
AT2G15730,AT2G15730
AT2G15760,AT2G15760
AT2G15770,AT2G15770
AT2G15780,AT2G15780
AT2G06475,AT2G06475
AT2G06485,AT2G06485
CYP40,CYP40
OTP51,OTP51
AT2G15830,AT2G15830
AT2G06495,AT2G06495
AT2G15860,AT2G15860
AT2G06505,AT2G06505
PEX3.1,PEX3.1
MEE14,MEE14
AT2G06515,AT2G06515
AT2G15900,AT2G15900
AT2G15910,AT2G15910
AT2G06525,AT2G06525
AT2G15950,AT2G15950
AT2G15960,AT2G15960
COR413PM1,COR413PM1
AT2G15980,AT2G15980
ROSY1,ROSY1
AT2G16015,AT2G16015
AT2G16016,AT2G16016
AT2G16018,AT2G16018
AT2G16020,AT2G16020
AT2G16030,AT2G16030
AT2G16040,AT2G16040
AT2G06575,AT2G06575
AT2G16050,AT2G16050
AHB1,AHB1
PDV2,PDV2
ARI2,ARI2
PLT2.1,PLT2.1
MIR416,MIR416
AT2G16190,AT2G16190
AT2G16210,AT2G16210
AT2G16220,AT2G16220
AT2G16230,AT2G16230
AT2G16240,AT2G16240
AT2G16245,AT2G16245
AT2G16250,AT2G16250
AT2G16270,AT2G16270
AT2G06595,AT2G06595
KCS9,KCS9
AT2G06605,AT2G06605
AT2G16290,AT2G16290
AT2G16300,AT2G16300
AT2G16340,AT2G16340
AT2G16365,AT2G16365
AT2G06615,AT2G06615
AT2G16360,AT2G16360
THY-1,THY-1
SFH7,SFH7
CIF1,CIF1
DRD1,DRD1
BLH7,BLH7
AT2G16405,AT2G16405
PAP10,PAP10
AT2G06625,AT2G06625
AT2G06635,AT2G06635
MCM4,MCM4
AT2G16450,AT2G16450
AT2G16460,AT2G16460
NERD,NERD
AT2G16490,AT2G16490
ADC1,ADC1
ESFL9,ESFL9
VHA-c3,VHA-c3
AT2G06655,AT2G06655
AT2G16530,AT2G16530
ESFL8,ESFL8
ASE1,ASE1
AT2G16580,AT2G16580
AT2G16575,AT2G16575
AT2G16586,AT2G16586
AT2G16592,AT2G16592
AT2G06705,AT2G06705
AT2G16595,AT2G16595
CYP19-1,CYP19-1
AT2G16620,AT2G16620
AT2G16630,AT2G16630
TOC132,TOC132
PRORP2,PRORP2
AT2G16660,AT2G16660
AT2G16676,AT2G16676
ADF5,ADF5
AT2G16710,AT2G16710
MYB7,MYB7
BGAL13,BGAL13
UBC29,UBC29
AT2G06765,AT2G06765
AT2G16750,AT2G16750
AT2G16760,AT2G16760
BZIP23,BZIP23
MSI2,MSI2
AT2G16790,AT2G16790
AT2G16800,AT2G16800
FBX8,FBX8
PIP2-8,PIP2-8
AT2G16860,AT2G16860
AT2G16870,AT2G16870
AT2G16880,AT2G16880
UGT90A1,UGT90A1
AT2G16900,AT2G16900
AT2G06785,AT2G06785
AMS,AMS
AT2G06795,AT2G06795
UBC23,UBC23
AT2G16930,AT2G16930
AT2G16940,AT2G16940
TRN1.1,TRN1.1
AT2G16953,AT2G16953
AT2G16960,AT2G16960
MEE15,MEE15
AT2G16980,AT2G16980
AT2G06805,AT2G06805
AT2G16990,AT2G16990
MSL7,MSL7
MSL8,MSL8
FBL10,FBL10
SKIP23,SKIP23
AT2G17033,AT2G17033
AT2G17036,AT2G17036
anac036,anac036
AT2G17043,AT2G17043
AT2G17050,AT2G17050
AT2G17055,AT2G17055
AT2G17060,AT2G17060
AT2G17070,AT2G17070
AT2G17080,AT2G17080
BSK12,BSK12
AT2G17110,AT2G17110
LYM2,LYM2
IDH2,IDH2
AT2G17140,AT2G17140
NLP1,NLP1
AT2G17160,AT2G17160
AT2G17170,AT2G17170
ZAT2,ZAT2
DSK2A,DSK2A
DSK2B,DSK2B
PCMP-E77,PCMP-E77
PIX13,PIX13
EXL5,EXL5
AT2G17240,AT2G17240
EMB2762,EMB2762
GLR2,GLR2
HSK,HSK
MPT1,MPT1
PGM.1,PGM.1
CPK6,CPK6
AT2G06835,AT2G06835
AT2G06865,AT2G06865
AT2G17295,AT2G17295
AT2G17300,AT2G17300
AT2G06905,AT2G06905
AT2G06935,AT2G06935
AT2G17305,AT2G17305
AT2G17320,AT2G17320
AT2G17340,AT2G17340
AT2G17350,AT2G17350
RPS4A,RPS4A
HMG2,HMG2
AAP19-1,AAP19-1
AKR2B,AKR2B
ARID3,ARID3
NTR2,NTR2
MLO7,MLO7
PIRL5,PIRL5
AT2G17442,AT2G17442
ATL44,ATL44
AT2G17470,AT2G17470
MLO8,MLO8
AT2G06945,AT2G06945
AT2G06955,AT2G06955
PILS5,PILS5
EMB2763,EMB2763
IRE1A,IRE1A
AT2G06975,AT2G06975
AT2G17525,AT2G17525
AT2G17530,AT2G17530
AT2G17540,AT2G17540
AT2G06995,AT2G06995
AT2G17550,AT2G17550
AT2G07005,AT2G07005
HMGB4,HMGB4
AT2G17570,AT2G17570
AT2G17580,AT2G17580
AT2G17590,AT2G17590
AT2G17600,AT2G17600
CYCB2-1,CYCB2-1
PSAT2,PSAT2
SAT2,SAT2
AAE2,AAE2
AT2G17660,AT2G17660
AT2G17670,AT2G17670
AT2G17680,AT2G17680
SDC.1,SDC.1
AT2G17695,AT2G17695
STY8,STY8
AT2G17705,AT2G17705
AT2G17710,AT2G17710
P4H5,P4H5
AT2G17723,AT2G17723
NIP2,NIP2
AT2G17740,AT2G17740
NIP1,NIP1
APF1,APF1
ATBZIP27,ATBZIP27
MCA2,MCA2
AT2G17785,AT2G17785
AT2G17787,AT2G17787
VPS35A,VPS35A
ARAC1,ARAC1
AT2G17810,AT2G17810
AHK1,AHK1
AT2G17830,AT2G17830
ERD7,ERD7
AT2G17845,AT2G17845
AT2G17850,AT2G17850
AT2G17860,AT2G17860
CSP3,CSP3
AT2G17880,AT2G17880
CPK16,CPK16
SDG37,SDG37
AT2G17905,AT2G17905
AT2G17920,AT2G17920
AT2G17930,AT2G17930
AT2G17940,AT2G17940
WUS,WUS
ALKBH9B,ALKBH9B
AT2G17972,AT2G17972
AT2G07015,AT2G07015
AT2G17975,AT2G17975
SLY1,SLY1
AT2G17990,AT2G17990
TAF14,TAF14
AT2G07025,AT2G07025
SAUR10,SAUR10
RPL8A,RPL8A
AT2G18025,AT2G18025
MSRA5,MSRA5
PIN1.1,PIN1.1
HIS1-3,HIS1-3
NAC037,NAC037
AT2G18070,AT2G18070
AT2G07035,AT2G07035
EDA2,EDA2
AT2G07045,AT2G07045
AT2G18090,AT2G18090
AT2G18100,AT2G18100
AT2G18110,AT2G18110
SRS4,SRS4
PAP11,PAP11
PER15,PER15
BZIP2,BZIP2
MPK7,MPK7
SFH10,SFH10
AT2G18190,AT2G18190
AT2G18193,AT2G18193
HIPP30,HIPP30
AT2G18200,AT2G18200
AT2G18210,AT2G18210
AT2G07055,AT2G07055
AT2G18220,AT2G18220
PPA2,PPA2
AT2G18240,AT2G18240
AT2G18245,AT2G18245
COAD,COAD
SYP112,SYP112
TULP2,TULP2
AT2G18270,AT2G18270
APC10,APC10
AT2G18300,AT2G18300
AT2G18310,AT2G18310
AT2G18320,AT2G18320
RL4,RL4
AT2G18330,AT2G18330
AT2G18340,AT2G18340
ZHD6,ZHD6
AT2G18360,AT2G18360
LTP8,LTP8
GATA20,GATA20
ARL2,ARL2
AT2G18400,AT2G18400
ELP5,ELP5
GASA11,GASA11
GUT15,GUT15
SDH1-2,SDH1-2
LCV3,LCV3
AT2G18465,AT2G18465
PERK4,PERK4
PLT3,PLT3
AT2G18490,AT2G18490
OFP7,OFP7
emb2444,emb2444
AT2G18520,AT2G18520
AT2G18530,AT2G18530
AT2G18540,AT2G18540
ATHB-21,ATHB-21
AT2G18560,AT2G18560
UGT72D1,UGT72D1
AT2G18590,AT2G18590
RCE2,RCE2
AT2G18620,AT2G18620
AT2G18630,AT2G18630
GGPP4,GGPP4
ATL49,ATL49
EGC2,EGC2
ATL56,ATL56
AT2G18680,AT2G18680
AT2G18685,AT2G18685
AT2G18690,AT2G18690
AT2G07085,AT2G07085
TPS11,TPS11
SCY1,SCY1
AT2G18720,AT2G18720
DGK3,DGK3
AT2G18735,AT2G18735
AT2G18740,AT2G18740
CBP60C,CBP60C
CHR8,CHR8
AT2G18770,AT2G18770
AT2G18780,AT2G18780
PHYB,PHYB
XTH21,XTH21
AT2G18830,AT2G18830
AT2G18840,AT2G18840
AT2G18850,AT2G18850
AT2G18860,AT2G18860
VEL3,VEL3
AT2G18876,AT2G18876
VIL3,VIL3
AT2G18890,AT2G18890
AT2G18900,AT2G18900
AT2G18910,AT2G18910
ADO2,ADO2
AT2G18917,AT2G18917
AT2G18920,AT2G18920
AT2G07095,AT2G07095
AT2G18938,AT2G18938
AT2G18940,AT2G18940
HPT1,HPT1
AHA1,AHA1
AT2G18969,AT2G18969
AT2G18970,AT2G18970
PER16,PER16
TXND9,TXND9
RALFL10,RALFL10
RALFL12,RALFL12
AT2G19050,AT2G19050
AT2G19060,AT2G19060
SHT,SHT
MTX1,MTX1
AT2G19090,AT2G19090
AT2G07115,AT2G07115
HMA4,HMA4
AT2G19120,AT2G19120
AT2G19130,AT2G19130
AT2G07135,AT2G07135
AT2G19146,AT2G19146
PME10,PME10
AT2G19160,AT2G19160
SBT2.5,SBT2.5
AT2G19180,AT2G19180
SIRK,SIRK
AT2G07165,AT2G07165
AT2G19210,AT2G19210
AT2G19230,AT2G19230
AT2G19240,AT2G19240
AT2G19260,AT2G19260
AT2G19270,AT2G19270
AT2G19280,AT2G19280
AT2G19290,AT2G19290
HSP18.5,HSP18.5
AT2G19320,AT2G19320
PIRL6,PIRL6
AT2G19340,AT2G19340
AT2G07175,AT2G07175
AT2G19350,AT2G19350
AT2G19360,AT2G19360
AT2G19365,AT2G19365
UBA1C,UBA1C
AT2G19385,AT2G19385
AT2G19390,AT2G19390
AT2G07195,AT2G07195
AT2G19400,AT2G19400
AT2G19410,AT2G19410
AT2G19420,AT2G19420
THO6,THO6
AT2G19440,AT2G19440
DGAT1,DGAT1
AT2G19460,AT2G19460
AT2G07205,AT2G07205
CKL5,CKL5
NAP1;2,NAP1;2
AT2G19490,AT2G19490
CKX2,CKX2
AT2G07235,AT2G07235
LBD8,LBD8
MSI4,MSI4
AT2G19530,AT2G19530
AT2G19540,AT2G19540
AT2G19550,AT2G19550
EER5,EER5
AT2G19572,AT2G19572
CDA1,CDA1
TET2,TET2
AT2G19582,AT2G19582
ACO1,ACO1
KEA4,KEA4
AT2G19610,AT2G19610
NDL3,NDL3
AT2G07245,AT2G07245
AT2G19630,AT2G19630
ASHR2,ASHR2
AT2G19650,AT2G19650
AT2G19660,AT2G19660
PRMT12,PRMT12
AT2G19680,AT2G19680
PLA2-BETA,PLA2-BETA
AT2G19700,AT2G19700
AT2G19710,AT2G19710
RPS15AB,RPS15AB
RPL28A,RPL28A
RPL31A,RPL31A
RPS30A.1,RPS30A.1
PRO1,PRO1
PRO4,PRO4
AT2G19780,AT2G19780
AT2G19790,AT2G19790
AT2G19796,AT2G19796
MIOX2,MIOX2
AT2G19802,AT2G19802
AT2G19810,AT2G19810
LBD9,LBD9
VPS32.1,VPS32.1
AT2G19850,AT2G19850
HXK2,HXK2
AT2G19870,AT2G19870
AT2G19880,AT2G19880
AT2G19890,AT2G19890
AT2G19893,AT2G19893
NADP-ME1,NADP-ME1
RDR3,RDR3
AT2G19920,AT2G19920
AT2G19930,AT2G19930
AT2G19940,AT2G19940
GC1,GC1
AT2G19960,AT2G19960
AT2G07255,AT2G07255
AT2G19970,AT2G19970
AT2G19980,AT2G19980
PR-1-LIKE,PR-1-LIKE
CDC27B,CDC27B
AT2G20010,AT2G20010
CAF1,CAF1
ATL12,ATL12
AT2G20050,AT2G20050
AT2G20060,AT2G20060
AT2G20070,AT2G20070
SPEAR1,SPEAR1
AT2G20100,AT2G20100
AT2G20110,AT2G20110
COV1,COV1
LCV1,LCV1
RPT2B,RPT2B
AT2G20142,AT2G20142
AT2G20150,AT2G20150
ASK17,ASK17
AT2G20170,AT2G20170
PIF1,PIF1
CLASP,CLASP
LCR60,LCR60
AT2G20210,AT2G20210
TOM2AH2,TOM2AH2
AT2G07265,AT2G07265
AT2G20240,AT2G20240
AT2G07275,AT2G07275
AT2G07285,AT2G07285
AT2G20250,AT2G20250
PSAE2,PSAE2
AT2G20270,AT2G20270
AT2G20280,AT2G20280
XI-G,XI-G
ALE2,ALE2
RIN13,RIN13
AT2G20320,AT2G20320
AT2G20330,AT2G20330
ELI5,ELI5
ERF120,ERF120
AT2G20360,AT2G20360
AT2G20362,AT2G20362
MUR3,MUR3
AT2G20380,AT2G20380
AT2G20390,AT2G20390
AT2G20400,AT2G20400
AT2G20410,AT2G20410
AT2G20420,AT2G20420
RIC6,RIC6
AT2G20440,AT2G20440
RPL14A,RPL14A
AT2G20463,AT2G20463
AT2G20465,AT2G20465
AT2G20470,AT2G20470
AT2G20480,AT2G20480
NOP10,NOP10
AT2G20495,AT2G20495
AT2G07305,AT2G07305
AT2G20500,AT2G20500
ATTIM44-1,ATTIM44-1
AT2G20515,AT2G20515
FLA6,FLA6
PHB6,PHB6
PCMP-E78,PCMP-E78
AT2G20550,AT2G20550
AT2G20560,AT2G20560
AT2G20562,AT2G20562
GPRI1,GPRI1
RPN1A,RPN1A
NFD6,NFD6
RTNLB17,RTNLB17
AT2G20595,AT2G20595
AT2G20597,AT2G20597
AT2G20605,AT2G20605
SUR1,SUR1
AT2G20616,AT2G20616
AT2G20620,AT2G20620
AT2G20625,AT2G20625
PPC3-1.2,PPC3-1.2
BUB1,BUB1
FLY2,FLY2
AT2G20670,AT2G20670
MAN2,MAN2
AT2G20690,AT2G20690
LLG2,LLG2
AT2G20710,AT2G20710
AT2G07325,AT2G07325
AT2G20720,AT2G20720
AT2G07335,AT2G07335
AT2G20721,AT2G20721
AT2G20722,AT2G20722
AT2G20723,AT2G20723
AT2G20725,AT2G20725
TOM2AH3,TOM2AH3
EXPB1,EXPB1
AT2G20760,AT2G20760
GCL2,GCL2
PLT4,PLT4
AP5M,AP5M
AT2G20784,AT2G20784
NDB4,NDB4
AT2G20805,AT2G20805
GAUT10,GAUT10
QWRF3,QWRF3
AT2G20820,AT2G20820
ULT2,ULT2
AT2G20830,AT2G20830
AT2G20835,AT2G20835
SCAMP1,SCAMP1
SRF1,SRF1
LIP1.3,LIP1.3
AT2G20870,AT2G20870
EPF1,EPF1
ERF053,ERF053
THF1,THF1
AT2G07345,AT2G07345
DGK5,DGK5
AT2G07355,AT2G07355
AT2G20920,AT2G20920
AT2G20921,AT2G20921
AT2G20930,AT2G20930
AT2G20940,AT2G20940
AT2G20950,AT2G20950
pEARLI4,pEARLI4
AT2G20970,AT2G20970
MCM10,MCM10
SYTA,SYTA
AT2G21010,AT2G21010
AT2G21030,AT2G21030
AT2G21040,AT2G21040
HAC1.1,HAC1.1
LAX2,LAX2
CSP4,CSP4
FIO1,FIO1
AT2G21080,AT2G21080
PCMP-E48,PCMP-E48
DIR23,DIR23
DIR4,DIR4
AT2G21120,AT2G21120
CYP19-2,CYP19-2
PRP2,PRP2
XCT,XCT
AT2G21160,AT2G21160
TIM,TIM
AT2G21180,AT2G21180
AT2G21187,AT2G21187
AT2G21185,AT2G21185
AT2G21188,AT2G21188
AT2G21190,AT2G21190
AT2G21195,AT2G21195
AT2G21200,AT2G21200
AT2G21210,AT2G21210
AT2G07375,AT2G07375
AT2G07385,AT2G07385
AT2G21220,AT2G21220
AT2G07405,AT2G07405
AT2G21230,AT2G21230
AT2G21235,AT2G21235
AT2G21237,AT2G21237
BPC4,BPC4
AT2G21250,AT2G21250
AT2G21260,AT2G21260
UFD1,UFD1
GC1.1,GC1.1
AT2G21290,AT2G21290
KIN7E,KIN7E
BBX18,BBX18
FBA1,FBA1
DTX46,DTX46
AT2G21350,AT2G21350
AT2G21360,AT2G21360
XK-1,XK-1
KIN7M,KIN7M
AT2G21385,AT2G21385
AT2G21390,AT2G21390
SRS3,SRS3
VHA-A2,VHA-A2
AT2G21420,AT2G21420
RD19B,RD19B
AT2G21440,AT2G21440
CHR34,CHR34
AT2G21465,AT2G21465
SAE2,SAE2
AT2G21480,AT2G21480
LEA,LEA
AT2G21500,AT2G21500
AT2G21510,AT2G21510
AT2G07425,AT2G07425
AT2G21520,AT2G21520
AT2G21530,AT2G21530
SFH3,SFH3
AT2G21550,AT2G21550
AT2G21560,AT2G21560
AT2G21570,AT2G21570
RPS25B,RPS25B
APL4,APL4
AT2G21595,AT2G21595
RER1B,RER1B
PE11,PE11
RD2,RD2
AT2G21630,AT2G21630
AT2G21640,AT2G21640
AT2G07435,AT2G07435
AT2G07445,AT2G07445
RL2,RL2
AT2G21655,AT2G21655
RBG7,RBG7
AT2G21680,AT2G21680
AT2G21690,AT2G21690
AT2G21700,AT2G21700
MTERF2,MTERF2
AT2G21720,AT2G21720
AT2G21727,AT2G21727
CAD2,CAD2
CESA9,CESA9
AT2G21780,AT2G21780
RNR1.1,RNR1.1
EME1A,EME1A
AT2G21820,AT2G21820
AT2G21830,AT2G21830
AT2G21840,AT2G21840
AT2G21850,AT2G21850
AT2G21860,AT2G21860
MGP1,MGP1
RABG2,RABG2
CAD3,CAD3
WRKY59,WRKY59
CYP96A5,CYP96A5
AT2G21920,AT2G21920
AT2G21930,AT2G21930
SK1,SK1
SKIP6,SKIP6
AT2G07475,AT2G07475
AT2G21960,AT2G21960
SEP2.1,SEP2.1
AT2G21980,AT2G21980
AT2G21990,AT2G21990
PEP6,PEP6
AT2G07485,AT2G07485
RKP,RKP
AT2G07495,AT2G07495
AT2G22030,AT2G22030
LST8-2,LST8-2
AT2G22050,AT2G22050
AT2G22060,AT2G22060
PCMP-H41,PCMP-H41
AT2G22080,AT2G22080
UBA1A,UBA1A
AT2G22088,AT2G22088
AT2G07515,AT2G07515
UBA1B,UBA1B
AT2G22110,AT2G22110
AT2G22120,AT2G22120
AT2G22122,AT2G22122
CSI1,CSI1
EME1B,EME1B
AT2G22145,AT2G22145
AT2G22155,AT2G22155
AT2G22160,AT2G22160
PLAT2,PLAT2
AT2G07525,AT2G07525
AT2G07535,AT2G07535
AT2G07545,AT2G07545
TPPE,TPPE
ERF056,ERF056
AT2G22220,AT2G22220
AT2G22230,AT2G22230
IPS2,IPS2
PAT,PAT
AT2G22260,AT2G22260
AT2G22270,AT2G22270
AT2G22280,AT2G22280
RABH1D,RABH1D
CAMTA3,CAMTA3
UBP4,UBP4
AT2G22320,AT2G22320
AT2G07555,AT2G07555
CYP79B3,CYP79B3
AT2G22340,AT2G22340
AT2G07575,AT2G07575
AT2G22345,AT2G22345
DJA6,DJA6
MED18,MED18
AT2G22380,AT2G22380
AT2G22400,AT2G22400
PCMP-E28,PCMP-E28
PER17,PER17
AT2G22425,AT2G22425
AT2G22426,AT2G22426
ATHB-6,ATHB-6
AT2G22440,AT2G22440
RIBA2,RIBA2
AT2G22460,AT2G22460
AT2G22465,AT2G22465
AGP2,AGP2
GEM,GEM
PFK5,PFK5
AT2G07585,AT2G07585
AT2G07595,AT2G07595
CYCD2;1,CYCD2;1
AT2G07605,AT2G07605
AT2G07615,AT2G07615
MIR779A,MIR779A
PUMP5,PUMP5
AT2G22510,AT2G22510
AT2G22520,AT2G22520
AT2G22530,AT2G22530
SVP,SVP
NET2D,NET2D
NIC1,NIC1
AT2G22580,AT2G22580
AT2G07645,AT2G07645
UGT91A1,UGT91A1
AT2G22600,AT2G22600
AT2G22610,AT2G22610
AT2G07805,AT2G07805
AT2G22620,AT2G22620
AT2G07840,AT2G07840
AGL17,AGL17
BRK1,BRK1
AT2G22650,AT2G22650
GRDP1,GRDP1
IAA8,IAA8
WAVH1,WAVH1
AT2G22690,AT2G22690
AT2G22720,AT2G22720
AT2G22730,AT2G22730
SUVH6,SUVH6
AT2G07845,AT2G07845
AT2G22750,AT2G22750
BHLH19,BHLH19
NAI1,NAI1
PMDH1,PMDH1
AT2G22790,AT2G22790
AT2G22795,AT2G22795
HAT9,HAT9
AT2G22805,AT2G22805
AT2G22807,AT2G22807
ACS4,ACS4
AT2G22820,AT2G22820
AT2G22821,AT2G22821
SQE2,SQE2
GRF1,GRF1
AtbZIP6,AtbZIP6
AT2G07850,AT2G07850
PSK2,PSK2
EMB2001,EMB2001
AT2G22880,AT2G22880
FAD4L2,FAD4L2
GT7,GT7
AT2G22905,AT2G22905
NAGS1,NAGS1
SCPL12,SCPL12
UGT79B8,UGT79B8
AT2G22940,AT2G22940
AT2G22942,AT2G22942
ACA7.1,ACA7.1
AT2G22955,AT2G22955
AT2G22960,AT2G22960
SCPL11,SCPL11
SCPL13,SCPL13
SNG1,SNG1
AT2G07855,AT2G07855
SCPL10,SCPL10
SCPL9,SCPL9
SRK2J,SRK2J
AT2G23040,AT2G23040
NPY4,NPY4
AT2G23060,AT2G23060
AT2G07860,AT2G07860
AT2G07865,AT2G07865
CKA4,CKA4
CKA3,CKA3
AT2G23090,AT2G23090
AT2G07875,AT2G07875
AT2G23093,AT2G23093
P4H13,P4H13
AT2G23100,AT2G23100
AT2G23110,AT2G23110
AT2G23120,AT2G23120
AT2G23118,AT2G23118
AGP17,AGP17
AT2G23140,AT2G23140
SPH10,SPH10
AT2G07885,AT2G07885
SPH11,SPH11
AT2G07890,AT2G07890
NRAMP3,NRAMP3
AT2G23160,AT2G23160
GH3.3,GH3.3
CYP96A1,CYP96A1
CYP81D7,CYP81D7
AT2G23200,AT2G23200
AT2G23210,AT2G23210
CYP81D6,CYP81D6
UGT84B1,UGT84B1
AT2G23270,AT2G23270
AtMYB70,AtMYB70
AT2G23300,AT2G23300
RER1C,RER1C
AT2G07895,AT2G07895
WRKY15,WRKY15
AT2G23321,AT2G23321
AT2G07900,AT2G07900
ERF008,ERF008
AT2G23348,AT2G23348
MIR844A,MIR844A
PAB4,PAB4
FPP7,FPP7
AT2G23370,AT2G23370
CLF,CLF
AT2G23390,AT2G23390
DPS,DPS
NAPRT2,NAPRT2
KRP1,KRP1
CEP3.1,CEP3.1
AT2G23445,AT2G23445
WAKL14,WAKL14
XLG1,XLG1
RUS4,RUS4
SDT,SDT
AT2G23520,AT2G23520
AT2G23530,AT2G23530
AT2G23540,AT2G23540
AT2G07915,AT2G07915
AT2G07910,AT2G07910
ATMES6,ATMES6
MES7,MES7
MES19,MES19
MES4,MES4
MES8,MES8
AT2G07925,AT2G07925
ACL,ACL
MES3,MES3
MES1,MES1
AT2G07935,AT2G07935
sks16,sks16
RTNLB13,RTNLB13
AT2G23650,AT2G23650
LBD10,LBD10
AT2G23672,AT2G23672
YCF37,YCF37
AT2G23680,AT2G23680
AT2G23690,AT2G23690
AT2G23700,AT2G23700
AT2G07945,AT2G07945
SUVR5,SUVR5
AT2G07950,AT2G07950
AT2G23755,AT2G23755
BLH4,BLH4
LYK4,LYK4
AT2G23780,AT2G23780
AT2G23790,AT2G23790
GGPPS2,GGPPS2
TET8,TET8
AT2G23820,AT2G23820
PVA31,PVA31
AT2G23834,AT2G23834
AT2G23840,AT2G23840
AT2G07960,AT2G07960
AT2G23890,AT2G23890
AT2G23900,AT2G23900
AT2G23910,AT2G23910
SNRNP-G,SNRNP-G
AT2G23940,AT2G23940
AT2G23945,AT2G23945
AT2G07965,AT2G07965
AT2G23950,AT2G23950
GGP4,GGP4
GGP5,GGP5
ATCNGC6,ATCNGC6
AT2G23985,AT2G23985
AT2G23987,AT2G23987
ENODL11,ENODL11
SCPL22,SCPL22
scpl23,scpl23
STIC2,STIC2
AT2G24030,AT2G24030
AT2G24040,AT2G24040
EIF(ISO)4G2,EIF(ISO)4G2
IF3-2,IF3-2
QWRF4,QWRF4
RPL35,RPL35
AT2G24100,AT2G24100
MIR831A,MIR831A
RPOT3,RPOT3
AT2G07970,AT2G07970
AT2G24130,AT2G24130
AT2G24140,AT2G24140
HHP3,HHP3
TMN10,TMN10
CYP71B6,CYP71B6
AT2G24190,AT2G24190
AT2G24195,AT2G24195
LAP1,LAP1
AT2G24205,AT2G24205
TPS10.1,TPS10.1
AT2G07985,AT2G07985
ATPUP5,ATPUP5
AT2G24230,AT2G24230
AT2G07990,AT2G07990
AT2G07995,AT2G07995
AT2G24240,AT2G24240
AT2G24250,AT2G24250
AT2G24255,AT2G24255
BHLH66,BHLH66
ALDH11A3,ALDH11A3
AT2G24280,AT2G24280
AT2G24285,AT2G24285
AT2G24290,AT2G24290
AT2G24300,AT2G24300
AT2G08000,AT2G08000
AT2G24310,AT2G24310
AT2G24320,AT2G24320
AT2G24330,AT2G24330
AT2G08005,AT2G08005
AT2G08010,AT2G08010
AT2G24340,AT2G24340
AT2G24350,AT2G24350
AT2G08020,AT2G08020
STY13,STY13
AT2G08025,AT2G08025
AT2G24370,AT2G24370
AIG2LD,AIG2LD
AT2G24395,AT2G24395
AT2G24400,AT2G24400
AT2G24410,AT2G24410
AT2G24420,AT2G24420
ANAC038,ANAC038
AT2G24440,AT2G24440
FLA3,FLA3
AT2G24460,AT2G24460
AT2G08030,AT2G08030
RPA2A,RPA2A
AT2G24480,AT2G24480
REIL2,REIL2
AT2G08035,AT2G08035
AT2G24510,AT2G24510
AT2G08045,AT2G08045
AT2G08055,AT2G08055
AHA5,AHA5
AT2G24530,AT2G24530
AT2G24535,AT2G24535
AT2G24545,AT2G24545
AFR,AFR
AT2G24550,AT2G24550
AT2G24560,AT2G24560
WRKY17,WRKY17
AT2G24580,AT2G24580
RSZ22A,RSZ22A
AT2G24592,AT2G24592
AT2G24600,AT2G24600
ATCNGC14,ATCNGC14
AT2G24615,AT2G24615
AT2G24625,AT2G24625
CSLC8,CSLC8
UBP19,UBP19
AT2G24645,AT2G24645
REM13,REM13
AT2G24670,AT2G24670
AT2G24680,AT2G24680
REM11,REM11
AT2G24683,AT2G24683
AT2G24690,AT2G24690
AT2G24692,AT2G24692
AT2G24693,AT2G24693
AT2G24696,AT2G24696
REM10,REM10
ATGLR2.3,ATGLR2.3
GLR2.2,GLR2.2
AT2G24735,AT2G24735
SUVH8,SUVH8
AT2G24755,AT2G24755
GDU4,GDU4
ARF3,ARF3
AT2G24780,AT2G24780
COL3,COL3
PER18,PER18
AT2G24810,AT2G24810
TIC55,TIC55
AT2G08060,AT2G08060
AT2G24830,AT2G24830
AGL61,AGL61
TAT3,TAT3
AT2G24860,AT2G24860
AT2G24870,AT2G24870
AT2G24880,AT2G24880
AT2G08070,AT2G08070
MP3,MP3
AT2G24945,AT2G24945
AT2G24950,AT2G24950
AT2G24960,AT2G24960
AT2G24970,AT2G24970
AT2G24980,AT2G24980
AT2G24990,AT2G24990
WRKY60,WRKY60
MAIL1,MAIL1
MIR836A,MIR836A
AT2G08085,AT2G08085
AT2G08090,AT2G08090
AT2G08095,AT2G08095
AT2G25050,AT2G25050
AT2G25055,AT2G25055
ENODL14,ENODL14
PPC4-2,PPC4-2
GPX1,GPX1
CIPK16,CIPK16
AT2G08100,AT2G08100
MIR156A,MIR156A
AT2G25100,AT2G25100
SDF2,SDF2
AT2G08105,AT2G08105
AT2G08110,AT2G08110
AT2G25120,AT2G25120
AT2G25130,AT2G25130
CLPB4,CLPB4
SCT,SCT
CYP82F1,CYP82F1
AT2G25169,AT2G25169
PKL,PKL
MIR862A,MIR862A
AT2G08120,AT2G08120
ARR12,ARR12
AT2G08125,AT2G08125
AT2G25190,AT2G25190
AT2G25200,AT2G25200
AT2G25210,AT2G25210
AT2G25215,AT2G25215
AT2G25125,AT2G25125
AT2G25220,AT2G25220
MYB100,MYB100
AT2G25240,AT2G25240
AT2G25250,AT2G25250
HPAT2,HPAT2
AT2G25270,AT2G25270
AT2G25280,AT2G25280
AT2G08130,AT2G08130
Phox1,Phox1
LCR81,LCR81
AT2G25297,AT2G25297
HPGT3,HPGT3
AT2G25305,AT2G25305
AT2G25310,AT2G25310
AT2G25312,AT2G25312
AT2G25320,AT2G25320
AT2G25330,AT2G25330
VAMP712,VAMP712
AT2G25350,AT2G25350
AT2G25355,AT2G25355
AT2G25360,AT2G25360
AT2G25370,AT2G25370
AT2G25400,AT2G25400
ATL22,ATL22
AT2G25409,AT2G25409
AT2G25420,AT2G25420
AT2G25430,AT2G25430
AtRLP20,AtRLP20
GSL-OH,GSL-OH
AT2G25460,AT2G25460
AtRLP21,AtRLP21
AT2G25480,AT2G25480
AT2G25482,AT2G25482
EBF1,EBF1
AT2G25500,AT2G25500
AT2G25510,AT2G25510
AT2G25520,AT2G25520
AT2G25530,AT2G25530
CESA10,CESA10
AT2G25560,AT2G25560
AT2G25565,AT2G25565
AT2G25570,AT2G25570
PCMP-H75,PCMP-H75
AT2G25590,AT2G25590
AKT6,AKT6
AT2G25605,AT2G25605
AT2G25610,AT2G25610
AtDBP1,AtDBP1
AT2G25625,AT2G25625
BGLU14,BGLU14
AT2G25640,AT2G25640
GPL1,GPL1
emb2410,emb2410
AT2G25670,AT2G25670
MOT1,MOT1
SCRL17,SCRL17
FLZ11,FLZ11
ASK3.1,ASK3.1
HCS1,HCS1
AT2G25720,AT2G25720
AT2G25730,AT2G25730
AT2G25735,AT2G25735
AT2G25737,AT2G25737
AT2G25740,AT2G25740
AT2G25760,AT2G25760
AT2G25770,AT2G25770
AT2G25780,AT2G25780
AT2G25790,AT2G25790
AT2G25800,AT2G25800
TIP4-1,TIP4-1
ERF042,ERF042
AT2G25830,AT2G25830
OVA4,OVA4
PAPS2,PAPS2
YBEY,YBEY
AtAUR2,AtAUR2
AT2G25890,AT2G25890
ATCTH,ATCTH
AT2G25910,AT2G25910
AT2G25920,AT2G25920
ELF3,ELF3
AT2G08135,AT2G08135
ALPHA-VPE,ALPHA-VPE
AT2G25950,AT2G25950
AT2G25964,AT2G25964
AT2G25970,AT2G25970
JAL20,JAL20
AT2G25990,AT2G25990
BRIZ2,BRIZ2
PDF1.3,PDF1.3
PDF1.2B,PDF1.2B
AT2G26030,AT2G26030
PYL2,PYL2
AT2G26050,AT2G26050
CIA1,CIA1
RTE1,RTE1
GLDP2,GLDP2
AT2G26090,AT2G26090
B3GALT12,B3GALT12
AT2G26110,AT2G26110
AT2G26120,AT2G26120
AT2G26130,AT2G26130
AT2G26135,AT2G26135
FTSH4,FTSH4
HSFA2,HSFA2
AT2G26160,AT2G26160
CYP711A1,CYP711A1
IQD6,IQD6
IQM4,IQM4
AT2G26200,AT2G26200
AT2G26210,AT2G26210
MIR825A,MIR825A
AT2G26230,AT2G26230
FAX7,FAX7
FDH,FDH
3BETAHSD/D2,3BETAHSD/D2
AT2G26270,AT2G26270
CID7,CID7
PBL12,PBL12
GPA1,GPA1
FAP2,FAP2
AGL33,AGL33
ERECTA,ERECTA
AT2G26340,AT2G26340
PEX10,PEX10
AT2G26355,AT2G26355
AT2G26360,AT2G26360
AT2G26370,AT2G26370
AT2G26380,AT2G26380
AT2G26390,AT2G26390
ARD,ARD
Iqd4,Iqd4
PIP5K3,PIP5K3
CYCL1-1,CYCL1-1
PME12,PME12
PME13,PME13
SMU2,SMU2
AT2G26470,AT2G26470
UGT76D1,UGT76D1
JGB,JGB
AT2G26500,AT2G26500
NAT3,NAT3
AT2G26515,AT2G26515
AT2G26520,AT2G26520
AR781,AR781
UROS,UROS
HO2,HO2
PLP2,PLP2
WEB1,WEB1
YAB5,YAB5
RPN13,RPN13
AT2G26600,AT2G26600
AT2G26610,AT2G26610
AT2G26620,AT2G26620
KCS11,KCS11
AKT1,AKT1
SPX2,SPX2
HO1,HO1
AT2G26680,AT2G26680
NPF6.2,NPF6.2
AT2G26692,AT2G26692
AT2G08155,AT2G08155
AT2G26695,AT2G26695
PID2,PID2
CYP734A1,CYP734A1
AT2G26720,AT2G26720
AT2G26730,AT2G26730
ATSEH,ATSEH
AT2G26750,AT2G26750
CYCB1-4,CYCB1-4
SCAB1,SCAB1
AT2G08175,AT2G08175
AT2G26780,AT2G26780
AT2G26790,AT2G26790
HMGCL,HMGCL
AT2G26810,AT2G26810
ATPP2-A3,ATPP2-A3
EMB1187,EMB1187
AT2G26840,AT2G26840
AT2G26850,AT2G26850
AT2G26860,AT2G26860
NPC2,NPC2
AGL41,AGL41
AT2G26882,AT2G26882
GRV2,GRV2
BASS2,BASS2
ABCG32,ABCG32
AT2G26920,AT2G26920
ISPE,ISPE
AT2G26940,AT2G26940
AtMYB81,AtMYB81
AT2G08190,AT2G08190
AT2G26970,AT2G26970
COPT6,COPT6
CIPK3,CIPK3
CSN2,CSN2
CYP705A8,CYP705A8
CYP705A9,CYP705A9
PAG1,PAG1
CAM5.1,CAM5.1
ENODL20,ENODL20
AGO4,AGO4
EIL1,EIL1
AT2G27060,AT2G27060
ARR13,ARR13
NHL13,NHL13
AT2G27090,AT2G27090
SE,SE
FRS3,FRS3
POL2B,POL2B
XYP11,XYP11
AT2G27140,AT2G27140
LCR9,LCR9
AAO3,AAO3
AT2G27160,AT2G27160
SMC3,SMC3
AT2G27180,AT2G27180
PAP12.1,PAP12.1
LSG1-1,LSG1-1
BSL3,BSL3
BLH5,BLH5
AT2G27229,AT2G27229
LHW,LHW
ALMT7,ALMT7
CLV3,CLV3
AT2G27260,AT2G27260
AT2G27270,AT2G27270
AT2G27280,AT2G27280
AT2G27285,AT2G27285
AT2G27290,AT2G27290
NTL8,NTL8
AT2G27310,AT2G27310
AT2G27313,AT2G27313
AT2G27315,AT2G27315
AT2G27320,AT2G27320
AT2G27330,AT2G27330
AT2G27340,AT2G27340
AT2G27350,AT2G27350
AT2G27360,AT2G27360
CASP3,CASP3
EPR1,EPR1
AT2G27385,AT2G27385
AT2G08195,AT2G08195
AT2G27389,AT2G27389
AT2G27390,AT2G27390
TAS1A,TAS1A
AT2G27402,AT2G27402
AT2G27410,AT2G27410
AT2G27420,AT2G27420
AT2G27430,AT2G27430
CPA,CPA
AT2G27460,AT2G27460
NF-YB11,NF-YB11
CML48,CML48
COAE,COAE
AT2G27500,AT2G27500
AT2G27505,AT2G27505
AT2G27507,AT2G27507
FD3,FD3
AT2G27520,AT2G27520
RPL10AB,RPL10AB
CEN,CEN
AT2G27560,AT2G27560
SOT4,SOT4
SAP3,SAP3
AT2G27590,AT2G27590
SKD1,SKD1
PCMP-H60,PCMP-H60
AT2G27630,AT2G27630
AT2G27650,AT2G27650
AT2G27660,AT2G27660
AT2G27670,AT2G27670
AT2G27680,AT2G27680
CYP94C1,CYP94C1
AT2G27700,AT2G27700
RPP2B,RPP2B
AT2G27720,AT2G27720
AT2G27730,AT2G27730
AT2G27740,AT2G27740
AT2G27750,AT2G27750
IPT2,IPT2
AT2G08210,AT2G08210
AT2G27770,AT2G27770
AT2G27775,AT2G27775
AT2G27780,AT2G27780
AT2G27790,AT2G27790
AT2G27800,AT2G27800
ATNAT12,ATNAT12
ADT3,ADT3
AT2G27830,AT2G27830
HDT4,HDT4
AT2G27850,AT2G27850
AXS1,AXS1
AGO5,AGO5
AT2G27900,AT2G27900
SCPL51,SCPL51
AT2G27930,AT2G27930
ATL57,ATL57
AT2G27950,AT2G27950
CKS1,CKS1
CKS2,CKS2
AT2G27980,AT2G27980
BLH8,BLH8
CPN60A1,CPN60A1
AT2G28010,AT2G28010
AT2G28020,AT2G28020
AT2G28030,AT2G28030
AT2G28040,AT2G28040
AT2G28050,AT2G28050
AT2G08215,AT2G08215
MIR172A,MIR172A
KINB3,KINB3
AT2G08220,AT2G08220
AT2G08230,AT2G08230
ABCG3,ABCG3
UGT86A2,UGT86A2
AT2G28085,AT2G28085
HIPP01,HIPP01
FUC1,FUC1
AT2G08235,AT2G08235
AT2G28105,AT2G28105
IRX7,IRX7
AT2G28120,AT2G28120
AT2G28130,AT2G28130
AT2G28140,AT2G28140
AT2G28150,AT2G28150
FIT,FIT
CHX7,CHX7
AT2G08240,AT2G08240
CHX8,CHX8
CSD2,CSD2
ZAT5,ZAT5
AT2G08250,AT2G08250
ATACA2,ATACA2
AT2G28220,AT2G28220
AT2G28225,AT2G28225
MED20A,MED20A
AT2G28240,AT2G28240
NCRK,NCRK
AT2G08255,AT2G08255
CNGC15,CNGC15
AT2G08260,AT2G08260
SYD,SYD
LOG1,LOG1
AT2G28310,AT2G28310
UXT1,UXT1
AT2G28320,AT2G28320
SMR11,SMR11
GATA13,GATA13
ARF10,ARF10
LCR5,LCR5
AT2G28360,AT2G28360
AT2G28370,AT2G28370
DRB2,DRB2
MON1,MON1
AT2G08265,AT2G08265
AT2G28400,AT2G28400
LCR32,LCR32
AT2G28410,AT2G28410
AT2G28420,AT2G28420
AT2G28426,AT2G28426
AT2G28430,AT2G28430
AT2G28440,AT2G28440
AT2G28450,AT2G28450
AT2G28460,AT2G28460
BGAL8,BGAL8
AT2G28480,AT2G28480
AT2G28490,AT2G28490
LBD11,LBD11
DOF2.1,DOF2.1
VHA-A1,VHA-A1
AT2G28540,AT2G28540
RAP2.7,RAP2.7
ATRAD51B,ATRAD51B
AT2G28570,AT2G28570
AT2G28580,AT2G28580
PBL6,PBL6
AT2G28600,AT2G28600
PPD2,PPD2
WOX3,WOX3
AT2G28620,AT2G28620
AT2G08275,AT2G08275
AT2G28625,AT2G28625
AT2G08285,AT2G08285
KCS12,KCS12
ATEXO70H5,ATEXO70H5
ATEXO70H8,ATEXO70H8
AT2G28660,AT2G28660
AT2G28671,AT2G28671
AT2G28670,AT2G28670
AT2G28680,AT2G28680
AT2G28690,AT2G28690
AGL46,AGL46
AT2G08290,AT2G08290
AT2G28710,AT2G28710
AT2G28720,AT2G28720
AT2G28725,AT2G28725
AT2G28730,AT2G28730
HIS4,HIS4
AT2G28755,AT2G28755
UXS6,UXS6
AT2G28770,AT2G28770
AT2G28780,AT2G28780
AT2G08295,AT2G08295
AT2G28790,AT2G28790
ALB3,ALB3
DOF2.2,DOF2.2
AT2G28815,AT2G28815
PUB12,PUB12
XBAT31,XBAT31
CYP710A3,CYP710A3
AT2G08300,AT2G08300
SMR10,SMR10
ADCS,ADCS
PLL4,PLL4
OEP161,OEP161
CXIP4,CXIP4
AT2G28920,AT2G28920
APK1B,APK1B
AT2G28940,AT2G28940
AT2G08305,AT2G08305
EXPA6,EXPA6
AT2G28960,AT2G28960
AT2G28970,AT2G28970
AT2G08310,AT2G08310
AT2G28990,AT2G28990
AT2G29000,AT2G29000
AT2G29020,AT2G29020
AT2G29030,AT2G29030
AT2G29040,AT2G29040
LCR62,LCR62
RBL1,RBL1
SCL33,SCL33
SCL34,SCL34
AT2G29070,AT2G29070
FTSH3,FTSH3
CYP707A2,CYP707A2
AT2G08315,AT2G08315
ATGLR2.9,ATGLR2.9
ATGLR2.8,ATGLR2.8
GLR2.7,GLR2.7
AT2G08320,AT2G08320
RTFL2,RTFL2
LAC2,LAC2
APUM3,APUM3
AT2G29150,AT2G29150
AT2G29170,AT2G29170
AT2G29180,AT2G29180
AT2G08330,AT2G08330
APUM2,APUM2
AT2G08335,AT2G08335
APUM1,APUM1
AT2G29210,AT2G29210
LECRK31,LECRK31
LECRK32,LECRK32
AT2G29260,AT2G29260
AT2G29263,AT2G29263
AT2G29290,AT2G29290
AT2G29300,AT2G29300
AT2G29310,AT2G29310
AT2G29320,AT2G29320
TRI,TRI
AT2G29340,AT2G29340
SAG13,SAG13
SDR,SDR
AT2G29370,AT2G29370
HAI3,HAI3
SMO2-1,SMO2-1
TOPP1,TOPP1
MTPB,MTPB
GSTU7,GSTU7
AT2G08340,AT2G08340
AT2G29430,AT2G29430
GSTU6,GSTU6
GSTU5,GSTU5
AT2G29452,AT2G29452
GSTU4,GSTU4
GSTU3,GSTU3
GSTU2,GSTU2
AT2G29485,AT2G29485
GSTU1,GSTU1
HSP17.6B,HSP17.6B
AT2G29510,AT2G29510
AT2G29520,AT2G29520
IPCS3,IPCS3
AT2G08345,AT2G08345
TIM10,TIM10
AT2G08350,AT2G08350
ATRPC14,ATRPC14
TUBB7,TUBB7
ENO3,ENO3
PCNA2,PCNA2
AT2G29580,AT2G29580
AT2G29590,AT2G29590
AT2G29600,AT2G29600
AT2G29605,AT2G29605
AT2G29620,AT2G29620
AT2G29628,AT2G29628
THIC,THIC
JOSL,JOSL
ANTR1,ANTR1
AT2G29660,AT2G29660
AT2G29670,AT2G29670
CDC6,CDC6
AT2G29679,AT2G29679
ASA2,ASA2
PH1,PH1
UGT71D2,UGT71D2
CTF2B,CTF2B
UGT71D1,UGT71D1
AT2G29735,AT2G29735
UGT71C2,UGT71C2
UGT71C1,UGT71C1
PCMP-H33,PCMP-H33
AT2G29770,AT2G29770
AT2G29790,AT2G29790
AT2G29800,AT2G29800
AT2G29840,AT2G29840
AT2G29850,AT2G29850
AT2G29870,AT2G29870
AT2G29880,AT2G29880
VLN1,VLN1
PS2.1,PS2.1
AT2G29910,AT2G29910
AT2G29920,AT2G29920
AT2G29925,AT2G29925
AT2G29930,AT2G29930
ABCG31,ABCG31
EFL1,EFL1
CYP19-4,CYP19-4
AT2G08355,AT2G08355
SMXL7,SMXL7
FAD3,FAD3
NDA2,NDA2
PSY3,PSY3
AT2G30000,AT2G30000
TBL45,TBL45
AT2G30020,AT2G30020
AT2G08360,AT2G08360
MAPKKK14,MAPKKK14
SEC13B,SEC13B
RANBP1B,RANBP1B
POT1,POT1
ZIP6,ZIP6
AT2G30090,AT2G30090
AT2G30100,AT2G30100
AT2G30105,AT2G30105
UBA1,UBA1
AT2G30115,AT2G30115
AT2G30120,AT2G30120
LBD12,LBD12
UGT87A2,UGT87A2
AT2G30150,AT2G30150
AT2G30160,AT2G30160
AT2G30170,AT2G30170
AT2G30180,AT2G30180
AT2G08370,AT2G08370
AT2G30190,AT2G30190
AT2G08375,AT2G08375
AT2G30200,AT2G30200
LAC3,LAC3
AT2G30230,AT2G30230
CHX13,CHX13
WRKY25,WRKY25
U2B'',U2B''
AT2G30270,AT2G30270
RDM4,RDM4
AT2G30300,AT2G30300
AT2G30310,AT2G30310
AT2G30320,AT2G30320
BLOS1,BLOS1
LBD13,LBD13
AT2G30350,AT2G30350
CIPK11,CIPK11
AT2G30362,AT2G30362
CHAL,CHAL
AT2G08380,AT2G08380
AT2G30380,AT2G30380
AT2G30385,AT2G30385
FC2,FC2
OFP17,OFP17
OFP2,OFP2
AT2G08385,AT2G08385
TFCA,TFCA
ETC2,ETC2
TCL2,TCL2
AT2G30430,AT2G30430
TCL1,TCL1
TPP1,TPP1
AT2G08390,AT2G08390
AT2G30450,AT2G30450
UXT2,UXT2
VAL1,VAL1
AT2G30480,AT2G30480
CYP73A5,CYP73A5
NET4B,NET4B
AT2G30505,AT2G30505
RPT2,RPT2
AT2G08395,AT2G08395
AT2G08400,AT2G08400
AT2G30530,AT2G30530
GRXS9,GRXS9
AT2G30550,AT2G30550
AT2G30560,AT2G30560
PSBW,PSBW
GAUT5,GAUT5
DRIP2,DRIP2
WRKY21,WRKY21
AT2G30600,AT2G30600
AT2G30615,AT2G30615
AT2G08405,AT2G08405
AT2G30620,AT2G30620
AT2G30630,AT2G30630
AT2G08410,AT2G08410
AT2G30650,AT2G30650
AT2G30660,AT2G30660
AT2G30670,AT2G30670
AT2G30680,AT2G30680
MYOB4,MYOB4
AT2G30695,AT2G30695
AT2G30700,AT2G30700
AT2G30710,AT2G30710
AT2G30720,AT2G30720
AT2G30730,AT2G30730
PTI12,PTI12
CYP71A12,CYP71A12
AT2G30760,AT2G30760
AT2G30766,AT2G30766
CYP71A13,CYP71A13
AT2G30780,AT2G30780
PSBP2,PSBP2
HVT1,HVT1
AT2G30820,AT2G30820
AT2G30830,AT2G30830
AT2G30840,AT2G30840
AT2G30850,AT2G30850
GSTF9,GSTF9
GSTF10,GSTF10
AT2G30880,AT2G30880
AT2G30890,AT2G30890
TBL43,TBL43
ARPC1A,ARPC1A
COQ3,COQ3
AT2G30925,AT2G30925
AT2G30930,AT2G30930
AT2G30933,AT2G30933
AT2G08415,AT2G08415
AT2G30940,AT2G30940
AT2G30942,AT2G30942
AT2G30945,AT2G30945
VAR2,VAR2
AT2G08420,AT2G08420
AT2G30960,AT2G30960
AT2G08425,AT2G08425
ASP1,ASP1
ASK6.1,ASK6.1
AT2G30984,AT2G30984
AT2G30985,AT2G30985
AT2G30990,AT2G30990
AT2G31005,AT2G31005
AT2G31010,AT2G31010
ORP1A,ORP1A
AT2G31018,AT2G31018
ORP1B,ORP1B
CGL160,CGL160
AT2G31035,AT2G31035
AT2G31050,AT2G31050
AT2G31060,AT2G31060
TCP10,TCP10
CLE5,CLE5
CLE6,CLE6
AT2G31090,AT2G31090
AT2G31100,AT2G31100
TBL40,TBL40
AT2G31130,AT2G31130
AT2G31140,AT2G31140
AT2G31141,AT2G31141
AT2G31150,AT2G31150
LSH3,LSH3
SYCO,SYCO
MYB14,MYB14
RUS2,RUS2
ADF6,ADF6
BHLH91,BHLH91
BHLH138,BHLH138
BHLH10,BHLH10
ERF15,ERF15
AT2G31240,AT2G31240
HEMA3,HEMA3
ATG9,ATG9
AT2G31265,AT2G31265
CDT1A,CDT1A
CPUORF7,CPUORF7
AT2G31290,AT2G31290
ARPC1B,ARPC1B
INH3,INH3
AT2G08430,AT2G08430
LBD14,LBD14
PARP1,PARP1
AT2G31335,AT2G31335
emb1381,emb1381
AT2G31345,AT2G31345
GLX2-5,GLX2-5
ADS2,ADS2
POSF21,POSF21
BBX25,BBX25
AT2G31390,AT2G31390
AT2G08435,AT2G08435
GUN1,GUN1
AT2G31410,AT2G31410
AT2G31420,AT2G31420
AT2G31425,AT2G31425
PMEI5,PMEI5
AT2G31432,AT2G31432
AT2G31440,AT2G31440
NTH1,NTH1
AT2G31460,AT2G31460
DOR,DOR
AT2G31480,AT2G31480
AT2G31490,AT2G31490
CPK24,CPK24
ARI7,ARI7
SCY2,SCY2
AT2G31540,AT2G31540
AT2G31550,AT2G31550
AT2G31560,AT2G31560
GPX2,GPX2
AT2G08440,AT2G08440
THG1,THG1
AT2G31585,AT2G31585
AT2G31590,AT2G31590
AT2G31600,AT2G31600
RPS3A,RPS3A
CRRSP10,CRRSP10
ATX1.1,ATX1.1
SAD2,SAD2
UP3,UP3
RABA5D,RABA5D
AT2G31690,AT2G31690
AT2G31700,AT2G31700
AT2G31710,AT2G31710
ARF70,ARF70
AT2G31725,AT2G31725
BHLH154,BHLH154
AT2G31740,AT2G31740
UGT74D1,UGT74D1
AT2G31751,AT2G31751
AT2G08445,AT2G08445
AT2G08450,AT2G08450
AT2G08455,AT2G08455
AT2G08460,AT2G08460
AT2G08465,AT2G08465
ARI10,ARI10
ATARI11,ATARI11
UGT74C1,UGT74C1
AT2G08470,AT2G08470
AT2G31800,AT2G31800
AT2G31810,AT2G31810
AT2G31820,AT2G31820
AT2G31830,AT2G31830
MRL7L,MRL7L
AT2G31850,AT2G31850
AT2G31862,AT2G31862
PARG2,PARG2
PARG1,PARG1
SOBIR1,SOBIR1
AT2G08475,AT2G08475
RAP,RAP
AT2G08480,AT2G08480
XIF,XIF
AT2G31902,AT2G31902
AT2G08485,AT2G08485
CHX21,CHX21
AT2G08490,AT2G08490
AT2G31920,AT2G31920
AT2G31930,AT2G31930
AT2G31940,AT2G31940
AT2G31945,AT2G31945
LCR76,LCR76
CNX2,CNX2
LCR75,LCR75
CALS2,CALS2
AT2G08500,AT2G08500
RAD50,RAD50
CYS2,CYS2
AT2G31981,AT2G31981
AT2G31990,AT2G31990
OBAP1B,OBAP1B
AT2G32000,AT2G32000
IP5P7,IP5P7
AT2G32020,AT2G32020
AT2G32030,AT2G32030
AT2G32040,AT2G32040
AT2G32050,AT2G32050
CAF1-7,CAF1-7
PURA1,PURA1
AT2G32090,AT2G32090
OFP16,OFP16
AT2G32110,AT2G32110
HSP70-8,HSP70-8
AT2G32130,AT2G32130
AT2G32140,AT2G32140
AT2G32150,AT2G32150
AT2G32160,AT2G32160
AT2G32170,AT2G32170
AT2G32179,AT2G32179
PTAC18,PTAC18
AT2G32190,AT2G32190
AT2G32200,AT2G32200
AT2G32210,AT2G32210
RPL27A,RPL27A
PRORP1,PRORP1
AT2G32235,AT2G32235
AT2G32240,AT2G32240
FRS2,FRS2
CCT1.1,CCT1.1
AT2G08505,AT2G08505
ZIP3,ZIP3
AT2G32280,AT2G32280
BAM6,BAM6
AT2G32295,AT2G32295
UCC1,UCC1
AT2G32310,AT2G32310
AT2G32315,AT2G32315
THG2,THG2
AT2G32340,AT2G32340
AT2G32350,AT2G32350
HDG3,HDG3
AT2G32380,AT2G32380
GLR3.5,GLR3.5
GLR3.7,GLR3.7
AXL1,AXL1
RRP6L3,RRP6L3
B3GALT3,B3GALT3
KAO2,KAO2
AT2G32450,AT2G32450
MYB101,MYB101
AT2G32470,AT2G32470
AT2G08520,AT2G08520
ARASP,ARASP
AT2G08525,AT2G08525
AT2G32487,AT2G32487
AT2G32500,AT2G32500
MAPKKK17,MAPKKK17
AT2G32520,AT2G32520
CSLB3,CSLB3
CSLB4,CSLB4
AT2G32550,AT2G32550
AT2G32560,AT2G32560
AT2G32580,AT2G32580
CAPH,CAPH
AT2G32600,AT2G32600
CSLB1,CSLB1
AT2G32630,AT2G32630
AT2G32640,AT2G32640
AT2G32650,AT2G32650
AT2G08530,AT2G08530
AT2G32645,AT2G32645
AtRLP22,AtRLP22
AT2G08535,AT2G08535
VAMP725,VAMP725
AtRLP23,AtRLP23
GRP23.1,GRP23.1
MIR407,MIR407
LUH,LUH
KRP4,KRP4
CYTB5-B,CYTB5-B
RPN2A,RPN2A
GT13,GT13
AT2G32750,AT2G32750
AT2G32760,AT2G32760
SUMO5,SUMO5
PAP13,PAP13
UBP1,UBP1
AT2G08540,AT2G08540
AT2G32788,AT2G32788
AT2G32790,AT2G32790
AT2G32795,AT2G32795
AT2G08545,AT2G08545
LECRKS2,LECRKS2
BGAL9,BGAL9
AT2G32820,AT2G32820
PHT1-5,PHT1-5
AT2G32840,AT2G32840
AT2G32850,AT2G32850
BGLU33,BGLU33
AT2G32870,AT2G32870
AT2G32880,AT2G32880
AT2G32885,AT2G32885
RALFL17,RALFL17
ZW10,ZW10
AT2G32905,AT2G32905
AT2G32910,AT2G32910
PDIL2-3,PDIL2-3
ZFN2,ZFN2
AGO6,AGO6
COP1,COP1
DSP2,DSP2
AT2G32970,AT2G32970
AUG2,AUG2
AtGH9B8,AtGH9B8
AT2G33000,AT2G33000
AT2G33010,AT2G33010
AtRLP24,AtRLP24
AtRLP25,AtRLP25
ATPC,ATPC
AT2G33051,AT2G33051
AtRLP26,AtRLP26
AtRLP27,AtRLP27
NSP2,NSP2
AtRLP28,AtRLP28
AT2G33090,AT2G33090
CSLD1,CSLD1
VAMP723,VAMP723
SAR1.1,SAR1.1
RALFL18,RALFL18
AT2G33140,AT2G33140
PED1,PED1
AT2G33160,AT2G33160
AT2G33170,AT2G33170
AT2G33175,AT2G33175
AT2G33180,AT2G33180
AT2G33190,AT2G33190
AT2G33200,AT2G33200
AT2G33205,AT2G33205
HSP60-2,HSP60-2
AT2G33220,AT2G33220
YUC7,YUC7
LCR49,LCR49
XI-D,XI-D
AT2G33250,AT2G33250
AT2G33255,AT2G33255
AT2G08555,AT2G08555
AT2G33260,AT2G33260
ACHT3,ACHT3
AT2G33280,AT2G33280
AT2G08560,AT2G08560
SUVH2,SUVH2
AT2G33300,AT2G33300
IAA13,IAA13
AT2G33320,AT2G33320
CRRSP11,CRRSP11
AT2G08570,AT2G08570
PRP19B,PRP19B
AT2G33350,AT2G33350
AT2G33360,AT2G33360
RPL23A.2,RPL23A.2
PXG3,PXG3
ARPC2B,ARPC2B
AT2G33390,AT2G33390
AT2G08575,AT2G08575
AT2G33400,AT2G33400
AT2G33410,AT2G33410
AT2G33420,AT2G33420
AT2G08580,AT2G08580
AT2G08585,AT2G08585
AT2G33435,AT2G33435
RPL28,RPL28
RIC1,RIC1
GLTP1,GLTP1
NAC041,NAC041
AT2G33490,AT2G33490
COL14,COL14
AT2G33510,AT2G33510
AT2G33520,AT2G33520
SCPL46,SCPL46
CPL3,CPL3
ASR3,ASR3
BUBR1,BUBR1
GALS1,GALS1
LYK5,LYK5
AT2G33585,AT2G33585
AT2G33590,AT2G33590
AT2G33600,AT2G33600
SWI3B,SWI3B
AHL10,AHL10
AT2G08595,AT2G08595
AT2G33630,AT2G33630
PAT21,PAT21
AT2G33655,AT2G33655
AT2G33650,AT2G33650
AT2G33660,AT2G33660
MLO5,MLO5
AT2G33680,AT2G33680
AT2G33685,AT2G33685
AT2G33690,AT2G33690
PP2C27,PP2C27
AT2G33705,AT2G33705
AT2G33710,AT2G33710
AT2G33720,AT2G33720
RH21,RH21
AT2G33735,AT2G33735
CUTA,CUTA
PUP2,PUP2
PCMP-H6,PCMP-H6
UBC24,UBC24
AT2G08610,AT2G08610
RALFL19,RALFL19
VQ13,VQ13
AT2G08620,AT2G08620
AT2G08625,AT2G08625
AGP30,AGP30
AT2G33793,AT2G33793
AT2G33796,AT2G33796
RPS5.1,RPS5.1
AT2G08630,AT2G08630
SPL3,SPL3
AT2G33815,AT2G33815
ATMBAC1,ATMBAC1
DRMH1,DRMH1
FES1,FES1
AT2G33840,AT2G33840
AT2G33845,AT2G33845
AT2G08635,AT2G08635
AT2G33847,AT2G33847
AT2G08640,AT2G08640
AT2G33850,AT2G33850
AT2G33855,AT2G33855
ARF3.1,ARF3.1
AT2G08645,AT2G08645
RABA1H,RABA1H
WOX9,WOX9
atnudt22,atnudt22
AT2G33890,AT2G33890
AT2G33900,AT2G33900
AT2G33910,AT2G33910
AT2G33920,AT2G33920
AT2G33930,AT2G33930
AT2G33940,AT2G33940
AT2G33950,AT2G33950
AT2G33960,AT2G33960
AT2G33970,AT2G33970
iqd9,iqd9
AT2G34000,AT2G34000
SPEAR2,SPEAR2
AT2G34020,AT2G34020
AT2G34030,AT2G34030
AT2G34040,AT2G34040
AT2G34050,AT2G34050
PER19,PER19
TBL37,TBL37
AT2G34110,AT2G34110
AT2G34080,AT2G34080
AT2G08650,AT2G08650
MEE18,MEE18
AT2G34100,AT2G34100
AT2G34120,AT2G34120
AT2G34123,AT2G34123
CDF4,CDF4
SCAR1,SCAR1
AT2G34160,AT2G34160
AT2G34170,AT2G34170
CIPK13,CIPK13
AT2G08655,AT2G08655
AT2G34185,AT2G34185
AT2G34186,AT2G34186
NAT2,NAT2
AT2G34200,AT2G34200
MIR399D,MIR399D
MIR399F,MIR399F
AT2G34210,AT2G34210
MEE20,MEE20
AT2G34224,AT2G34224
AT2G34230,AT2G34230
AT2G34238,AT2G34238
AT2G34240,AT2G34240
AT2G34250,AT2G34250
WDR55,WDR55
AT2G34270,AT2G34270
AT2G34280,AT2G34280
AT2G34290,AT2G34290
AT2G34300,AT2G34300
AT2G34310,AT2G34310
AT2G34315,AT2G34315
AT2G34317,AT2G34317
AT2G34320,AT2G34320
AT2G34325,AT2G34325
AT2G34330,AT2G34330
AT2G34340,AT2G34340
AT2G34350,AT2G34350
AT2G34355,AT2G34355
AT2G34357,AT2G34357
DTX15,DTX15
PCMP-H25,PCMP-H25
SEI3,SEI3
AT2G08660,AT2G08660
NIP2-1,NIP2-1
PCMP-E23,PCMP-E23
RWA3,RWA3
AT2G08665,AT2G08665
LHB1B2,LHB1B2
LHB1B1,LHB1B1
AT2G34450,AT2G34450
AGL29,AGL29
AT2G34460,AT2G34460
UREG,UREG
AT2G34480,AT2G34480
CYP710A2,CYP710A2
CYP710A1,CYP710A1
AT2G34510,AT2G34510
AT2G34530,AT2G34530
AT2G34540,AT2G34540
GA2OX3,GA2OX3
AT2G34560,AT2G34560
MEE21,MEE21
AT2G34580,AT2G34580
AT2G34585,AT2G34585
E1-BETA-2,E1-BETA-2
TIFY 5B,TIFY 5B
AT2G34610,AT2G34610
AT2G34620,AT2G34620
SPS3.1,SPS3.1
PTAC12,PTAC12
PID,PID
AT2G34655,AT2G34655
ABCC2.1,ABCC2.1
AT2G34670,AT2G34670
AIR9,AIR9
ACD11,ACD11
AT2G34700,AT2G34700
ATHB-14,ATHB-14
NFYA4,NFYA4
WAP,WAP
AT2G34740,AT2G34740
AT2G34750,AT2G34750
FAH1,FAH1
AT2G08680,AT2G08680
MEE22,MEE22
MEE23,MEE23
AT2G08685,AT2G08685
AT2G34810,AT2G34810
RALFL20,RALFL20
WRKY35,WRKY35
AT2G34840,AT2G34840
MEE25,MEE25
AT2G08690,AT2G08690
PSA2,PSA2
MEE26,MEE26
JMJ15,JMJ15
AT2G34890,AT2G34890
GTE1,GTE1
AT2G34910,AT2G34910
AT2G08695,AT2G08695
EDA18,EDA18
AT2G08700,AT2G08700
AT2G08705,AT2G08705
CLE42,CLE42
AT2G34930,AT2G34930
VSR5,VSR5
AT2G34950,AT2G34950
CAT5,CAT5
AT2G34970,AT2G34970
PIGC,PIGC
AT2G34985,AT2G34985
AT2G34990,AT2G34990
ATL9,ATL9
ATO1,ATO1
GLCNAC1PUT2,GLCNAC1PUT2
PCMP-E15,PCMP-E15
URED,URED
AT2G35040,AT2G35040
AT2G35050,AT2G35050
KUP11,KUP11
AT2G35070,AT2G35070
AT2G35075,AT2G35075
AT2G35080,AT2G35080
AT2G35090,AT2G35090
ARAD1,ARAD1
NAP1,NAP1
GDH2.1,GDH2.1
AT2G35130,AT2G35130
AT2G35140,AT2G35140
EXL7,EXL7
AT2G35155,AT2G35155
SUVH5,SUVH5
AT2G08710,AT2G08710
AT2G35170,AT2G35170
NPSN11,NPSN11
AT2G35200,AT2G35200
AGD10,AGD10
AT2G35215,AT2G35215
AT2G35220,AT2G35220
IKU1,IKU1
MORF6,MORF6
AT2G35250,AT2G35250
AT2G35260,AT2G35260
AHL21,AHL21
AT2G35280,AT2G35280
AT2G35290,AT2G35290
LEA18,LEA18
AT2G35310,AT2G35310
ATEYA,ATEYA
AT2G35330,AT2G35330
MEE29,MEE29
AT2G35343,AT2G35343
AT2G35345,AT2G35345
PLL1,PLL1
AT2G35360,AT2G35360
GDH1.1,GDH1.1
PER20,PER20
AT2G35382,AT2G35382
AT2G35384,AT2G35384
AT2G35387,AT2G35387
AT2G08725,AT2G08725
PRS1,PRS1
AT2G35410,AT2G35410
ATL28,ATL28
AT2G08730,AT2G08730
AT2G35430,AT2G35430
AT2G35450,AT2G35450
AT2G35460,AT2G35460
AT2G08735,AT2G08735
AT2G35470,AT2G35470
AT2G35480,AT2G35480
PAP3.1,PAP3.1
SKL2,SKL2
SRO1,SRO1
DAD2,DAD2
BZIP16,BZIP16
AT2G35540,AT2G35540
BPC7,BPC7
AT2G35555,AT2G35555
AT2G35580,AT2G35580
AT2G35585,AT2G35585
BRXL1,BRXL1
AT2G35605,AT2G35605
XEG113,XEG113
CEP4,CEP4
AT2G35615,AT2G35615
FEI2,FEI2
MOR1,MOR1
RUB2,RUB2
AT2G35637,AT2G35637
AT2G35640,AT2G35640
CSLA7,CSLA7
CTF2A,CTF2A
AT2G08740,AT2G08740
AT2G35658,AT2G35658
AT2G08745,AT2G08745
FIS2,FIS2
DSP8,DSP8
AT2G08750,AT2G08750
ACX1.2,ACX1.2
ERF038,ERF038
PGSIP8,PGSIP8
ATJ13,ATJ13
AT2G35730,AT2G35730
AT2G35736,AT2G35736
AT2G35733,AT2G35733
AT2G35738,AT2G35738
INT3,INT3
AT2G35742,AT2G35742
AT2G08755,AT2G08755
AT2G08760,AT2G08760
AT2G08765,AT2G08765
AT2G35744,AT2G35744
AT2G35750,AT2G35750
AT2G35760,AT2G35760
AT2G35765,AT2G35765
SCPL28,SCPL28
SCPL26,SCPL26
AT2G35790,AT2G35790
TIM14-1,TIM14-1
AT2G35800,AT2G35800
AT2G35810,AT2G35810
AT2G35820,AT2G35820
AT2G35830,AT2G35830
SPP2.1,SPP2.1
AT2G35859,AT2G35859
FLA16,FLA16
WDL4,WDL4
AT2G08775,AT2G08775
CPK25,CPK25
AT2G35900,AT2G35900
ATL70,ATL70
AT2G35920,AT2G35920
PUB23,PUB23
AT2G35935,AT2G35935
BLH1,BLH1
AT2G35945,AT2G35945
EDA12,EDA12
NHL12,NHL12
AT2G35965,AT2G35965
AT2G35970,AT2G35970
NHL10,NHL10
LOG2.1,LOG2.1
AT2G36000,AT2G36000
E2F3,E2F3
HVA22J,HVA22J
AT2G36026,AT2G36026
AT2G36030,AT2G36030
OFP15,OFP15
MMZ3,MMZ3
TIM44-2,TIM44-2
ARF31,ARF31
AT2G36090,AT2G36090
CASP1,CASP1
AT2G36110,AT2G36110
DOT1,DOT1
CYP18-2,CYP18-2
AT2G36145,AT2G36145
AT2G36150,AT2G36150
RPS14A,RPS14A
RPL40B.1,RPL40B.1
CML31,CML31
CWINV4,CWINV4
AT2G36200,AT2G36200
AT2G36210,AT2G36210
AT2G36220,AT2G36220
AT2G08780,AT2G08780
HISN3,HISN3
AT2G36240,AT2G36240
FTSZ2-1,FTSZ2-1
AT2G36255,AT2G36255
AT2G36260,AT2G36260
ABI5,ABI5
AT2G36280,AT2G36280
AT2G36290,AT2G36290
AT2G36295,AT2G36295
AT2G36300,AT2G36300
FACE2,FACE2
ZPR4,ZPR4
URH1,URH1
SAP4,SAP4
AT2G36325,AT2G36325
AT2G36330,AT2G36330
GPL3,GPL3
KIPK2,KIPK2
AT2G36355,AT2G36355
AT2G36360,AT2G36360
FBL11,FBL11
AT2G08790,AT2G08790
ABCG34,ABCG34
SBE2.1,SBE2.1
GRF3.1,GRF3.1
AT2G08795,AT2G08795
AT2G36410,AT2G36410
AT2G36420,AT2G36420
AT2G36430,AT2G36430
AT2G36440,AT2G36440
ERF024,ERF024
FBA6,FBA6
AT2G36470,AT2G36470
AT2G36480,AT2G36480
AT2G08800,AT2G08800
ROS1,ROS1
CBSCBSPB2,CBSCBSPB2
AT2G36510,AT2G36510
AT2G36520,AT2G36520
ENO2,ENO2
AT2G36540,AT2G36540
AT2G36550,AT2G36550
AT2G36560,AT2G36560
PXC1,PXC1
AT2G36580,AT2G36580
PROT3,PROT3
AT2G08805,AT2G08805
AT2G36600,AT2G36600
ATHB-22,ATHB-22
RPL24A,RPL24A
AT2G36630,AT2G36630
ECP63,ECP63
AT2G08815,AT2G08815
AT2G36650,AT2G36650
PAB7,PAB7
AT2G36670,AT2G36670
VPS37-2,VPS37-2
AT2G36690,AT2G36690
AT2G36695,AT2G36695
PME15,PME15
AT2G36720,AT2G36720
AT2G08820,AT2G08820
AT2G08825,AT2G08825
PCMP-E44,PCMP-E44
SWC2,SWC2
UGT73C1,UGT73C1
UGT73C2,UGT73C2
UGT73C4,UGT73C4
UGT73C3,UGT73C3
AT2G36792,AT2G36792
UGT73C6,UGT73C6
UGT73C5,UGT73C5
SGR6,SGR6
AT2G36815,AT2G36815
AT2G08830,AT2G08830
AT2G08835,AT2G08835
TIP1-1,TIP1-1
AT2G36835,AT2G36835
ACR10,ACR10
CALS10,CALS10
AT2G36854,AT2G36854
AT2G36860,AT2G36860
XTH32,XTH32
METK3,METK3
AT2G36885,AT2G36885
RAX2,RAX2
AT2G36895,AT2G36895
MEMB11,MEMB11
ABCB1,ABCB1
AT2G36920,AT2G36920
AT2G36930,AT2G36930
HIPP05,HIPP05
AT2G08845,AT2G08845
TKI1,TKI1
UGT86A1,UGT86A1
PCMP-E73,PCMP-E73
ROT4,ROT4
SIGF,SIGF
TCP11,TCP11
AT2G37020,AT2G37020
TRFL8,TRFL8
AT2G37030,AT2G37030
AT2G37035,AT2G37035
PAL1,PAL1
AT2G08850,AT2G08850
AT2G37050,AT2G37050
NFYB8,NFYB8
AT2G37070,AT2G37070
ICR2,ICR2
IRX9,IRX9
AT2G37100,AT2G37100
AT2G37110,AT2G37110
S1FA2,S1FA2
AT2G37125,AT2G37125
PER21,PER21
AT2G37140,AT2G37140
AT2G37150,AT2G37150
AT2G37160,AT2G37160
PIP2B,PIP2B
PIP2-3,PIP2-3
RPL12A.1,RPL12A.1
AT2G37195,AT2G37195
AT2G37200,AT2G37200
AT2G37210,AT2G37210
CP29B,CP29B
AT2G37230,AT2G37230
AT2G37240,AT2G37240
ADK,ADK
WRKY44,WRKY44
RPS5A,RPS5A
PDR5,PDR5
AT2G37290,AT2G37290
AT2G37300,AT2G37300
PCMP-E49,PCMP-E49
PCMP-E50,PCMP-E50
ALS3,ALS3
RS2Z33,RS2Z33
AT2G08865,AT2G08865
ABCG2,ABCG2
AT2G37362,AT2G37362
AT2G37370,AT2G37370
MAKR3,MAKR3
NAKR2,NAKR2
AT2G37400,AT2G37400
TIM17-2,TIM17-2
KIN5B,KIN5B
ZAT11,ZAT11
AT2G37435,AT2G37435
IP5P8,IP5P8
AT2G37450,AT2G37450
AT2G37460,AT2G37460
AT2G08875,AT2G08875
AT2G08880,AT2G08880
AT2G37470,AT2G37470
AT2G37480,AT2G37480
AT2G37500,AT2G37500
AT2G37510,AT2G37510
AT2G37520,AT2G37520
AT2G37530,AT2G37530
AT2G37540,AT2G37540
AGD7,AGD7
AT2G37555,AT2G37555
ORC2,ORC2
SLT1,SLT1
ATL33,ATL33
GLCAT14C,GLCAT14C
DOF2.4,DOF2.4
RPL36A,RPL36A
SMR12,SMR12
ACT1.1,ACT1.1
AS1,AS1
EXPA3,EXPA3
SCL9,SCL9
AT2G37660,AT2G37660
AT2G37670,AT2G37670
FHY1,FHY1
AT2G37680,AT2G37680
AT2G37690,AT2G37690
AT2G37700,AT2G37700
LECRK41,LECRK41
TBL15,TBL15
AT2G08885,AT2G08885
AT2G37730,AT2G37730
ZFP10,ZFP10
AT2G37750,AT2G37750
AKR4C8,AKR4C8
AKR4C9,AKR4C9
AT2G37780,AT2G37780
AKR4C10,AKR4C10
AT2G37800,AT2G37800
AT2G37805,AT2G37805
AT2G37810,AT2G37810
AT2G37820,AT2G37820
ATG1C,ATG1C
RE,RE
AT2G37870,AT2G37870
AT2G37880,AT2G37880
AT2G37890,AT2G37890
NPF5.6,NPF5.6
emb1513,emb1513
AT2G37910,AT2G37910
COPT4,COPT4
AT2G37930,AT2G37930
IPCS2,IPCS2
AT2G08895,AT2G08895
AT2G37950,AT2G37950
AT2G37960,AT2G37960
AT2G08900,AT2G08900
AT2G08905,AT2G08905
AT2G08910,AT2G08910
AT2G08915,AT2G08915
SOUL-1,SOUL-1
AT2G37975,AT2G37975
OFUT19,OFUT19
AT2G37990,AT2G37990
AT2G38000,AT2G38000
AT2G38010,AT2G38010
VCL1,VCL1
AT2G38025,AT2G38025
AT2G38030,AT2G38030
CAC3,CAC3
DET2,DET2
PHT4;2,PHT4;2
AT2G38070,AT2G38070
AT2G08925,AT2G08925
IRX12,IRX12
AT2G38090,AT2G38090
AT2G38100,AT2G38100
GPAT6,GPAT6
AUX1,AUX1
AT2G08935,AT2G08935
MAK3,MAK3
RPS31,RPS31
AT2G38150,AT2G38150
AT2G38152,AT2G38152
AT2G38160,AT2G38160
CAX1,CAX1
AT2G08940,AT2G08940
AT2G38180,AT2G38180
AT2G38185,AT2G38185
AT2G38195,AT2G38195
PDX1L4,PDX1L4
AT2G38220,AT2G38220
PDX11,PDX11
ANS,ANS
GT-3B,GT-3B
AT2G38255,AT2G38255
GRXS16,GRXS16
AMPD,AMPD
AMT2,AMT2
AT2G38300,AT2G38300
PYL4,PYL4
AT2G08945,AT2G08945
AT2G08950,AT2G08950
TBL34,TBL34
MIR390A,MIR390A
AT2G08955,AT2G08955
DTX44,DTX44
DREB2E,DREB2E
AT2G08960,AT2G08960
AT2G38350,AT2G38350
PRA1B4,PRA1B4
AT2G38365,AT2G38365
AT2G38370,AT2G38370
PER22,PER22
PER23,PER23
AGT3,AGT3
TOL6,TOL6
AT2G38420,AT2G38420
AT2G38430,AT2G38430
SCAR2,SCAR2
AT2G38450,AT2G38450
IREG1,IREG1
AT2G38465,AT2G38465
WRKY33,WRKY33
AT2G08965,AT2G08965
AT2G38480,AT2G38480
CIPK22,CIPK22
AT2G38500,AT2G38500
DTX53,DTX53
LTP2,LTP2
LTP1,LTP1
FAX3,FAX3
TFIIS,TFIIS
AT2G38570,AT2G38570
AT2G38580,AT2G38580
AT2G38590,AT2G38590
AT2G08970,AT2G08970
AT2G38600,AT2G38600
AT2G38610,AT2G38610
CDKB1-2,CDKB1-2
AT2G38630,AT2G38630
AT2G38640,AT2G38640
AT2G08975,AT2G08975
AT2G38646,AT2G38646
GAUT7,GAUT7
FOLD1,FOLD1
PECT1,PECT1
AT2G38680,AT2G38680
AT2G38690,AT2G38690
AT2G38695,AT2G38695
MVD1,MVD1
AT2G38710,AT2G38710
MAP65-5,MAP65-5
CYP22,CYP22
SGPP,SGPP
ANN4,ANN4
ANN3,ANN3
EMB2765,EMB2765
AT2G38780,AT2G38780
AT2G38790,AT2G38790
AT2G38800,AT2G38800
HTA8,HTA8
AT2G38820,AT2G38820
AT2G38823,AT2G38823
AT2G38830,AT2G38830
AT2G38840,AT2G38840
DJ1E,DJ1E
AT2G38870,AT2G38870
NF-YB1,NF-YB1
AT2G08980,AT2G08980
AT2G38890,AT2G38890
AT2G38900,AT2G38900
AT2G38905,AT2G38905
CPK20,CPK20
RF178,RF178
PHT1-4,PHT1-4
JMJ19,JMJ19
ERO2,ERO2
AT2G08985,AT2G08985
AT2G38970,AT2G38970
AT2G38995,AT2G38995
AT2G39000,AT2G39000
AT2G08990,AT2G08990
PIP2-6,PIP2-6
AT2G39020,AT2G39020
NATA1,NATA1
PER24,PER24
EULS3,EULS3
AT2G08995,AT2G08995
SWEET9,SWEET9
AT2G39080,AT2G39080
APC7,APC7
AT2G39100,AT2G39100
AT2G39110,AT2G39110
WTF9,WTF9
AT2G09000,AT2G09000
AVT1C,AVT1C
AT2G09005,AT2G09005
SVR1,SVR1
AT2G39160,AT2G39160
AT2G39170,AT2G39170
AT2G09010,AT2G09010
MIR160A,MIR160A
CCR2.1,CCR2.1
ATATH8,ATATH8
MLO12,MLO12
AT2G39210,AT2G39210
PLP6,PLP6
AT2G09015,AT2G09015
AT2G09020,AT2G09020
LOJ,LOJ
AT2G39240,AT2G39240
SNZ,SNZ
UPF2,UPF2
AT2G39270,AT2G39270
AT2G09025,AT2G09025
AT2G39280,AT2G39280
PGPS1,PGPS1
AT2G39300,AT2G39300
JAL22,JAL22
AT2G39320,AT2G39320
JAL23,JAL23
SAC3A,SAC3A
AT2G09035,AT2G09035
ABCG1,ABCG1
AT2G09040,AT2G09040
AT2G39355,AT2G39355
AT2G39360,AT2G39360
MAKR4,MAKR4
AT2G39375,AT2G39375
ATEXO70H2,ATEXO70H2
RPL35B,RPL35B
AT2G39400,AT2G39400
AT2G39410,AT2G39410
AT2G39415,AT2G39415
AT2G39420,AT2G39420
AT2G09045,AT2G09045
DIR9,DIR9
AT2G39435,AT2G39435
AT2G39440,AT2G39440
AT2G39445,AT2G39445
MTP11,MTP11
RPL23AA,RPL23AA
PNSL1,PNSL1
ABCB6,ABCB6
AT2G09050,AT2G09050
AT2G39490,AT2G39490
AT2G39500,AT2G39500
AT2G09055,AT2G09055
AT2G39510,AT2G39510
AT2G39518,AT2G39518
AT2G39520,AT2G39520
AT2G39530,AT2G39530
AT2G39540,AT2G39540
GGB,GGB
AT2G39560,AT2G39560
ACR9,ACR9
AT2G39580,AT2G39580
RPS15AC,RPS15AC
AT2G39610,AT2G39610
PCMP-E33,PCMP-E33
AT2G39630,AT2G39630
AT2G39640,AT2G39640
AT2G39650,AT2G39650
BIK1,BIK1
AT2G39670,AT2G39670
TAS1C,TAS1C
TAS2,TAS2
AT2G39690,AT2G39690
EXPA4,EXPA4
AT2G09060,AT2G09060
AT2G09065,AT2G09065
AT2G09070,AT2G09070
AT2G09075,AT2G09075
RTFL8,RTFL8
AT2G39710,AT2G39710
RHC2A,RHC2A
AT2G39725,AT2G39725
RCA,RCA
HESO1,HESO1
AT2G39750,AT2G39750
BPM3,BPM3
AT2G09080,AT2G09080
CYT1,CYT1
RNS2,RNS2
AT2G39782,AT2G39782
AT2G39790,AT2G39790
AT2G39795,AT2G39795
P5CSA,P5CSA
AT2G39805,AT2G39805
HOS1,HOS1
EIF6-1,EIF6-1
DAR2,DAR2
TOPP4,TOPP4
SBT4.1,SBT4.1
AT2G39851,AT2G39851
AT2G39855,AT2G39855
AT2G39860,AT2G39860
AT2G39865,AT2G39865
AT2G39870,AT2G39870
MYB25,MYB25
MIR393A,MIR393A
AT2G09085,AT2G09085
PROT1,PROT1
WLIN2A,WLIN2A
AT2G39910,AT2G39910
AT2G39920,AT2G39920
ISA1,ISA1
AT2G09090,AT2G09090
COI1,COI1
AT2G39950,AT2G39950
AT2G39960,AT2G39960
PXN,PXN
AT2G39980,AT2G39980
AT2G39975,AT2G39975
AT2G09095,AT2G09095
AT2G09100,AT2G09100
TIF3F1,TIF3F1
HSPRO2,HSPRO2
AT2G40004,AT2G40004
AT2G09105,AT2G09105
AT2G40008,AT2G40008
RPP0A,RPP0A
AT2G40020,AT2G40020
NRPE1,NRPE1
AT2G40050,AT2G40050
CLC2,CLC2
AT2G40070,AT2G40070
ELF4,ELF4
AT2G09110,AT2G09110
AT2G40085,AT2G40085
ATATH9,ATATH9
AT2G40095,AT2G40095
LHCB4.3,LHCB4.3
AT2G40110,AT2G40110
AT2G40113,AT2G40113
PLC6,PLC6
AT2G40120,AT2G40120
AT2G09115,AT2G09115
SMXL8,SMXL8
CZF1,CZF1
TBL28,TBL28
TBL30,TBL30
AT2G40165,AT2G40165
EM6,EM6
PP2C5,PP2C5
ALG11,ALG11
BHLH51,BHLH51
RPL41G.4,RPL41G.4
AT2G09120,AT2G09120
AT2G40230,AT2G40230
AT2G40240,AT2G40240
AT2G40250,AT2G40250
AT2G40260,AT2G40260
AT2G09130,AT2G09130
AT2G09135,AT2G09135
AT2G40270,AT2G40270
AT2G09140,AT2G09140
AT2G40280,AT2G40280
AT2G40290,AT2G40290
FER4,FER4
AT2G40310,AT2G40310
AT2G40316,AT2G40316
TBL33,TBL33
PYL6,PYL6
DREB2C,DREB2C
AT2G40350,AT2G40350
BOP1,BOP1
LAC5,LAC5
PRA1B2,PRA1B2
AT2G40390,AT2G40390
RER5,RER5
CAN2,CAN2
AVT6D,AVT6D
AT2G40430,AT2G40430
AT2G40435,AT2G40435
AT2G40440,AT2G40440
AT2G09150,AT2G09150
AT2G40450,AT2G40450
AT2G09155,AT2G09155
NPF5.1,NPF5.1
LBD15,LBD15
AT2G40475,AT2G40475
AT2G40480,AT2G40480
HEME2,HEME2
AT2G40500,AT2G40500
RPS26B,RPS26B
AT2G40520,AT2G40520
CEP15,CEP15
POT2,POT2
ETG1,ETG1
AT2G40560,AT2G40560
AT2G40570,AT2G40570
AT2G40580,AT2G40580
RPS26A,RPS26A
AT2G40600,AT2G40600
EXPA8,EXPA8
BZIP18,BZIP18
AT2G40630,AT2G40630
PUB63,PUB63
PRP38,PRP38
AT2G40660,AT2G40660
ARR16,ARR16
GLY1,GLY1
AT2G40700,AT2G40700
AT2G09160,AT2G09160
AT2G40710,AT2G40710
AT2G40711,AT2G40711
AT2G09165,AT2G09165
AT2G40715,AT2G40715
AT2G09170,AT2G09170
PCMP-E26,PCMP-E26
AT2G09175,AT2G09175
AT2G40730,AT2G40730
WRKY55,WRKY55
WRKY54,WRKY54
AT2G09185,AT2G09185
AT2G40745,AT2G40745
STR7,STR7
AT2G40765,AT2G40765
AT2G09190,AT2G09190
AT2G40770,AT2G40770
AT2G40780,AT2G40780
CXXS2,CXXS2
AT2G40800,AT2G40800
MIR319C,MIR319C
AT2G09195,AT2G09195
ATG18C,ATG18C
AT2G40815,AT2G40815
AT2G09200,AT2G09200
AT2G40820,AT2G40820
RHC1A,RHC1A
DPE2,DPE2
PI4KG1,PI4KG1
AT2G40860,AT2G40860
CYS3,CYS3
CYP98A3,CYP98A3
AT2G09205,AT2G09205
AT2G40900,AT2G40900
AT2G40910,AT2G40910
AT2G40920,AT2G40920
AT2G40925,AT2G40925
UBP5,UBP5
PCR10,PCR10
ERS1,ERS1
BZIP17,BZIP17
AT2G40955,AT2G40955
AT2G40960,AT2G40960
MYBC1,MYBC1
AT2G40980,AT2G40980
PAT02,PAT02
AT2G40995,AT2G40995
LCR51,LCR51
AT2G41000,AT2G41000
CAMBP25,CAMBP25
AT2G09210,AT2G09210
AT2G41020,AT2G41020
AT2G41040,AT2G41040
AT2G41050,AT2G41050
UBA2B,UBA2B
EEL,EEL
AT2G09215,AT2G09215
PCMP-H29,PCMP-H29
AT2G41082,AT2G41082
CML10,CML10
AT2G09220,AT2G09220
CML12,CML12
AT2G41105,AT2G41105
CAM2,CAM2
AT2G09225,AT2G09225
AT2G41120,AT2G41120
AT2G09230,AT2G09230
BHLH106,BHLH106
AT2G09235,AT2G09235
CRK1,CRK1
AT2G41150,AT2G41150
RBL18,RBL18
AT2G41170,AT2G41170
AT2G41178,AT2G41178
SIB2,SIB2
AVT1A,AVT1A
AT2G41200,AT2G41200
PIP5K5,PIP5K5
GLU2,GLU2
ORS1,ORS1
AT2G41231,AT2G41231
BHLH100,BHLH100
AT2G41250,AT2G41250
M17,M17
M10,M10
SSL2,SSL2
AT2G09240,AT2G09240
SSL1,SSL1
ARR8,ARR8
AT2G09250,AT2G09250
AT2G41312,AT2G41312
AT2G41330,AT2G41330
NRPD5B,NRPD5B
AT2G41342,AT2G41342
AUG1,AUG1
AT2G41355,AT2G41355
AT2G41360,AT2G41360
NPR5,NPR5
AT2G41375,AT2G41375
AT2G09255,AT2G09255
AT2G41380,AT2G41380
AT2G41400,AT2G41400
AT2G09260,AT2G09260
AT2G09265,AT2G09265
CML35,CML35
AT2G09270,AT2G09270
ESFL4,ESFL4
WIH2,WIH2
ERD15,ERD15
AT2G41440,AT2G41440
AT2G41445,AT2G41445
AT2G41450,AT2G41450
AT2G41451,AT2G41451
ARP,ARP
AT2G09280,AT2G09280
AT2G41470,AT2G41470
AT2G41473,AT2G41473
ATS3A,ATS3A
PER25,PER25
GPT,GPT
LIS,LIS
AT2G41505,AT2G41505
ATCKX1,ATCKX1
AT2G41515,AT2G41515
TPR15,TPR15
SFGH,SFGH
GPDHC1,GPDHC1
AT2G41550,AT2G41550
ACA4,ACA4
AT2G41590,AT2G41590
AT2G41600,AT2G41600
AT2G41610,AT2G41610
NUP93A,NUP93A
MIR778A,MIR778A
TFIIB1,TFIIB1
AT2G41640,AT2G41640
AT2G41650,AT2G41650
AT2G09290,AT2G09290
MIZ1,MIZ1
SIN2,SIN2
NTRC,NTRC
HSFB3,HSFB3
ABCA1,ABCA1
AT2G41705,AT2G41705
AT2G09300,AT2G09300
AT2G41710,AT2G41710
AT2G09305,AT2G09305
EMB2654,EMB2654
AT2G41730,AT2G41730
VLN2,VLN2
AT2G41750,AT2G41750
NTAQ1,NTAQ1
STL1,STL1
AT2G09310,AT2G09310
AT2G41780,AT2G41780
PXM16,PXM16
AT2G41800,AT2G41800
AT2G41810,AT2G41810
PXC3,PXC3
AT2G41830,AT2G41830
SAP11,SAP11
RPS2C,RPS2C
ADPG2,ADPG2
CPK14,CPK14
REM4.2,REM4.2
GK-1,GK-1
SD31,SD31
AT2G41900,AT2G41900
AT2G41905,AT2G41905
AT2G41910,AT2G41910
AT2G41930,AT2G41930
AT2G09320,AT2G09320
ZFP8,ZFP8
AT2G41945,AT2G41945
AT2G41950,AT2G41950
AT2G41960,AT2G41960
AT2G09325,AT2G09325
AT2G41970,AT2G41970
SINAT1,SINAT1
AT2G41990,AT2G41990
AT2G42000,AT2G42000
AVT3B,AVT3B
PLDBETA1,PLDBETA1
AT2G42020,AT2G42020
AT2G42030,AT2G42030
AT2G42040,AT2G42040
AT2G42060,AT2G42060
NUDT23,NUDT23
AT2G42065,AT2G42065
AT2G42080,AT2G42080
ACT9,ACT9
AT2G09330,AT2G09330
ACT5,ACT5
AT2G42110,AT2G42110
POLD2,POLD2
PAP13.1,PAP13.1
VQ17,VQ17
AT2G42150,AT2G42150
AT2G09335,AT2G09335
BRIZ1,BRIZ1
AT2G42170,AT2G42170
AT2G42180,AT2G42180
AT2G42190,AT2G42190
SPL9,SPL9
ATOEP16-3,ATOEP16-3
STR9,STR9
AT2G42230,AT2G42230
AT2G09345,AT2G09345
AT2G42240,AT2G42240
AT2G42247,AT2G42247
CYP712A1,CYP712A1
PYM.1,PYM.1
BRR2B,BRR2B
AT2G42280,AT2G42280
AT2G09350,AT2G09350
AT2G09355,AT2G09355
AT2G09360,AT2G09360
AT2G42290,AT2G42290
BHLH48,BHLH48
AT2G42310,AT2G42310
AT2G09365,AT2G09365
AT2G42320,AT2G42320
STIPL2,STIPL2
AT2G09370,AT2G09370
AT2G42340,AT2G42340
ATL40,ATL40
ATL41,ATL41
AT2G42365,AT2G42365
AT2G42370,AT2G42370
BZIP34,BZIP34
AT2G42388,AT2G42388
AT2G42390,AT2G42390
AT2G42395,AT2G42395
VOZ2,VOZ2
ZFP11,ZFP11
AT2G42420,AT2G42420
AT2G42425,AT2G42425
LBD16,LBD16
LBD17,LBD17
AT2G42450,AT2G42450
AT2G42455,AT2G42455
AT2G42460,AT2G42460
AT2G42465,AT2G42465
AT2G42470,AT2G42470
AT2G42475,AT2G42475
AT2G42480,AT2G42480
AT2G42485,AT2G42485
AT2G42490,AT2G42490
PP2A3,PP2A3
AT2G42510,AT2G42510
RH37,RH37
COR15B,COR15B
COR15A,COR15A
AT2G42550,AT2G42550
AT2G42560,AT2G42560
TBL39,TBL39
TTL3,TTL3
GRF9,GRF9
PPC2,PPC2
LSH10,LSH10
AT2G09380,AT2G09380
MAX2,MAX2
AT2G42640,AT2G42640
AT2G42650,AT2G42650
AT2G42660,AT2G42660
AT2G09385,AT2G09385
AT2G09390,AT2G09390
AT2G42670,AT2G42670
MBF1A,MBF1A
AT2G42690,AT2G42690
AT2G09395,AT2G09395
AT2G42700,AT2G42700
AT2G42710,AT2G42710
AT2G42720,AT2G42720
AT2G42725,AT2G42725
AT2G42730,AT2G42730
RPL11A,RPL11A
AT2G42750,AT2G42750
AT2G42760,AT2G42760
AT2G42770,AT2G42770
AT2G42780,AT2G42780
CSY3,CSY3
AT2G09400,AT2G09400
AtRLP29,AtRLP29
PAPP5,PAPP5
HVA22F,HVA22F
SHP2,SHP2
AT2G42835,AT2G42835
PDF1,PDF1
CYP718,CYP718
AT2G42860,AT2G42860
AT2G42865,AT2G42865
PAR1,PAR1
AT2G09405,AT2G09405
MPK20,MPK20
AT2G42885,AT2G42885
ML2,ML2
AT2G42900,AT2G42900
PRS4,PRS4
PCMP-E75,PCMP-E75
AT2G42930,AT2G42930
AHL16,AHL16
AT2G42950,AT2G42950
AT2G42955,AT2G42955
AT2G42960,AT2G42960
AT2G42970,AT2G42970
AT2G42975,AT2G42975
AT2G42980,AT2G42980
AT2G42990,AT2G42990
JUB1,JUB1
AT2G09410,AT2G09410
PIF4,PIF4
PAO2,PAO2
RPL3A,RPL3A
NPG1,NPG1
PME16,PME16
IBH1,IBH1
SPPL3,SPPL3
P4H1,P4H1
AT2G43090,AT2G43090
IPMI2,IPMI2
AT2G43110,AT2G43110
AT2G43137,AT2G43137
AT2G43138,AT2G43138
AT2G43139,AT2G43139
AT2G09415,AT2G09415
AT2G43120,AT2G43120
RABA5C,RABA5C
AT2G43140,AT2G43140
AT2G09420,AT2G09420
AT2G43150,AT2G43150
EPSIN2,EPSIN2
AT2G09425,AT2G09425
AT2G43180,AT2G43180
AT2G43190,AT2G43190
AT2G43200,AT2G43200
PUX11,PUX11
AT2G43220,AT2G43220
AT2G43230,AT2G43230
AT2G43235,AT2G43235
AT2G09430,AT2G09430
AT2G43240,AT2G43240
AT2G43250,AT2G43250
AT2G43255,AT2G43255
AT2G43260,AT2G43260
AT2G43261,AT2G43261
AT2G43270,AT2G43270
AT2G43280,AT2G43280
CML5,CML5
AT2G43300,AT2G43300
AT2G43310,AT2G43310
AT2G09435,AT2G09435
AT2G43320,AT2G43320
AT2G09440,AT2G09440
INT1,INT1
AT2G09445,AT2G09445
AT2G09450,AT2G09450
AT2G43340,AT2G43340
GPX3,GPX3
AT2G09455,AT2G09455
BIO2,BIO2
SNRNP35,SNRNP35
AT2G43375,AT2G43375
AT2G43390,AT2G43390
ETFQO,ETFQO
FPA,FPA
AT2G09470,AT2G09470
3BETAHSD/D3,3BETAHSD/D3
GLX2-1,GLX2-1
AT2G43440,AT2G43440
AT2G43445,AT2G43445
AT2G43450,AT2G43450
AT2G09475,AT2G09475
RPL38A.1,RPL38A.1
AT2G43465,AT2G43465
AT2G43470,AT2G43470
PER26,PER26
AT2G43490,AT2G43490
AT2G09480,AT2G09480
AT2G43500,AT2G43500
ATTI1,ATTI1
ATTI2,ATTI2
ATTI3,ATTI3
ATTI4,ATTI4
AT2G43540,AT2G43540
ATTI6,ATTI6
FKBP16-3,FKBP16-3
CHI,CHI
AT2G43580,AT2G43580
AT2G43590,AT2G43590
AT2G43600,AT2G43600
AT2G43610,AT2G43610
AT2G09490,AT2G09490
AT2G43620,AT2G43620
AT2G43630,AT2G43630
SRP14,SRP14
AT2G09495,AT2G09495
EMB2777,EMB2777
AT2G43660,AT2G43660
AT2G43670,AT2G43670
IQD14,IQD14
LECRK53,LECRK53
LECRK54,LECRK54
FAB2,FAB2
AT2G43720,AT2G43720
JAL24,JAL24
JAL25,JAL25
AT2G43745,AT2G43745
OASB,OASB
MOCS2,MOCS2
AT2G43770,AT2G43770
AT2G43780,AT2G43780
MPK6,MPK6
AT2G09500,AT2G09500
AT2G43795,AT2G43795
FH2,FH2
LSM6B,LSM6B
UGT74F2,UGT74F2
UGT74F1,UGT74F1
AT2G09505,AT2G09505
ILK1,ILK1
AT2G43865,AT2G43865
AT2G43870,AT2G43870
AT2G43880,AT2G43880
AT2G43890,AT2G43890
AT2G43900,AT2G43900
ATHOL1,ATHOL1
HOL2,HOL2
AT2G43930,AT2G43930
HOL3,HOL3
AT2G43945,AT2G43945
OEP37,OEP37
AT2G43960,AT2G43960
LARP6B,LARP6B
ITPK4,ITPK4
AT2G43990,AT2G43990
AT2G44000,AT2G44000
AT2G44010,AT2G44010
AT2G44020,AT2G44020
AT2G44030,AT2G44030
DAPB1,DAPB1
COS1,COS1
AT2G44060,AT2G44060
AT2G44065,AT2G44065
AT2G44070,AT2G44070
ARL,ARL
AT2G44090,AT2G44090
GDI1.1,GDI1.1
AT2G09510,AT2G09510
MLO15,MLO15
AT2G44120,AT2G44120
ATG4A,ATG4A
AT2G44130,AT2G44130
ASHH3,ASHH3
MTHFR2,MTHFR2
AT2G44175,AT2G44175
MAP2A,MAP2A
EDE1,EDE1
AT2G44195,AT2G44195
AT2G44198,AT2G44198
AT2G44200,AT2G44200
AT2G44210,AT2G44210
AT2G44220,AT2G44220
AT2G44230,AT2G44230
AT2G44240,AT2G44240
AT2G44250,AT2G44250
AT2G44255,AT2G44255
AT2G44260,AT2G44260
NCS6,NCS6
AT2G09515,AT2G09515
AT2G44280,AT2G44280
YLS3,YLS3
AT2G44300,AT2G44300
AT2G44310,AT2G44310
AT2G44320,AT2G44320
AT2G44330,AT2G44330
VQ18,VQ18
CSY4,CSY4
AT2G44360,AT2G44360
AT2G44370,AT2G44370
AT2G44380,AT2G44380
AT2G44390,AT2G44390
AT2G44400,AT2G44400
AT2G44410,AT2G44410
AT2G44420,AT2G44420
AT2G44430,AT2G44430
EML4,EML4
BGLU15,BGLU15
BGLU28,BGLU28
AT2G09525,AT2G09525
BGLU29,BGLU29
BGLU17,BGLU17
BGLU26,BGLU26
AT2G09530,AT2G09530
OFUT20,OFUT20
AT2G44510,AT2G44510
COX10,COX10
AT2G44525,AT2G44525
PRS5,PRS5
AtGH9B9,AtGH9B9
AtGH9B10,AtGH9B10
AtGH9B11,AtGH9B11
AtGH9B12,AtGH9B12
AT2G44581,AT2G44581
AT2G44578,AT2G44578
AT2G44580,AT2G44580
DRP1D,DRP1D
AT2G44600,AT2G44600
RABH1B,RABH1B
MTACP1,MTACP1
AT2G44630,AT2G44630
AT2G44640,AT2G44640
CPN10-2,CPN10-2
AT2G44660,AT2G44660
AT2G09535,AT2G09535
FLZ3,FLZ3
CKB4,CKB4
ARAC9,ARAC9
AT2G44700,AT2G44700
AT2G44710,AT2G44710
AT2G44730,AT2G44730
AT2G44735,AT2G44735
CYCU4-1,CYCU4-1
WRKY12,WRKY12
TPK2.1,TPK2.1
AT2G44760,AT2G44760
AT2G44770,AT2G44770
UCC2,UCC2
AT2G09540,AT2G09540
AT2G09545,AT2G09545
AT2G44798,AT2G44798
AT2G44800,AT2G44800
DAD1.1,DAD1.1
AT2G44820,AT2G44820
AT2G44830,AT2G44830
ERF13,ERF13
AT2G09550,AT2G09550
AT2G09555,AT2G09555
AT2G44850,AT2G44850
AT2G09560,AT2G09560
AT2G44860,AT2G44860
AT2G09565,AT2G09565
AT2G44870,AT2G44870
AT2G44880,AT2G44880
AT2G09570,AT2G09570
CYP704A1,CYP704A1
AT2G09575,AT2G09575
FBX5,FBX5
ATHB-4,ATHB-4
AT2G09590,AT2G09590
AT2G44920,AT2G44920
AT2G44925,AT2G44925
AT2G44930,AT2G44930
ERF034,ERF034
HUB1,HUB1
AT2G44970,AT2G44970
CHR10,CHR10
CCD7,CCD7
AT2G44995,AT2G44995
AT2G44993,AT2G44993
NUP62,NUP62
AT2G45010,AT2G45010
AT2G45020,AT2G45020
AT2G45023,AT2G45023
MEFG2,MEFG2
4MMP,4MMP
GATA2,GATA2
AT2G45060,AT2G45060
SEC61 BETA,SEC61 BETA
CYCU2-1,CYCU2-1
AT2G45100,AT2G45100
EXPB4,EXPB4
ZAT4,ZAT4
SPX3,SPX3
AT2G45135,AT2G45135
PVA12,PVA12
CDS4,CDS4
SCL27,SCL27
ATG8E,ATG8E
AT2G45180,AT2G45180
YAB1,YAB1
GOS12,GOS12
SAUR36,SAUR36
PME17,PME17
MAP1A,MAP1A
AT2G45245,AT2G45245
AT2G45243,AT2G45243
AT2G45250,AT2G45250
AT2G45260,AT2G45260
GCP1,GCP1
ATRAD51C,ATRAD51C
TKL-2,TKL-2
AT2G45300,AT2G45300
GAE4,GAE4
AT2G45315,AT2G45315
AT2G45320,AT2G45320
emb1067,emb1067
AT2G45340,AT2G45340
CRR4,CRR4
AT2G45360,AT2G45360
AT2G09605,AT2G09605
AT2G45380,AT2G45380
AT2G45390,AT2G45390
BEN1,BEN1
AT2G09615,AT2G09615
AT2G45403,AT2G45403
AT2G45405,AT2G45405
LBD19,LBD19
LBD18,LBD18
AT2G09620,AT2G09620
AT2G09630,AT2G09630
AHL22,AHL22
DHDPS2,DHDPS2
ZPR1,ZPR1
AT2G45460,AT2G45460
FLA8,FLA8
GRF9.1,GRF9.1
AUR3,AUR3
AT2G45500,AT2G45500
CYP704A2,CYP704A2
AT2G45520,AT2G45520
AT2G45530,AT2G45530
AT2G09640,AT2G09640
BCHC2,BCHC2
AT2G09645,AT2G09645
AT2G09650,AT2G09650
CYP76C4,CYP76C4
CYP76C1,CYP76C1
CYP76C2,CYP76C2
CYP76C3,CYP76C3
AT2G45590,AT2G45590
CXE8,CXE8
CXE9,CXE9
URT1,URT1
AT2G45630,AT2G45630
SAP18,SAP18
AGL6,AGL6
SOC1,SOC1
AT2G09655,AT2G09655
LPEAT2,LPEAT2
TCP9,TCP9
AT2G45685,AT2G45685
PEX16,PEX16
URM1-1,URM1-1
AT2G45700,AT2G45700
RPS27A,RPS27A
AT2G45720,AT2G45720
AT2G09660,AT2G09660
AT2G45730,AT2G45730
PEX11D,PEX11D
AT2G45750,AT2G45750
BAP2,BAP2
CPFTSY,CPFTSY
AT2G45780,AT2G45780
PMM,PMM
PLIM2A,PLIM2A
AT2G09665,AT2G09665
RH6,RH6
DBP,DBP
DTA2,DTA2
AT2G45840,AT2G45840
AHL9,AHL9
AT2G45860,AT2G45860
AT2G45870,AT2G45870
BAM7,BAM7
ROPGEF4,ROPGEF4
AT2G45900,AT2G45900
PUB33,PUB33
PUB37,PUB37
AT2G45930,AT2G45930
AT2G09670,AT2G09670
AT2G45940,AT2G45940
ASK20,ASK20
PIP1B,PIP1B
CYP86A8,CYP86A8
ATI1,ATI1
AT2G45990,AT2G45990
AT2G09675,AT2G09675
AT2G46000,AT2G46000
BRM,BRM
UBC6,UBC6
AT2G46040,AT2G46040
PCMP-E39,PCMP-E39
AT2G46060,AT2G46060
ATMPK12,ATMPK12
AT2G46080,AT2G46080
LCKB2,LCKB2
AT2G46100,AT2G46100
KPHMT1,KPHMT1
AT2G46120,AT2G46120
WRKY43,WRKY43
AT2G46140,AT2G46140
AT2G46150,AT2G46150
ATL67,ATL67
RTNLB5,RTNLB5
GC4,GC4
AT2G09680,AT2G09680
AT2G46192,AT2G46192
AT2G09705,AT2G09705
SNRNP59,SNRNP59
SLD2,SLD2
AT2G46220,AT2G46220
ABIL1,ABIL1
AT2G09710,AT2G09710
AT2G46230,AT2G46230
BAG6,BAG6
AT2G46250,AT2G46250
MIR159C,MIR159C
AT2G46260,AT2G46260
GBF3,GBF3
TIF3I1,TIF3I1
AT2G46290,AT2G46290
AT2G46300,AT2G46300
AT2G46308,AT2G46308
CRF5,CRF5
AT2G09715,AT2G09715
AT2G46320,AT2G46320
AGP16,AGP16
SPA1,SPA1
JAR1,JAR1
AT2G46375,AT2G46375
AT2G46380,AT2G46380
SDH8,SDH8
WRKY46,WRKY46
CPC,CPC
AT2G46420,AT2G46420
CNGC3,CNGC3
CNGC11,CNGC11
CNGC12,CNGC12
AT2G46455,AT2G46455
AT2G46460,AT2G46460
OXA1L,OXA1L
GAUT2,GAUT2
AT2G46490,AT2G46490
AT2G46493,AT2G46493
ATL21B,ATL21B
ATL21A,ATL21A
PI4KG4,PI4KG4
SDH4,SDH4
AIB,AIB
AT2G09725,AT2G09725
CAS.1,CAS.1
AT2G09730,AT2G09730
ARF11,ARF11
AT2G46535,AT2G46535
AT2G46540,AT2G46540
AT2G46550,AT2G46550
AT2G46560,AT2G46560
AT2G46572,AT2G46572
LAC6,LAC6
PPOX2,PPOX2
DOF2.5,DOF2.5
KIC,KIC
AT2G09735,AT2G09735
RS31A,RS31A
AT2G09740,AT2G09740
AT2G46620,AT2G46620
AT2G46630,AT2G46630
AT2G46640,AT2G46640
CYTB5-C,CYTB5-C
CYP78A6,CYP78A6
AT2G09745,AT2G09745
AT2G46670,AT2G46670
ATHB-7,ATHB-7
MIR166A,MIR166A
AT2G09750,AT2G09750
SAUR32,SAUR32
CRK3.1,CRK3.1
AT2G09755,AT2G09755
ROPGAP3,ROPGAP3
HIC,HIC
AT2G46735,AT2G46735
GULLO5,GULLO5
GULLO2,GULLO2
GULLO6,GULLO6
AT2G46765,AT2G46765
NAC043,NAC043
AT2G46780,AT2G46780
APRR9,APRR9
MTP1,MTP1
BHLH70,BHLH70
CURT1B,CURT1B
CCA1,CCA1
DUF4,DUF4
AT2G46850,AT2G46850
PPA3,PPA3
NGA1,NGA1
AT2G09760,AT2G09760
PAP14.1,PAP14.1
AT2G46890,AT2G46890
AT2G46900,AT2G46900
PAP10.1,PAP10.1
AT2G46915,AT2G46915
POL,POL
PAE3,PAE3
AT2G46940,AT2G46940
CYP709B2,CYP709B2
CYP709B1,CYP709B1
PIL1,PIL1
ASY3,ASY3
IAA20,IAA20
AT2G46995,AT2G46995
ABCB4,ABCB4
AT2G09775,AT2G09775
AT2G09780,AT2G09780
AT2G47010,AT2G47010
AT2G47020,AT2G47020
MIR408,MIR408
PME4,PME4
AT2G47050,AT2G47050
AT2G47060,AT2G47060
SPL1.1,SPL1.1
AT2G47090,AT2G47090
AT2G47100,AT2G47100
RPS27AB,RPS27AB
AT2G09785,AT2G09785
AT2G47115,AT2G47115
AT2G47120,AT2G47120
SDR3A,SDR3A
SDR3B,SDR3B
AT2G47150,AT2G47150
BOR1,BOR1
ARF1.1,ARF1.1
AT2G09805,AT2G09805
AT2G09815,AT2G09815
GOLS1,GOLS1
AT2G09825,AT2G09825
ATMYB2,ATMYB2
AT2G47200,AT2G47200
SWC4,SWC4
AT2G09835,AT2G09835
DUF5,DUF5
DUF6,DUF6
LACS1,LACS1
AT2G47245,AT2G47245
AT2G47250,AT2G47250
WRKY23,WRKY23
UPB1,UPB1
MIR403,MIR403
AT2G09845,AT2G09845
PME66,PME66
AT2G47300,AT2G47300
AT2G09875,AT2G09875
AT2G47310,AT2G47310
CYP21-3,CYP21-3
RH24,RH24
AT2G47340,AT2G47340
AT2G47350,AT2G47350
AT2G47360,AT2G47360
AT2G47370,AT2G47370
AT2G47380,AT2G47380
AT2G09885,AT2G09885
AT2G47390,AT2G47390
AT2G09895,AT2G09895
CP12-1,CP12-1
AT2G47410,AT2G47410
DIM1A,DIM1A
CKI1,CKI1
AT2G47440,AT2G47440
CAO.1,CAO.1
MYB12,MYB12
PDIL2-1,PDIL2-1
AT2G47480,AT2G47480
AT2G09905,AT2G09905
AT2G47485,AT2G47485
NDT1,NDT1
AT2G09915,AT2G09915
KIN14I,KIN14I
FUM1,FUM1
ERF071,ERF071
AT2G47530,AT2G47530
AT2G47540,AT2G47540
PME20,PME20
AT2G09925,AT2G09925
ATL64,ATL64
AT2G47570,AT2G47570
U1A,U1A
AT2G09945,AT2G09945
MIR164A,MIR164A
PHR2,PHR2
MHX,MHX
RPL7AA,RPL7AA
SWI3A,SWI3A
AT2G47630,AT2G47630
AT2G47640,AT2G47640
UXS4,UXS4
PMEI6,PMEI6
AT2G47680,AT2G47680
AT2G47690,AT2G47690
RFI2,RFI2
AT2G47710,AT2G47710
GSTF8,GSTF8
AT2G47740,AT2G47740
GH3.9,GH3.9
AT2G09955,AT2G09955
ALG3,ALG3
AT2G09965,AT2G09965
TSPO,TSPO
AT2G47780,AT2G47780
GTS1,GTS1
ABCC4,ABCC4
NFYB5,NFYB5
AT2G47820,AT2G47820
MTPC1,MTPC1
TIC20-II,TIC20-II
AT2G47844,AT2G47844
AT2G47850,AT2G47850
AT2G47860,AT2G47860
GRXC12,GRXC12
GRXC13,GRXC13
AT2G47885,AT2G47885
COL13,COL13
AT2G47895,AT2G47895
AtTLP3,AtTLP3
CRR6,CRR6
NET3C,NET3C
AGP26,AGP26
AT2G47935,AT2G47935
DEGP2,DEGP2
AT2G47950,AT2G47950
AT2G47960,AT2G47960
AT2G47970,AT2G47970
SCC3,SCC3
SWA1,SWA1
AT2G09975,AT2G09975
AT2G48000,AT2G48000
RKF3,RKF3
AT2G48020,AT2G48020
AT2G48030,AT2G48030
AT2G48060,AT2G48060
RPH1,RPH1
AT2G48075,AT2G48075
AT2G48080,AT2G48080
AT2G48090,AT2G48090
AT2G48100,AT2G48100
MED33B,MED33B
PAC,PAC
AT2G48121,AT2G48121
AT2G48130,AT2G48130
EDA4,EDA4
GPX4,GPX4
AT2G48160,AT2G48160
MEE43,MEE43
TIM21,TIM21
PAP11.1,PAP11.1
AT4G00040,AT4G00040
UNE10,UNE10
MEE44,MEE44
AT4G00070,AT4G00070
UNE11,UNE11
AT4G00085,AT4G00085
AT4G00090,AT4G00090
RPS13B,RPS13B
GAE3,GAE3
IND,IND
AT4G00130,AT4G00130
EDA34,EDA34
SCL6,SCL6
AT4G00155,AT4G00155
AT4G00160,AT4G00160
AT4G00163,AT4G00163
AT4G00165,AT4G00165
PVA13,PVA13
YAB3,YAB3
AT4G03525,AT4G03525
PME38,PME38
AHL7,AHL7
LBD31,LBD31
AT4G03535,AT4G03535
AT4G03545,AT4G03545
LBD30,LBD30
SBT4.14,SBT4.14
MEE50,MEE50
AT4G00232,AT4G00232
AT4G00234,AT4G00234
STKL1,STKL1
PLDBETA2,PLDBETA2
STKL2,STKL2
REM15.15,REM15.15
GEBP,GEBP
AT4G00280,AT4G00280
MSL1,MSL1
AT4G00295,AT4G00295
AT4G00300,AT4G00300
AT4G00305,AT4G00305
AT4G03555,AT4G03555
MEE46,MEE46
AT4G00320,AT4G00320
CRCK2,CRCK2
RHB1A,RHB1A
RLK4,RLK4
AT4G00342,AT4G00342
DTX34,DTX34
ATI2,ATI2
CYP86A2,CYP86A2
AT4G03585,AT4G03585
PHT4;4,PHT4;4
AT4G03595,AT4G03595
FDM2,FDM2
AT4G00390,AT4G00390
GPAT8,GPAT8
AT4G03605,AT4G03605
MBD3,MBD3
AT4G00420,AT4G00420
PIP1.4,PIP1.4
AT4G00440,AT4G00440
MED12,MED12
ROPGEF3,ROPGEF3
AT4G00467,AT4G00467
ATMYC1,ATMYC1
BAM2.1,BAM2.1
AT4G00500,AT4G00500
AT4G00520,AT4G00520
AT4G03655,AT4G03655
AT4G00525,AT4G00525
AT4G00530,AT4G00530
MYB3R2,MYB3R2
DGD2,DGD2
AT4G00560,AT4G00560
NAD-ME2,NAD-ME2
AT4G03665,AT4G03665
AT4G00580,AT4G00580
AT4G00585,AT4G00585
AT4G00590,AT4G00590
FOLD3,FOLD3
AT4G00610,AT4G00610
FOLD4,FOLD4
KEA2,KEA2
FRI,FRI
AT4G03675,AT4G03675
AT4G00651,AT4G00651
AT4G03685,AT4G03685
RH8,RH8
AT4G03705,AT4G03705
AT4G00670,AT4G00670
ADF8,ADF8
ULP1B,ULP1B
AT4G03715,AT4G03715
AT4G00695,AT4G00695
AT4G00700,AT4G00700
BSK3,BSK3
ASK8.1,ASK8.1
ANL2,ANL2
AT4G00740,AT4G00740
AT4G00750,AT4G00750
AT4G03725,AT4G03725
PUX9,PUX9
AT4G00755,AT4G00755
APRR8,APRR8
AT4G03755,AT4G03755
AT4G00770,AT4G00770
AT4G00780,AT4G00780
AT4G00800,AT4G00800
RPP1B,RPP1B
iqd17,iqd17
LIF2,LIF2
PAT12,PAT12
GIF3,GIF3
ATOZI1,ATOZI1
BHLH14,BHLH14
AT4G00872,AT4G00872
AT4G00880,AT4G00880
AT4G00883,AT4G00883
MIR165B,MIR165B
AT4G00890,AT4G00890
AT4G00889,AT4G00889
AT4G03765,AT4G03765
AT4G00893,AT4G00893
AT4G00895,AT4G00895
ECA2,ECA2
AT4G00910,AT4G00910
AT4G00905,AT4G00905
AT4G00920,AT4G00920
AT4G03785,AT4G03785
CIP4.1,CIP4.1
DOF4.1,DOF4.1
MEE47,MEE47
AT4G00953,AT4G00953
AT4G00955,AT4G00955
AT4G00960,AT4G00960
CRK41,CRK41
AT4G00975,AT4G00975
AT4G00980,AT4G00980
AT4G00985,AT4G00985
AT4G03805,AT4G03805
AT4G03815,AT4G03815
AT4G00990,AT4G00990
AT4G01000,AT4G01000
CNGC13,CNGC13
AT4G01020,AT4G01020
AT4G01023,AT4G01023
PYL7,PYL7
AT4G03845,AT4G03845
PCMP-H65,PCMP-H65
WTF1,WTF1
AT4G01040,AT4G01040
TROL,TROL
ETC3,ETC3
UGT72B1,UGT72B1
TBL26,TBL26
AT4G03855,AT4G03855
AT4G01090,AT4G01090
ADNT1,ADNT1
AT4G01110,AT4G01110
GBF2,GBF2
AT4G01130,AT4G01130
AT4G01140,AT4G01140
CURT1A,CURT1A
AT4G01160,AT4G01160
AT4G01170,AT4G01170
AT4G01180,AT4G01180
ATPIPK10,ATPIPK10
AT4G01200,AT4G01200
AT4G01210,AT4G01210
MGP4,MGP4
RTNLB7,RTNLB7
AT4G01240,AT4G01240
WRKY22,WRKY22
AT4G01245,AT4G01245
AT4G01260,AT4G01260
AT4G01270,AT4G01270
RVE5,RVE5
AT4G01290,AT4G01290
FACE1,FACE1
AT4G01330,AT4G01330
AT4G01335,AT4G01335
AT4G01340,AT4G01340
AT4G01350,AT4G01350
AT4G01355,AT4G01355
AT4G01360,AT4G01360
MPK4,MPK4
AT4G01380,AT4G01380
AT4G01390,AT4G01390
COG4,COG4
AT4G01400,AT4G01400
AT4G01410,AT4G01410
CBL5,CBL5
AT4G01430,AT4G01430
AT4G01435,AT4G01435
AT4G01440,AT4G01440
AT4G01450,AT4G01450
BHLH57,BHLH57
TIP1-3,TIP1-3
PPA5,PPA5
AT4G03875,AT4G03875
NGA4,NGA4
ARV2,ARV2
anac067,anac067
AT4G01533,AT4G01533
AT4G01535,AT4G01535
NAC68,NAC68
NAC69,NAC69
MEE49,MEE49
AT4G01570,AT4G01570
AT4G03895,AT4G03895
AT4G01575,AT4G01575
AT4G01580,AT4G01580
AT4G03905,AT4G03905
AT4G03925,AT4G03925
AT4G01590,AT4G01590
AT4G01593,AT4G01593
AT4G01595,AT4G01595
AT4G01600,AT4G01600
CATHB3,CATHB3
EXPA17,EXPA17
AT4G01640,AT4G01640
AT4G01650,AT4G01650
ABC1,ABC1
AT4G01670,AT4G01670
AT4G03955,AT4G03955
AT4G01671,AT4G01671
MYB55,MYB55
PPOX1.1,PPOX1.1
AT4G01700,AT4G01700
AT4G03985,AT4G03985
ARPC5A,ARPC5A
WRKY47,WRKY47
PAT18,PAT18
AT4G01735,AT4G01735
AT4G01740,AT4G01740
RGXT2,RGXT2
AT4G01760,AT4G01760
RGXT1,RGXT1
AT4G01780,AT4G01780
AT4G01790,AT4G01790
AGY1,AGY1
AT4G01810,AT4G01810
ABCB3,ABCB3
ABCB5,ABCB5
TPK5,TPK5
SAM2,SAM2
AT4G01860,AT4G01860
AT4G01865,AT4G01865
AT4G01870,AT4G01870
AT4G01880,AT4G01880
AT4G01883,AT4G01883
AT4G03995,AT4G03995
AT4G01890,AT4G01890
AT4G01895,AT4G01895
AT4G01897,AT4G01897
AT4G04005,AT4G04005
GLB1,GLB1
AT4G01910,AT4G01910
AT4G01915,AT4G01915
AT4G01920,AT4G01920
AT4G01925,AT4G01925
AT4G04015,AT4G04015
AT4G01930,AT4G01930
AT4G01935,AT4G01935
NIFU1,NIFU1
AT4G04035,AT4G04035
ATGPAT3,ATGPAT3
AT4G01960,AT4G01960
AtSTS,AtSTS
AT4G01985,AT4G01985
AT4G01990,AT4G01990
AT4G01995,AT4G01995
AT4G02000,AT4G02000
AT4G02005,AT4G02005
AT4G02010,AT4G02010
EZA1,EZA1
AT4G02030,AT4G02030
AT4G04055,AT4G04055
AT4G02040,AT4G02040
STP7,STP7
MCM7,MCM7
MSH6,MSH6
PIT1,PIT1
SAR1A,SAR1A
AT4G02090,AT4G02090
AT4G02100,AT4G02100
AT4G02110,AT4G02110
AT4G02120,AT4G02120
GATL6,GATL6
AT4G02140,AT4G02140
AT4G04065,AT4G04065
IMPA3,IMPA3
AT4G02160,AT4G02160
AT4G02170,AT4G02170
AT4G02180,AT4G02180
AT4G02190,AT4G02190
SYP42,SYP42
AT4G02200,AT4G02200
AT4G04075,AT4G04075
AT4G02210,AT4G02210
AT4G02220,AT4G02220
RPL19C,RPL19C
AGL51,AGL51
RSH1,RSH1
RHS13,RHS13
SUS3,SUS3
AtGH9B13,AtGH9B13
AT4G04085,AT4G04085
PME39,PME39
PME40,PME40
AT4G04095,AT4G04095
AT4G04115,AT4G04115
PME41,PME41
AT4G02340,AT4G02340
SEC15B,SEC15B
AT4G02360,AT4G02360
AT4G02370,AT4G02370
SAG21,SAG21
PARP2,PARP2
AT4G02400,AT4G02400
AT4G02405,AT4G02405
LECRK43,LECRK43
LECRK44,LECRK44
AT4G02425,AT4G02425
SR34b,SR34b
EID1,EID1
P23-1,P23-1
AT4G04135,AT4G04135
PMS1,PMS1
AT4G02465,AT4G02465
AT4G02480,AT4G02480
AT4G02482,AT4G02482
AT4G02485,AT4G02485
AT4G02489,AT4G02489
XXT2,XXT2
TOC159,TOC159
GSTF2,GSTF2
AT4G02530,AT4G02530
AT4G04185,AT4G04185
AT4G04195,AT4G04195
AT4G02540,AT4G02540
AT4G02541,AT4G02541
AT4G02550,AT4G02550
AT4G02555,AT4G02555
AT4G04205,AT4G04205
LD,LD
CUL1,CUL1
AT4G02580,AT4G02580
UNE12,UNE12
AT4G04215,AT4G04215
MLO1,MLO1
TRPA1,TRPA1
VHA-F,VHA-F
AT4G04225,AT4G04225
AT4G02630,AT4G02630
BZO2H1,BZO2H1
AT4G02650,AT4G02650
AT4G02655,AT4G02655
AT4G02660,AT4G02660
AtIDD12,AtIDD12
AT4G04235,AT4G04235
EOL1,EOL1
LFG3,LFG3
SULTR3;2,SULTR3;2
NET1C,NET1C
AT4G04275,AT4G04275
AT4G02715,AT4G02715
AT4G04285,AT4G04285
AT4G02725,AT4G02725
AT4G02720,AT4G02720
WDR5B,WDR5B
AT4G04295,AT4G04295
AT4G02733,AT4G02733
AT4G02735,AT4G02735
AT4G02740,AT4G02740
PCMP-H24,PCMP-H24
AT4G02760,AT4G02760
PSAD1,PSAD1
GA1,GA1
DGP3,DGP3
AT4G02800,AT4G02800
FAF1,FAF1
AT4G02820,AT4G02820
AT4G02830,AT4G02830
AT4G02840,AT4G02840
AT4G02850,AT4G02850
AT4G02860,AT4G02860
ARF42,ARF42
AT4G04305,AT4G04305
AT4G02880,AT4G02880
AT4G04325,AT4G04325
UBQ14,UBQ14
AT4G04335,AT4G04335
AT4G02900,AT4G02900
AT4G04345,AT4G04345
AT4G02910,AT4G02910
AT4G02920,AT4G02920
TUFA,TUFA
AT4G04355,AT4G04355
ALKBH10B,ALKBH10B
AT4G02950,AT4G02950
AT7SL-1,AT7SL-1
ERABP1,ERABP1
MTERF4,MTERF4
RF298,RF298
AT4G03010,AT4G03010
AT4G03020,AT4G03020
OR23,OR23
AT4G03038,AT4G03038
MIR826A,MIR826A
AT4G03040,AT4G03040
AOP3,AOP3
AT4G04385,AT4G04385
AOP1,AOP1
BSL1,BSL1
AT4G04425,AT4G04425
NDX,NDX
ROPGAP2,ROPGAP2
BRN1.1,BRN1.1
AT4G03115,AT4G03115
AT4G03120,AT4G03120
AT4G03130,AT4G03130
AT4G03135,AT4G03135
AT4G03140,AT4G03140
AT4G04435,AT4G04435
AT4G03150,AT4G03150
NET3B,NET3B
AT4G03156,AT4G03156
AT4G03157,AT4G03157
AT4G03160,AT4G03160
AT4G03175,AT4G03175
AT4G03180,AT4G03180
AT4G04445,AT4G04445
GRH1,GRH1
AT4G04455,AT4G04455
AT4G03200,AT4G03200
hemf2,hemf2
XTH9,XTH9
AT4G03220,AT4G03220
AT4G03230,AT4G03230
FH,FH
AT4G03250,AT4G03250
AT4G03260,AT4G03260
CYCD6-1,CYCD6-1
PETC,PETC
AT4G03285,AT4G03285
CML6,CML6
AT4G03292,AT4G03292
AT4G04465,AT4G04465
AT4G03295,AT4G03295
AT4G04475,AT4G04475
AT4G04485,AT4G04485
AT4G03298,AT4G03298
TIC20-IV,TIC20-IV
SYP123,SYP123
AT4G04505,AT4G04505
AT4G03340,AT4G03340
AT4G04515,AT4G04515
AT4G04535,AT4G04535
AT4G04565,AT4G04565
7SL2,7SL2
AT4G03360,AT4G03360
AT4G04615,AT4G04615
AT4G03380,AT4G03380
SRF3,SRF3
AT4G04625,AT4G04625
DFL2,DFL2
AT4G03410,AT4G03410
AT4G03415,AT4G03415
AT4G03420,AT4G03420
STA1,STA1
AT4G03435,AT4G03435
MIR447C,MIR447C
AT4G03440,AT4G03440
AT4G03443,AT4G03443
MIR447A,MIR447A
AT4G03450,AT4G03450
MIR447B,MIR447B
AT4G03460,AT4G03460
AT4G03470,AT4G03470
AT4G03480,AT4G03480
AT4G03490,AT4G03490
AT4G03495,AT4G03495
AT4G03500,AT4G03500
AT4G03505,AT4G03505
RMA1,RMA1
ATHM2,ATHM2
AT4G03540,AT4G03540
CALS12,CALS12
TPC1,TPC1
AT4G03565,AT4G03565
AT4G03566,AT4G03566
AT4G03570,AT4G03570
AT4G03580,AT4G03580
AT4G03590,AT4G03590
AT4G03600,AT4G03600
AT4G03610,AT4G03610
AT4G03620,AT4G03620
AT4G03635,AT4G03635
AT4G03645,AT4G03645
AT4G03728,AT4G03728
AT4G03740,AT4G03740
AT4G03811,AT4G03811
AT4G04675,AT4G04675
AT4G03820,AT4G03820
AT4G04765,AT4G04765
AT4G03830,AT4G03830
AT4G03935,AT4G03935
PME42,PME42
AT4G03940,AT4G03940
AT4G03945,AT4G03945
AT4G03950,AT4G03950
DSP4.1,DSP4.1
AT4G03965,AT4G03965
PAP1.1,PAP1.1
AT4G04025,AT4G04025
ATOFP9,ATOFP9
PFP-BETA2,PFP-BETA2
AT4G04077,AT4G04077
ISU3,ISU3
AT4G04090,AT4G04090
AT4G04110,AT4G04110
AT4G04785,AT4G04785
AT4G04180,AT4G04180
AT4G04190,AT4G04190
AT4G04200,AT4G04200
PUX4,PUX4
AT4G04221,AT4G04221
AtRLP46,AtRLP46
AT4G04223,AT4G04223
AT4G04260,AT4G04260
AT4G04265,AT4G04265
AT4G04795,AT4G04795
AT4G04805,AT4G04805
AT4G04315,AT4G04315
AT4G04320,AT4G04320
RBCX1,RBCX1
OSCA1,OSCA1
EMB2369,EMB2369
AT4G04360,AT4G04360
PCMP-E99,PCMP-E99
AT4G04402,AT4G04402
AT4G04835,AT4G04835
AT4G04855,AT4G04855
AT4G04865,AT4G04865
AT4G04415,AT4G04415
AT4G04875,AT4G04875
AT4G04895,AT4G04895
AT4G04423,AT4G04423
WRKY42,WRKY42
APA3,APA3
PMP22,PMP22
AT4G04480,AT4G04480
CRK36,CRK36
CRK37,CRK37
CRK38,CRK38
CRK39,CRK39
CRK40,CRK40
AT4G04580,AT4G04580
AT4G04601,AT4G04601
AT4G04605,AT4G04605
APR1,APR1
AT4G04614,AT4G04614
ATG8B,ATG8B
AT4G04630,AT4G04630
ATPC1,ATPC1
AT4G04650,AT4G04650
AT4G04945,AT4G04945
AT4G04670,AT4G04670
AT4G04680,AT4G04680
FBX15,FBX15
CPK31,CPK31
CPK27,CPK27
CPK22,CPK22
CPK21,CPK21
AT4G04730,AT4G04730
CPK23,CPK23
AT4G04745,AT4G04745
AT4G04965,AT4G04965
AT4G04750,AT4G04750
AT4G04760,AT4G04760
ABCI8,ABCI8
AT4G04775,AT4G04775
MED21,MED21
AT4G04975,AT4G04975
AT4G04790,AT4G04790
MSRB3,MSRB3
MSRB4,MSRB4
MSRB5,MSRB5
AT4G04995,AT4G04995
MSRB6,MSRB6
AT4G05005,AT4G05005
KEA3,KEA3
DER2.2,DER2.2
AT4G05015,AT4G05015
CLS,CLS
AT4G04880,AT4G04880
PCFS4,PCFS4
PDF2.7,PDF2.7
RIC10,RIC10
NSF,NSF
MED16,MED16
AT4G04925,AT4G04925
DES-1-LIKE,DES-1-LIKE
AT4G04940,AT4G04940
GRXS17,GRXS17
ALN,ALN
AT4G04957,AT4G04957
LECRK71,LECRK71
CALS11,CALS11
AT4G04972,AT4G04972
AT4G04980,AT4G04980
AT4G04990,AT4G04990
VPS28-2,VPS28-2
AT4G05010,AT4G05010
AT4G05018,AT4G05018
NDB2,NDB2
AT4G05030,AT4G05030
AT4G05040,AT4G05040
AT4G05025,AT4G05025
AT4G05055,AT4G05055
U49.1,U49.1
UBQ11,UBQ11
PVA43,PVA43
AT4G05065,AT4G05065
AT4G05070,AT4G05070
AT4G05071,AT4G05071
AT4G05080,AT4G05080
AT4G05090,AT4G05090
AT4G05091,AT4G05091
AT4G05095,AT4G05095
AT4G05097,AT4G05097
AtMYB74,AtMYB74
ATENT6,ATENT6
MIR397A,MIR397A
ENT3,ENT3
ENT4,ENT4
ENT5,ENT5
AT4G05075,AT4G05075
AT4G05150,AT4G05150
4CLL7,4CLL7
AT4G05170,AT4G05170
PSBQ2,PSBQ2
KIN14D,KIN14D
CRK25,CRK25
LPXD1,LPXD1
AT4G05220,AT4G05220
AT4G05230,AT4G05230
AT4G05240,AT4G05240
AT4G05085,AT4G05085
AT4G05310,AT4G05310
UBQ10,UBQ10
AGD13,AGD13
AT4G05115,AT4G05115
AT4G05340,AT4G05340
AT4G05360,AT4G05360
AT4G05135,AT4G05135
AT4G05380,AT4G05380
RFNR1,RFNR1
AT4G05400,AT4G05400
AT4G05155,AT4G05155
YAO,YAO
DDB1A,DDB1A
AT4G05430,AT4G05430
EDA35,EDA35
MFDX1,MFDX1
SKIP19,SKIP19
AT4G05470,AT4G05470
AT4G05475,AT4G05475
FBL22,FBL22
FBL9,FBL9
MIR405D,MIR405D
EHD2,EHD2
AT4G05523,AT4G05523
SDRA,SDRA
AT4G05540,AT4G05540
AT4G05555,AT4G05555
AT4G05590,AT4G05590
AT4G05612,AT4G05612
ARF46,ARF46
AT4G05631,AT4G05631
AT4G05632,AT4G05632
AT4G06479,AT4G06479
AT4G06526,AT4G06526
AT4G06534,AT4G06534
AT4G06536,AT4G06536
AT4G06598,AT4G06598
AT4G06599,AT4G06599
AT4G05205,AT4G05205
AT4G06643,AT4G06643
YY1,YY1
AT4G06676,AT4G06676
AT4G06688,AT4G06688
AT4G06701,AT4G06701
AT4G06744,AT4G06744
RAP2-9,RAP2-9
AT4G07325,AT4G07325
AT4G07380,AT4G07380
AT4G07390,AT4G07390
FBL8,FBL8
PCN,PCN
AT4G07408,AT4G07408
AT4G07445,AT4G07445
AT4G07455,AT4G07455
AT4G07515,AT4G07515
AT4G07526,AT4G07526
AT4G07670,AT4G07670
AT4G07675,AT4G07675
AT4G05215,AT4G05215
AT4G07820,AT4G07820
AT4G07825,AT4G07825
AT4G07835,AT4G07835
AT4G05235,AT4G05235
AT4G05245,AT4G05245
AT4G07868,AT4G07868
AT4G05255,AT4G05255
AT4G07940,AT4G07940
AT4G05275,AT4G05275
AT4G07950,AT4G07950
CSLC12,CSLC12
AT4G07965,AT4G07965
AT4G07990,AT4G07990
AT4G05285,AT4G05285
AT4G05295,AT4G05295
AT4G07995,AT4G07995
AT4G08025,AT4G08025
AT4G08028,AT4G08028
AT4G08035,AT4G08035
AT4G08039,AT4G08039
ACS11,ACS11
AT4G05305,AT4G05305
AT4G05315,AT4G05315
AT4G05335,AT4G05335
AT4G08097,AT4G08097
AT4G08140,AT4G08140
KNAT1,KNAT1
AT4G05365,AT4G05365
AT4G05375,AT4G05375
XYN3,XYN3
ITPK3,ITPK3
ORP1C,ORP1C
AT4G08190,AT4G08190
PCMP-E100,PCMP-E100
AT4G08230,AT4G08230
AT4G08240,AT4G08240
SCL26,SCL26
AT4G08260,AT4G08260
AT4G08263,AT4G08263
AT4G08267,AT4G08267
AT4G08270,AT4G08270
AT4G08280,AT4G08280
AT4G08290,AT4G08290
AT4G08300,AT4G08300
AT4G08310,AT4G08310
TPR8,TPR8
AT4G05395,AT4G05395
AT4G08330,AT4G08330
AT4G05405,AT4G05405
GTA02,GTA02
AT4G08360,AT4G08360
AT4G05425,AT4G05425
AT4G05435,AT4G05435
AT4G08370,AT4G08370
AT4G08380,AT4G08380
APXS,APXS
AT4G05445,AT4G05445
AT4G08395,AT4G08395
AT4G05455,AT4G05455
AT4G08400,AT4G08400
AT4G08410,AT4G08410
AT4G08430,AT4G08430
AT4G05485,AT4G05485
AT4G08450,AT4G08450
AT4G05525,AT4G05525
AT4G05535,AT4G05535
AT4G08455,AT4G08455
AT4G08460,AT4G08460
MAPKKK10,MAPKKK10
AT4G05545,AT4G05545
MEKK2,MEKK2
MEKK1,MEKK1
AT4G08510,AT4G08510
AT4G08520,AT4G08520
AT4G08535,AT4G08535
AT4G08540,AT4G08540
AT4G08545,AT4G08545
AT4G08550,AT4G08550
AT4G08555,AT4G08555
AT4G08560,AT4G08560
HIPP24,HIPP24
AT4G08580,AT4G08580
ORTHL,ORTHL
AT4G08593,AT4G08593
SULTR1;1,SULTR1;1
AT4G08630,AT4G08630
AT4G08640,AT4G08640
AT4G08670,AT4G08670
SAH7,SAH7
AT4G08690,AT4G08690
AT4G08691,AT4G08691
PUP13,PUP13
AT4G08730,AT4G08730
AT4G08740,AT4G08740
AT4G08760,AT4G08760
PER37,PER37
PER38,PER38
NLP2,NLP2
AT4G08800,AT4G08800
SUB1,SUB1
APUM11,APUM11
AT4G05605,AT4G05605
MIK2,MIK2
ARGAH2,ARGAH2
AT4G05615,AT4G05615
AT4G08869,AT4G08869
AT4G08867,AT4G08867
AT4G05645,AT4G05645
AT4G08868,AT4G08868
AT4G05650,AT4G05650
AT4G08874,AT4G08874
AT4G08875,AT4G08875
AT4G08876,AT4G08876
AT4G08878,AT4G08878
AT4G08895,AT4G08895
AT4G05655,AT4G05655
ARGAH1,ARGAH1
AT4G08910,AT4G08910
AT4G05665,AT4G05665
AT4G05670,AT4G05670
AT4G05675,AT4G05675
CRY1,CRY1
APRL6,APRL6
AT4G08940,AT4G08940
AT4G05680,AT4G05680
EXO,EXO
AT4G08960,AT4G08960
FBW2,FBW2
MET2,MET2
GRF1.1,GRF1.1
AT4G05685,AT4G05685
APX4,APX4
AT4G05690,AT4G05690
AT4G09012,AT4G09012
ISA3,ISA3
AGP10,AGP10
AT4G09035,AT4G09035
AT4G09040,AT4G09040
AT4G09060,AT4G09060
TOC75-IV,TOC75-IV
AT4G09090,AT4G09090
ATL39,ATL39
ATL35,ATL35
ATL36,ATL36
ATL37,ATL37
MLH1,MLH1
AT4G09150,AT4G09150
LCR36,LCR36
PATL5,PATL5
AT4G09170,AT4G09170
BHLH81,BHLH81
AT4G05700,AT4G05700
AT4G09210,AT4G09210
AT4G09260,AT4G09260
AT4G09300,AT4G09300
AT4G05710,AT4G05710
NDK1,NDK1
AT4G09340,AT4G09340
ndhT,ndhT
AT4G05715,AT4G05715
AT4G09360,AT4G09360
AT4G09420,AT4G09420
AT4G09430,AT4G09430
AT4G09432,AT4G09432
AT4G09435,AT4G09435
AT4G09450,AT4G09450
MYB6,MYB6
AT4G09490,AT4G09490
UGT79B7,UGT79B7
CINV2,CINV2
AT4G09520,AT4G09520
AT4G09530,AT4G09530
AT4G09545,AT4G09545
GIP1.1,GIP1.1
RMR4,RMR4
CPK4,CPK4
AT4G09580,AT4G09580
AT4G09585,AT4G09585
NHL22,NHL22
GASA3,GASA3
AT4G09620,AT4G09620
AT4G09630,AT4G09630
AT4G09640,AT4G09640
AT4G05730,AT4G05730
AT4G09647,AT4G09647
AT4G09649,AT4G09649
ATPD,ATPD
AT4G09660,AT4G09660
AT4G09670,AT4G09670
CTC1,CTC1
AT4G09690,AT4G09690
ATRABG3A,ATRABG3A
RH39,RH39
AT4G09731,AT4G09731
AtGH9B14,AtGH9B14
AT4G09750,AT4G09750
AT4G09760,AT4G09760
AT4G09770,AT4G09770
AT4G09780,AT4G09780
RPS18C.2,RPS18C.2
URGT5,URGT5
AT4G05735,AT4G05735
TT8,TT8
AT4G09830,AT4G09830
AT4G09840,AT4G09840
AT4G09850,AT4G09850
AT4G09860,AT4G09860
AT4G09870,AT4G09870
AT4G05745,AT4G05745
AT4G09880,AT4G09880
AT4G09890,AT4G09890
MES12,MES12
AT4G09920,AT4G09920
IAN11,IAN11
IAN13,IAN13
STK,STK
AT4G09965,AT4G09965
AT4G09970,AT4G09970
EMB1691,EMB1691
GXM2,GXM2
AT4G10000,AT4G10000
AT4G10010,AT4G10010
HSD5,HSD5
AT4G05755,AT4G05755
AT4G10030,AT4G10030
CYTC-2,CYTC-2
AT4G10050,AT4G10050
AT4G10060,AT4G10060
AT4G10070,AT4G10070
AT4G10080,AT4G10080
ELP6,ELP6
AT4G05760,AT4G05760
CNX7,CNX7
AT4G10110,AT4G10110
SCRL20,SCRL20
SPS4,SPS4
AT4G10130,AT4G10130
AT4G10140,AT4G10140
ATL7,ATL7
AT4G05765,AT4G05765
ATL59,ATL59
PHYL1.1,PHYL1.1
DET1,DET1
AT4G10200,AT4G10200
AT4G10210,AT4G10210
AT4G10220,AT4G10220
BBX23,BBX23
HSP22.0,HSP22.0
AT4G10260,AT4G10260
AT4G10265,AT4G10265
AT4G05775,AT4G05775
AT4G10270,AT4G10270
AT4G10280,AT4G10280
AT4G10290,AT4G10290
AT4G10300,AT4G10300
AT4G10305,AT4G10305
HKT1,HKT1
AT4G10320,AT4G10320
AT4G10330,AT4G10330
LHCB5,LHCB5
AT4G10360,AT4G10360
AT4G10370,AT4G10370
NIP5-1,NIP5-1
AT4G10390,AT4G10390
AT4G10400,AT4G10400
AT4G10410,AT4G10410
AT4G10420,AT4G10420
AT4G10430,AT4G10430
AT4G10440,AT4G10440
RPL9D,RPL9D
SCRL1,SCRL1
HIPP44,HIPP44
AT4G10470,AT4G10470
AT4G10480,AT4G10480
AT4G05785,AT4G05785
AT4G05790,AT4G05790
DLO1,DLO1
AT4G10507,AT4G10507
SBT3.7,SBT3.7
SBT3.9,SBT3.9
SBT3.8,SBT3.8
AT4G10550,AT4G10550
MEE53,MEE53
UBP10,UBP10
UBP9,UBP9
AT4G05800,AT4G05800
AT4G10600,AT4G10600
AT4G10603,AT4G10603
CID12,CID12
AT4G10613,AT4G10613
AT4G10620,AT4G10620
AT4G10630,AT4G10630
IQD16,IQD16
DGP2,DGP2
AT4G10695,AT4G10695
SPT16,SPT16
AT4G10720,AT4G10720
AT4G10730,AT4G10730
AT4G05810,AT4G05810
AT4G10740,AT4G10740
AT4G10750,AT4G10750
AT4G05815,AT4G05815
MTA,MTA
SCRL21,SCRL21
OPT7,OPT7
AT4G10780,AT4G10780
PUX10,PUX10
AT4G10800,AT4G10800
AT4G10810,AT4G10810
AT4G10820,AT4G10820
KLCR1,KLCR1
AT4G10843,AT4G10843
AT4G05840,AT4G05840
SWEET7,SWEET7
AT4G10860,AT4G10860
AT4G10890,AT4G10890
AT4G10895,AT4G10895
KELP,KELP
AT4G10910,AT4G10910
SKIP8,SKIP8
AT4G10930,AT4G10930
AT4G10950,AT4G10950
AT4G10955,AT4G10955
UGE5,UGE5
AT4G10970,AT4G10970
AT4G11000,AT4G11000
NDPK3,NDPK3
AT4G11020,AT4G11020
AT4G11040,AT4G11040
AtGH9C3,AtGH9C3
MTSSB,MTSSB
WRKY41,WRKY41
HMGB13,HMGB13
AT4G05845,AT4G05845
TBL23,TBL23
AT4G11100,AT4G11100
SPA2,SPA2
EFTS,EFTS
RDR2,RDR2
AT4G05850,AT4G05850
AT4G05855,AT4G05855
CRF1,CRF1
VHA-E1.1,VHA-E1.1
AT4G11160,AT4G11160
AT4G11170,AT4G11170
AT4G11175,AT4G11175
AT4G11177,AT4G11177
DIR12,DIR12
DIR13,DIR13
DIR14,DIR14
AT4G11211,AT4G11211
AT4G11213,AT4G11213
AT4G11216,AT4G11216
RTNLB2,RTNLB2
RBOHI,RBOHI
TOPP6,TOPP6
AGL52,AGL52
SGT1B,SGT1B
AT4G11270,AT4G11270
ACS6,ACS6
PER39,PER39
AT4G11300,AT4G11300
AT4G05870,AT4G05870
AT4G05865,AT4G05865
RDL4,RDL4
RDL5.2,RDL5.2
MPK5,MPK5
AT4G11340,AT4G11340
AT4G11350,AT4G11350
AT4G11355,AT4G11355
RHA1B,RHA1B
RHA1A,RHA1A
AT4G11373,AT4G11373
AT4G11380,AT4G11380
AT4G11385,AT4G11385
AT4G11390,AT4G11390
ARID2,ARID2
AT4G11405,AT4G11405
AT4G11410,AT4G11410
TIF3A1,TIF3A1
AT4G11430,AT4G11430
AT4G05880,AT4G05880
AT4G05885,AT4G05885
AT4G11440,AT4G11440
AT4G11450,AT4G11450
CRK30,CRK30
CRK31,CRK31
CRK32,CRK32
LCR11,LCR11
CRK33,CRK33
RALFL28,RALFL28
CRK34,CRK34
CRK34.1,CRK34.1
AT4G05890,AT4G05890
AT4G11540,AT4G11540
AT4G11543,AT4G11543
AT4G11547,AT4G11547
AT4G11550,AT4G11550
AT4G11560,AT4G11560
PYRP2,PYRP2
AT4G11580,AT4G11580
AT4G11590,AT4G11590
GPX6,GPX6
AT4G05900,AT4G05900
AT4G11610,AT4G11610
AT4G11630,AT4G11630
SR,SR
AT4G05905,AT4G05905
OSM34,OSM34
AT4G11655,AT4G11655
HSFB2B,HSFB2B
AT4G05910,AT4G05910
AT4G11670,AT4G11670
AT4G05915,AT4G05915
AT4G11680,AT4G11680
AT4G11690,AT4G11690
AT4G11700,AT4G11700
HAP2,HAP2
AT4G11730,AT4G11730
PUX8,PUX8
AT4G11745,AT4G11745
LCR17,LCR17
AT4G11770,AT4G11770
AT4G11780,AT4G11780
AT4G11790,AT4G11790
AT4G11800,AT4G11800
AT4G05925,AT4G05925
AT4G11810,AT4G11810
HMGS,HMGS
PLDGAMMA2,PLDGAMMA2
PLDGAMMA3,PLDGAMMA3
AT4G11845,AT4G11845
PLDGAMMA1,PLDGAMMA1
AT4G11860,AT4G11860
AT4G11870,AT4G11870
AGL14,AGL14
AT4G11890,AT4G11890
AT4G11900,AT4G11900
SGR2.1,SGR2.1
AT4G11911,AT4G11911
FZR1,FZR1
AT4G05930,AT4G05930
AT4G11930,AT4G11930
ADM,ADM
AT4G11950,AT4G11950
PGRL1B,PGRL1B
AT4G11970,AT4G11970
AT4G05935,AT4G05935
NUDT14,NUDT14
AT4G11985,AT4G11985
AT4G11990,AT4G11990
AT4G12000,AT4G12000
AT4G12005,AT4G12005
DSC1,DSC1
WRKY19,WRKY19
BASS5,BASS5
SAP7,SAP7
AT4G05940,AT4G05940
AHL26,AHL26
AT4G05945,AT4G05945
AT4G05950,AT4G05950
CLPT2,CLPT2
AT4G12070,AT4G12070
AT4G12065,AT4G12065
AHL1,AHL1
AT4G12090,AT4G12090
AT4G12100,AT4G12100
SMO1-1,SMO1-1
AT4G12115,AT4G12115
SEC1B,SEC1B
AT4G05965,AT4G05965
AT4G12130,AT4G12130
AT4G12140,AT4G12140
AT4G12190,AT4G12190
AT4G12210,AT4G12210
AT4G12220,AT4G12220
AT4G12230,AT4G12230
AT4G12240,AT4G12240
GAE5,GAE5
AT4G05980,AT4G05980
AT4G12270,AT4G12270
AT4G12290,AT4G12290
CYP706A4,CYP706A4
CYP706A5,CYP706A5
CYP706A6,CYP706A6
CYP706A7,CYP706A7
AT4G12334,AT4G12334
AT4G12340,AT4G12340
MYB42,MYB42
AT4G12360,AT4G12360
AT4G05985,AT4G05985
AT4G12370,AT4G12370
AT4G12380,AT4G12380
AT4G12382,AT4G12382
PME1.1,PME1.1
HOP3,HOP3
AT4G12405,AT4G12405
AT4G12410,AT4G12410
SKU5,SKU5
TPPF,TPPF
APT4,APT4
AT4G12450,AT4G12450
ORP2B,ORP2B
AZI1,AZI1
EARLI1,EARLI1
AT4G12490,AT4G12490
AT4G12495,AT4G12495
AT4G12500,AT4G12500
AT4G12510,AT4G12510
AT4G12520,AT4G12520
AT4G12530,AT4G12530
AT4G12540,AT4G12540
AT4G12543,AT4G12543
AIR1B,AIR1B
AIR1,AIR1
AT4G12555,AT4G12555
CPR1,CPR1
UPL5,UPL5
AT4G12580,AT4G12580
AT4G12590,AT4G12590
AT4G12600,AT4G12600
RAP74,RAP74
AT4G12617,AT4G12617
ORC1B,ORC1B
AT4G12640,AT4G12640
TMN12,TMN12
AT4G12670,AT4G12670
AT4G12680,AT4G12680
AT4G12690,AT4G12690
AT4G12700,AT4G12700
AT4G12710,AT4G12710
AtNUDT7,AtNUDT7
FLA2,FLA2
AT4G12731,AT4G12731
AT4G12735,AT4G12735
MYH,MYH
AT4G12750,AT4G12750
AT4G12760,AT4G12760
AT4G12770,AT4G12770
AUXI1,AUXI1
AT4G12790,AT4G12790
PSAL,PSAL
KIB1,KIB1
KIB2,KIB2
AT4G12830,AT4G12830
AT4G12840,AT4G12840
AT4G12850,AT4G12850
CML2,CML2
AT4G05990,AT4G05990
AT4G12870,AT4G12870
ENODL19,ENODL19
AT4G12890,AT4G12890
AT4G12900,AT4G12900
SCPL20,SCPL20
AT4G12917,AT4G12917
AT4G12930,AT4G12930
AT4G12940,AT4G12940
GILT,GILT
EPFL9,EPFL9
AT4G12980,AT4G12980
AT4G05995,AT4G05995
AT4G12990,AT4G12990
AT4G06000,AT4G06000
AT4G13000,AT4G13000
CEQORH,CEQORH
MHK,MHK
AT4G13030,AT4G13030
AT4G13040,AT4G13040
FATA2,FATA2
AT4G13060,AT4G13060
AT4G13070,AT4G13070
RALFL30,RALFL30
XTH1,XTH1
XTH2,XTH2
LCR37,LCR37
AT4G13100,AT4G13100
AT4G13110,AT4G13110
AT4G13130,AT4G13130
AT4G13150,AT4G13150
RPL13AC,RPL13AC
AT4G13160,AT4G13160
AT4G13180,AT4G13180
PBL24,PBL24
CLE44,CLE44
AT4G13200,AT4G13200
AT4G13210,AT4G13210
AT4G13220,AT4G13220
AT4G13230,AT4G13230
EDA21,EDA21
AT4G06005,AT4G06005
ROPGEF9,ROPGEF9
AT4G06010,AT4G06010
AT4G06015,AT4G06015
AT4G13245,AT4G13245
NYC1,NYC1
AT4G13263,AT4G13263
YUC2,YUC2
AT4G13270,AT4G13270
AT4G06060,AT4G06060
TPS12,TPS12
CYP71A19,CYP71A19
TPS13,TPS13
CYP71A20,CYP71A20
AT4G13330,AT4G13330
AT4G13320,AT4G13320
LRX3,LRX3
MEE55,MEE55
NIG,NIG
AT4G13360,AT4G13360
AT4G13370,AT4G13370
HIPP18,HIPP18
AT4G13390,AT4G13390
DVL10,DVL10
AT4G13400,AT4G13400
CSLA15,CSLA15
POT5,POT5
IIL1,IIL1
AT4G06065,AT4G06065
AT4G13440,AT4G13440
AT4G13450,AT4G13450
SUVH9,SUVH9
AtMYB79,AtMYB79
AT4G13490,AT4G13490
AT4G13495,AT4G13495
AT4G06075,AT4G06075
MIR850A,MIR850A
MIR863A,MIR863A
AT4G06080,AT4G06080
AT4G06085,AT4G06085
AT4G06090,AT4G06090
AT4G06095,AT4G06095
AT4G13500,AT4G13500
AT4G13505,AT4G13505
AMT1-1,AMT1-1
SMAP1,SMAP1
AT4G13530,AT4G13530
AT4G13540,AT4G13540
AT4G13550,AT4G13550
MIR857A,MIR857A
MIR397B,MIR397B
UNE15,UNE15
AT4G06105,AT4G06105
HTA4,HTA4
MIR841A,MIR841A
AT4G13572,AT4G13572
AT4G06115,AT4G06115
AT4G13575,AT4G13575
AT4G13577,AT4G13577
DIR18,DIR18
AT4G06135,AT4G06135
PAM71-HL,PAM71-HL
AT4G06140,AT4G06140
AT4G13600,AT4G13600
MET3,MET3
AT4G13615,AT4G13615
ERF062,ERF062
AT4G13630,AT4G13630
UNE16,UNE16
PCMP-H42,PCMP-H42
PRR2,PRR2
PTAC5,PTAC5
AT4G13680,AT4G13680
AT4G13690,AT4G13690
ATPAP23,ATPAP23
AT4G13710,AT4G13710
AT4G13720,AT4G13720
AT4G13730,AT4G13730
NOV,NOV
AT4G13760,AT4G13760
CYP83A1,CYP83A1
AT4G13780,AT4G13780
AT4G13790,AT4G13790
AT4G13800,AT4G13800
RLP47,RLP47
AT4G13820,AT4G13820
ATJ20,ATJ20
CER26,CER26
RBG2,RBG2
AT4G13860,AT4G13860
WEX,WEX
AtRLP48,AtRLP48
AT4G13885,AT4G13885
SHM5,SHM5
AT4G06155,AT4G06155
AT4G06160,AT4G06160
AT4G13918,AT4G13918
AtRLP50,AtRLP50
SHM4,SHM4
SAHH1,SAHH1
RALFL31,RALFL31
AT4G13955,AT4G13955
AT4G13960,AT4G13960
AT4G06165,AT4G06165
AT4G13965,AT4G13965
AT4G13968,AT4G13968
AT4G13970,AT4G13970
HSFA5,HSFA5
GT14,GT14
AT4G13992,AT4G13992
AT4G14000,AT4G14000
RALFL32,RALFL32
AT4G14020,AT4G14020
SBP1.1,SBP1.1
SBP2,SBP2
PCMP-H13,PCMP-H13
AT4G14060,AT4G14060
AT4G06170,AT4G06170
AAE15,AAE15
A6,A6
AT4G14100,AT4G14100
UGT75C1,UGT75C1
AT4G06175,AT4G06175
AT4G14096,AT4G14096
AT4G14103,AT4G14103
AT4G14104,AT4G14104
CSN8,CSN8
AT4G14120,AT4G14120
XTH15,XTH15
MET2.1,MET2.1
AT4G14145,AT4G14145
ARPC4,ARPC4
KIN12A,KIN12A
AT4G14160,AT4G14160
AT4G14165,AT4G14165
PCMP-E17,PCMP-E17
PRD1,PRD1
AT4G14190,AT4G14190
AT4G14200,AT4G14200
PDS,PDS
RHF1A,RHF1A
SAP8,SAP8
AT4G14226,AT4G14226
CBSDUF2,CBSDUF2
CBSDUF1,CBSDUF1
AT4G14245,AT4G14245
AT4G14260,AT4G14260
CID2,CID2
AT4G14272,AT4G14272
AT4G14276,AT4G14276
AT4G14280,AT4G14280
AT4G14290,AT4G14290
RNP1,RNP1
AT4G14301,AT4G14301
AT4G14305,AT4G14305
AT4G14310,AT4G14310
AT4G14320,AT4G14320
KIN10A,KIN10A
CKL11,CKL11
AT4G14342,AT4G14342
AT4G14345,AT4G14345
AT4G14350,AT4G14350
AT4G14360,AT4G14360
AT4G14358,AT4G14358
XBAT34,XBAT34
AT4G14368,AT4G14368
AT4G14370,AT4G14370
AT4G14380,AT4G14380
AT4G14385,AT4G14385
AT4G14390,AT4G14390
ACD6,ACD6
BHLH104,BHLH104
AT4G14415,AT4G14415
AT4G14420,AT4G14420
ECI2,ECI2
ECI3,ECI3
AT4G14450,AT4G14450
BET12,BET12
AHL20,AHL20
BLUS1,BLUS1
AT4G14490,AT4G14490
AT4G14500,AT4G14500
MIR852A,MIR852A
CFM3B,CFM3B
NRPB7L,NRPB7L
AT4G14530,AT4G14530
NFYB3,NFYB3
AT4G06195,AT4G06195
AT4G14548,AT4G14548
IAA14,IAA14
AT4G06200,AT4G06200
IAA1,IAA1
AT4G14570,AT4G14570
CIPK4,CIPK4
AT4G06205,AT4G06205
emb2739,emb2739
AT4G14600,AT4G14600
MTERF5,MTERF5
AT4G14615,AT4G14615
AT4G14620,AT4G14620
GLP9,GLP9
CML8,CML8
AT4G14650,AT4G14650
NRPE7,NRPE7
CLPB2,CLPB2
AT4G14675,AT4G14675
APS3,APS3
ELIP2,ELIP2
MPC2,MPC2
ORC1A,ORC1A
AT4G06210,AT4G06210
ATARD2,ATARD2
AT4G06215,AT4G06215
TIFY4A,TIFY4A
ARD2,ARD2
PPD2.1,PPD2.1
EPFL4,EPFL4
LFG1,LFG1
AT4G14740,AT4G14740
AT4G06225,AT4G06225
AT4G06235,AT4G06235
AT4G06245,AT4G06245
AT4G06250,AT4G06250
AT4G06255,AT4G06255
AT4G06260,AT4G06260
AT4G06265,AT4G06265
AT4G14746,AT4G14746
AT4G06280,AT4G06280
IQD19,IQD19
NET1B,NET1B
TCX2,TCX2
AT4G14780,AT4G14780
SCRL23,SCRL23
SUV3,SUV3
PBD2,PBD2
AT4G14805,AT4G14805
MIR780A,MIR780A
AT4G14810,AT4G14810
AT4G14815,AT4G14815
AT4G14819,AT4G14819
PCMP-H3,PCMP-H3
HSP1,HSP1
AT4G14840,AT4G14840
LOI1,LOI1
OFP11,OFP11
SECE1,SECE1
OASA1,OASA1
FRL4B,FRL4B
FdC2,FdC2
AT4G14905,AT4G14905
HISN5B,HISN5B
AT4G14920,AT4G14920
AT4G06285,AT4G06285
AT4G14930,AT4G14930
AO1,AO1
KMS1,KMS1
TUBA6,TUBA6
MAPR4,MAPR4
AT4G14970,AT4G14970
AT4G14980,AT4G14980
PAT1H2,PAT1H2
RPL27C,RPL27C
AT4G15010,AT4G15010
AT4G15020,AT4G15020
AT4G15025,AT4G15025
AT4G15030,AT4G15030
AT4G15040,AT4G15040
AT4G15050,AT4G15050
AT4G15053,AT4G15053
AT4G15056,AT4G15056
AT4G15070,AT4G15070
AT4G15075,AT4G15075
PAT19,PAT19
FAR1.1,FAR1.1
LIGB,LIGB
AT4G15096,AT4G15096
SCPL30,SCPL30
CYP97B3,CYP97B3
AT4G15120,AT4G15120
AT4G06290,AT4G06290
ATCCT2,ATCCT2
AT4G15140,AT4G15140
AT4G15150,AT4G15150
AT4G15160,AT4G15160
PAC2,PAC2
ATXR3,ATXR3
AFH3,AFH3
BAM5,BAM5
ABCG41,ABCG41
ABCG30,ABCG30
ABCG42,ABCG42
ABCG43,ABCG43
AT4G15240,AT4G15240
AT4G15242,AT4G15242
AT4G15245,AT4G15245
AT4G06295,AT4G06295
MIP1A,MIP1A
COL11,COL11
AT4G06300,AT4G06300
AT4G06305,AT4G06305
AT4G06310,AT4G06310
AT4G06315,AT4G06315
AT4G06320,AT4G06320
SNOR37-2,SNOR37-2
AT4G15260,AT4G15260
AT4G15270,AT4G15270
UGT71B5,UGT71B5
CSLB5,CSLB5
CYP702A2,CYP702A2
CYP702A3,CYP702A3
ATCSLB06,ATCSLB06
CYP705A1,CYP705A1
PEN1,PEN1
CYP705A2,CYP705A2
BARS1,BARS1
CYP705A4,CYP705A4
AT4G15390,AT4G15390
CYP702A5,CYP702A5
CYP702A6,CYP702A6
BIA1,BIA1
PUX5,PUX5
B'GAMMA,B'GAMMA
ATRTL1,ATRTL1
AT4G15420,AT4G15420
AT4G15430,AT4G15430
CYP74B2,CYP74B2
AT4G15450,AT4G15450
AT4G15460,AT4G15460
LFG5,LFG5
FBL4,FBL4
UGT84A1,UGT84A1
UGT84A3,UGT84A3
UGT84A4,UGT84A4
AT4G06330,AT4G06330
PPD1,PPD1
AT4G15520,AT4G15520
PPDK,PPDK
AT4G15540,AT4G15540
AT4G15545,AT4G15545
UGT75D1,UGT75D1
DXS,DXS
AT4G15562,AT4G15562
AT4G15563,AT4G15563
MAA3,MAA3
AT4G15610,AT4G15610
AT4G15620,AT4G15620
AT4G15630,AT4G15630
AT4G15640,AT4G15640
AT4G15650,AT4G15650
GRXS8,GRXS8
GRXS7,GRXS7
GRXS4,GRXS4
GRXS5,GRXS5
GRXS3,GRXS3
AT4G15710,AT4G15710
PCMP-H1,PCMP-H1
AT4G15730,AT4G15730
SCRL11,SCRL11
SCRL10,SCRL10
AT4G15740,AT4G15740
AT4G15750,AT4G15750
AT4G15755,AT4G15755
MO1,MO1
AT4G15765,AT4G15765
AT4G15770,AT4G15770
AT4G15775,AT4G15775
ATVAMP724,ATVAMP724
AT4G15790,AT4G15790
RALFL33,RALFL33
AT4G06335,AT4G06335
HSBP,HSBP
AT4G15810,AT4G15810
AT4G15820,AT4G15820
AT4G06340,AT4G06340
AT4G15830,AT4G15830
AT4G15840,AT4G15840
RH1,RH1
ESD4,ESD4
AT4G15885,AT4G15885
AT4G15890,AT4G15890
PRL1,PRL1
ATDI21,ATDI21
SWEET17,SWEET17
AT4G15930,AT4G15930
AT4G15940,AT4G15940
NRPD4,NRPD4
ESFL5,ESFL5
AT4G15955,AT4G15955
AT4G15960,AT4G15960
AT4G15970,AT4G15970
AT4G15975,AT4G15975
AT4G15980,AT4G15980
AT4G15990,AT4G15990
AT4G16000,AT4G16000
AT4G16008,AT4G16008
AT4G16015,AT4G16015
AT4G16024,AT4G16024
AT4G16030,AT4G16030
AT4G16040,AT4G16040
AT4G16045,AT4G16045
AT4G16050,AT4G16050
AT4G16060,AT4G16060
AT4G06375,AT4G06375
AT4G16070,AT4G16070
AT4G16080,AT4G16080
AT4G16100,AT4G16100
AT4G16105,AT4G16105
ARR2,ARR2
COBL7,COBL7
ARA1,ARA1
AT4G16140,AT4G16140
AT4G16141,AT4G16141
IMPA2,IMPA2
AMSH3,AMSH3
AT4G16146,AT4G16146
AT4G16150,AT4G16150
LPD2.1,LPD2.1
OEP162,OEP162
AT4G16162,AT4G16162
AT4G16165,AT4G16165
AT4G16180,AT4G16180
RD19C,RD19C
SPH2,SPH2
AT4G16200,AT4G16200
ECHIA,ECHIA
AT4G16215,AT4G16215
AT4G16220,AT4G16220
AT4G16230,AT4G16230
AT4G16233,AT4G16233
AT4G16235,AT4G16235
AT4G16240,AT4G16240
PHYD,PHYD
AT4G16260,AT4G16260
NRPB9B,NRPB9B
PER40,PER40
FCA,FCA
SPH1,SPH1
LDL3,LDL3
AT4G16330,AT4G16330
SPK1,SPK1
CBL6,CBL6
AT4G16355,AT4G16355
AT4G16360,AT4G16360
ATOPT3,ATOPT3
AT4G06390,AT4G06390
AT4G16380,AT4G16380
P67,P67
AT4G06395,AT4G06395
AT4G16400,AT4G16400
AT4G16410,AT4G16410
ADA2B,ADA2B
BHLH3,BHLH3
NAR1,NAR1
AT4G16442,AT4G16442
AT4G16444,AT4G16444
AT4G16447,AT4G16447
AT4G16450,AT4G16450
AT4G16451,AT4G16451
AT4G16460,AT4G16460
AT4G16465,AT4G16465
PCMP-E12,PCMP-E12
INT4,INT4
AT4G16490,AT4G16490
CYS4,CYS4
AT4G16510,AT4G16510
RGF6,RGF6
ATG8F,ATG8F
AT4G16530,AT4G16530
AT4G16535,AT4G16535
AT4G16540,AT4G16540
AT4G16545,AT4G16545
AT4G16550,AT4G16550
AT4G16555,AT4G16555
AT4G16560,AT4G16560
AT4G16563,AT4G16563
HINT4,HINT4
PRMT16,PRMT16
AT4G16580,AT4G16580
ATCSLA01,ATCSLA01
PGSIP7,PGSIP7
AT4G16610,AT4G16610
AT4G16620,AT4G16620
RH28,RH28
1MMP,1MMP
OFUT29,OFUT29
AT4G16660,AT4G16660
AT4G16670,AT4G16670
AT4G06410,AT4G06410
AT4G16680,AT4G16680
AT4G06415,AT4G06415
PPD,PPD
AT4G16695,AT4G16695
PSD1,PSD1
AT4G16710,AT4G16710
RPL15A,RPL15A
TPS02,TPS02
TPS03,TPS03
AT4G16745,AT4G16745
AT4G06425,AT4G06425
AT4G16748,AT4G16748
ERF039,ERF039
ACX1,ACX1
AT4G16765,AT4G16765
AT4G16770,AT4G16770
HAT4,HAT4
AT4G16790,AT4G16790
AT4G16800,AT4G16800
AT4G16807,AT4G16807
AT4G16810,AT4G16810
PLA-I{beta]2,PLA-I{beta]2
RGGA,RGGA
DYW10,DYW10
AT4G16840,AT4G16840
VRN2,VRN2
AT4G16850,AT4G16850
AT4G16855,AT4G16855
AT4G16857,AT4G16857
RPP4,RPP4
AT4G16880,AT4G16880
SNC1,SNC1
AT4G16892,AT4G16892
AT4G16900,AT4G16900
AT4G16915,AT4G16915
AT4G16920,AT4G16920
AT4G06440,AT4G06440
AT4G06445,AT4G06445
AT4G06455,AT4G06455
AT4G16930,AT4G16930
AT4G16940,AT4G16940
RPP5,RPP5
AT4G16955,AT4G16955
AT4G16957,AT4G16957
AT4G16960,AT4G16960
AT4G16970,AT4G16970
AT4G16980,AT4G16980
AT4G16983,AT4G16983
RLM3,RLM3
AT4G17000,AT4G17000
AT4G17010,AT4G17010
AT4G17020,AT4G17020
EXLB1,EXLB1
CLPR4,CLPR4
UGLYAH,UGLYAH
FIP2.1,FIP2.1
AT4G17070,AT4G17070
AT4G17080,AT4G17080
AT4G17085,AT4G17085
BAM3,BAM3
AT4G06665,AT4G06665
AT4G17098,AT4G17098
AT4G17100,AT4G17100
AT4G17140,AT4G17140
AT4G17150,AT4G17150
RABB1A,RABB1A
AT4G06675,AT4G06675
RABB1C,RABB1C
AT4G17180,AT4G17180
FPS2,FPS2
AT4G17200,AT4G17200
AT4G17210,AT4G17210
AT4G17215,AT4G17215
MAP70.5,MAP70.5
SCL13,SCL13
AT4G17240,AT4G17240
AT4G17243,AT4G17243
AT4G17245,AT4G17245
AT4G17250,AT4G17250
AT4G17260,AT4G17260
AT4G17270,AT4G17270
AT4G17280,AT4G17280
AT4G06685,AT4G06685
NS1,NS1
AT4G17310,AT4G17310
ATG2484-1,ATG2484-1
TIP2-2,TIP2-2
AT4G17350,AT4G17350
PURU2,PURU2
AT4G17370,AT4G17370
MSH4,MSH4
RPL15B,RPL15B
AT4G06695,AT4G06695
AT4G06705,AT4G06705
AT4G17410,AT4G17410
AT4G17420,AT4G17420
OFUT30,OFUT30
AT4G17440,AT4G17440
HAT1,HAT1
AT4G17470,AT4G17470
AT4G17480,AT4G17480
AT4G17483,AT4G17483
AT4G17486,AT4G17486
ERF6,ERF6
ERF1A,ERF1A
AT4G17505,AT4G17505
UCH3,UCH3
RGGB,RGGB
RABD2C,RABD2C
AT4G17540,AT4G17540
AT4G17550,AT4G17550
AT4G17560,AT4G17560
AT4G17565,AT4G17565
GATA26,GATA26
AT4G17580,AT4G17580
ALMT11,ALMT11
AT4G06715,AT4G06715
AT4G06725,AT4G06725
AT4G17590,AT4G17590
LIL3.1,LIL3.1
AT4G17610,AT4G17610
AT4G17612,AT4G17612
CBL1,CBL1
AT4G17616,AT4G17616
AT4G17620,AT4G17620
CKB2,CKB2
AT4G17650,AT4G17650
PBL20,PBL20
FLZ2,FLZ2
AT4G17680,AT4G17680
KAN3,KAN3
HDG4,HDG4
AT4G17718,AT4G17718
AT4G17720,AT4G17720
SYP23,SYP23
CTPA2,CTPA2
HSFA1A,HSFA1A
AT4G17760,AT4G17760
AT4G17765,AT4G17765
TPS5,TPS5
AT4G17780,AT4G17780
MYB39,MYB39
MIR160B,MIR160B
AT4G17790,AT4G17790
AHL23,AHL23
AT4G17810,AT4G17810
AT4G17830,AT4G17830
AT4G17840,AT4G17840
AT4G06745,AT4G06745
AT4G17860,AT4G17860
AT4G06755,AT4G06755
PYR1,PYR1
MYC4,MYC4
AGD8,AGD8
UBP20,UBP20
AT4G17900,AT4G17900
ATL4H,ATL4H
AT4G17910,AT4G17910
ATL29,ATL29
AT4G17940,AT4G17940
AHL13,AHL13
AT4G17960,AT4G17960
ALMT12,ALMT12
AT4G17975,AT4G17975
anac071,anac071
IP5P2,IP5P2
APRR2,APRR2
AT4G18030,AT4G18030
EIF4E1,EIF4E1
PGP9,PGP9
SH3P3,SH3P3
AT4G18070,AT4G18070
AT4G18080,AT4G18080
AT4G18090,AT4G18090
RPL32A,RPL32A
AT4G18110,AT4G18110
PHYE,PHYE
SSP4b,SSP4b
AT4G18150,AT4G18150
TPK3,TPK3
WRKY28,WRKY28
AT4G18180,AT4G18180
PUP6,PUP6
PUP8,PUP8
PUP7,PUP7
AT4G18203,AT4G18203
PUP22,PUP22
PUP10,PUP10
AT4G18215,AT4G18215
PUP21,PUP21
AT4G18230,AT4G18230
SS4,SS4
AT4G18250,AT4G18250
AT4G18253,AT4G18253
AT4G18255,AT4G18255
AT4G18260,AT4G18260
TRANS11,TRANS11
AT4G18280,AT4G18280
KAT2,KAT2
AT4G18300,AT4G18300
AT4G18320,AT4G18320
AT4G18330,AT4G18330
AT4G18335,AT4G18335
AT4G18340,AT4G18340
NCED2,NCED2
GLO5,GLO5
DEGP5,DEGP5
AT4G06770,AT4G06770
AT4G18372,AT4G18372
AT4G06775,AT4G06775
AT4G18375,AT4G18375
AT4G18380,AT4G18380
TCP2,TCP2
AT4G06780,AT4G06780
AT4G18395,AT4G18395
AT4G18400,AT4G18400
AT4G06785,AT4G06785
AT4G18422,AT4G18422
AT4G06795,AT4G06795
AT4G06800,AT4G06800
AT4G06805,AT4G06805
AT4G06810,AT4G06810
DMP4,DMP4
RABA1E,RABA1E
AT4G18440,AT4G18440
ERF091,ERF091
SNI1,SNI1
AT4G18460,AT4G18460
AT4G18465,AT4G18465
CHLI1,CHLI1
AT4G18490,AT4G18490
AT4G18500,AT4G18500
AT4G18501,AT4G18501
AT4G06815,AT4G06815
AT4G06820,AT4G06820
CLE2,CLE2
PCMP-A2,PCMP-A2
AT4G18530,AT4G18530
AT4G18540,AT4G18540
AT4G18550,AT4G18550
AT4G18570,AT4G18570
AT4G18580,AT4G18580
RPA3B,RPA3B
AT4G18593,AT4G18593
AT4G18596,AT4G18596
WAVE5,WAVE5
LSH9,LSH9
AT4G06830,AT4G06830
PYL13,PYL13
AT4G18630,AT4G18630
MDIS2,MDIS2
DOGL4,DOGL4
AT4G06835,AT4G06835
AT4G18660,AT4G18660
LRX5,LRX5
AT4G18680,AT4G18680
DOGL3,DOGL3
AT4G18692,AT4G18692
CIPK12,CIPK12
ASK7.1,ASK7.1
AT4G18720,AT4G18720
AT4G18725,AT4G18725
RPL11C.2,RPL11C.2
AT4G18740,AT4G18740
DOT4,DOT4
RLP51,RLP51
MYB98,MYB98
CESA8,CESA8
AT4G06845,AT4G06845
NRAMP5,NRAMP5
RABA1D,RABA1D
AT4G18810,AT4G18810
AT4G18815,AT4G18815
AT4G18820,AT4G18820
AT4G18823,AT4G18823
AT4G06850,AT4G06850
PCMP-E101,PCMP-E101
OFP5,OFP5
AT4G18860,AT4G18860
AT4G18870,AT4G18870
HSFA4A,HSFA4A
BEH3,BEH3
AT4G06855,AT4G06855
AT4G18900,AT4G18900
AT4G18905,AT4G18905
NIP1-2,NIP1-2
OBAP2B,OBAP2B
AT4G18930,AT4G18930
AT4G18940,AT4G18940
AT4G18950,AT4G18950
AG,AG
AT4G18970,AT4G18970
AT4G06860,AT4G06860
AT4G18975,AT4G18975
AtS40-3,AtS40-3
XTH29,XTH29
IWS2,IWS2
VPS25,VPS25
AT4G19006,AT4G19006
4CLL6,4CLL6
CMT2,CMT2
NIP1-1,NIP1-1
LCR7,LCR7
LCR15,LCR15
EDR2,EDR2
MOB1B,MOB1B
AT4G19050,AT4G19050
AT4G19060,AT4G19060
AT4G19070,AT4G19070
AT4G19080,AT4G19080
AT4G06865,AT4G06865
AT4G19090,AT4G19090
AT4G19095,AT4G19095
PAM68,PAM68
AT4G06870,AT4G06870
AT4G19110,AT4G19110
ERD3,ERD3
AT4G19130,AT4G19130
AT4G19140,AT4G19140
AT4G19150,AT4G19150
AT4G06875,AT4G06875
AT4G19160,AT4G19160
CCD4,CCD4
APY7,APY7
AT4G19185,AT4G19185
AT4G19190,AT4G19190
PCMP-E1.1,PCMP-E1.1
AT4G19200,AT4G19200
ABCE2,ABCE2
PCMP-E2,PCMP-E2
CYP707A1,CYP707A1
AT4G19240,AT4G19240
AT4G19260,AT4G19260
EMB3006,EMB3006
AT4G19360,AT4G19360
AT4G19370,AT4G19370
AT4G19380,AT4G19380
AT4G19390,AT4G19390
MIR168A,MIR168A
AT4G06880,AT4G06880
AT4G19400,AT4G19400
AT4G19410,AT4G19410
AT4G19420,AT4G19420
AT4G06885,AT4G06885
AT4G19430,AT4G19430
AT4G06890,AT4G06890
AT4G19440,AT4G19440
AT4G06895,AT4G06895
AT4G19450,AT4G19450
AT4G19460,AT4G19460
AT4G19470,AT4G19470
AT4G19480,AT4G19480
AT4G19485,AT4G19485
VPS54,VPS54
RPP2A,RPP2A
AT4G19510,AT4G19510
AT4G19520,AT4G19520
AT4G19530,AT4G19530
INDL,INDL
AT4G19550,AT4G19550
CYCT1-2,CYCT1-2
AT4G19570,AT4G19570
AT4G19580,AT4G19580
AT4G06900,AT4G06900
AT4G19590,AT4G19590
CYCT1-4,CYCT1-4
AT4G19610,AT4G19610
AT4G19620,AT4G19620
AT4G19630,AT4G19630
AT4G06905,AT4G06905
RABF2B,RABF2B
AT4G19645,AT4G19645
AT4G19650,AT4G19650
NPR4,NPR4
AT4G19670,AT4G19670
IRT2,IRT2
IRT1,IRT1
AT4G06910,AT4G06910
AT4G06915,AT4G06915
AT4G06920,AT4G06920
BOI,BOI
AKHSDH2,AKHSDH2
AT4G19720,AT4G19720
AT4G19750,AT4G19750
AT4G19760,AT4G19760
AT4G19770,AT4G19770
AT4G19800,AT4G19800
ChiC,ChiC
AT4G19820,AT4G19820
FKBP17-1,FKBP17-1
PP2A1.1,PP2A1.1
ATPP2-A2,ATPP2-A2
LCAT4,LCAT4
AT4G19865,AT4G19865
AT4G19870,AT4G19870
AT4G19880,AT4G19880
AT4G19890,AT4G19890
AT4G19900,AT4G19900
LCR38,LCR38
AT4G19920,AT4G19920
AT4G19925,AT4G19925
AT4G06925,AT4G06925
AT4G06930,AT4G06930
AT4G19940,AT4G19940
AT4G19950,AT4G19950
AT4G06935,AT4G06935
KUP9,KUP9
AT4G19970,AT4G19970
AT4G19975,AT4G19975
AT4G19980,AT4G19980
AT4G19985,AT4G19985
FRS1,FRS1
AT4G20000,AT4G20000
OSB2,OSB2
MORF1,MORF1
AT4G20030,AT4G20030
AT4G20040,AT4G20040
QRT3,QRT3
EMB1895,EMB1895
AAH,AAH
AT4G20080,AT4G20080
EMB1025,EMB1025
AT4G20095,AT4G20095
VSR7,VSR7
AT4G20115,AT4G20115
PTAC14,PTAC14
GSO1,GSO1
AT4G20150,AT4G20150
AT4G20160,AT4G20160
GALS3,GALS3
AT4G06945,AT4G06945
AT4G20190,AT4G20190
TPS08,TPS08
AT4G20220,AT4G20220
AT4G20230,AT4G20230
CYP71A28,CYP71A28
CYP71A27,CYP71A27
AT4G20250,AT4G20250
PCAP1,PCAP1
AT4G06955,AT4G06955
AT4G06960,AT4G06960
BAM3.1,BAM3.1
TAF11,TAF11
AT4G20290,AT4G20290
AT4G20300,AT4G20300
S2P,S2P
AT4G20320,AT4G20320
AT4G20325,AT4G20325
AT4G20330,AT4G20330
AT4G20340,AT4G20340
AT4G20350,AT4G20350
AT4G20362,AT4G20362
TUFA.1,TUFA.1
TSF,TSF
LSD1,LSD1
AT4G20390,AT4G20390
JMJ14,JMJ14
GSNAP,GSNAP
SBT2.2,SBT2.2
AT4G20420,AT4G20420
SMB.1,SMB.1
AT4G20450,AT4G20450
AT4G20460,AT4G20460
AT4G20470,AT4G20470
AT4G20480,AT4G20480
AT4G20690,AT4G20690
AT4G20700,AT4G20700
AT4G20707,AT4G20707
AT4G20720,AT4G20720
AT4G06965,AT4G06965
AT4G20735,AT4G20735
AT4G20740,AT4G20740
AT4G20760,AT4G20760
PCMP-E35,PCMP-E35
CML42,CML42
AT4G20790,AT4G20790
AT4G20800,AT4G20800
AT4G20810,AT4G20810
AT4G20820,AT4G20820
AT4G20830,AT4G20830
AT4G20835,AT4G20835
AT4G20840,AT4G20840
TPP2.1,TPP2.1
FAD-OXR,FAD-OXR
FAH2,FAH2
AT4G20880,AT4G20880
TUBB9,TUBB9
MS5,MS5
HEN1,HEN1
AT4G20920,AT4G20920
AT4G20930,AT4G20930
AT4G20935,AT4G20935
AT4G20940,AT4G20940
AT4G06970,AT4G06970
AT4G20947,AT4G20947
AT4G06975,AT4G06975
AT4G20953,AT4G20953
PYRD.1,PYRD.1
BHLH162,BHLH162
TIF3D1,TIF3D1
ACA4.1,ACA4.1
ACA6,ACA6
AT4G21020,AT4G21020
DOF4.2,DOF4.2
DOF4.3,DOF4.3
AT4G21060,AT4G21060
AT4G21063,AT4G21063
AT4G06980,AT4G06980
PCMP-H28,PCMP-H28
BRCA1,BRCA1
DOF4.5,DOF4.5
MFDX2,MFDX2
DDB1B,DDB1B
AT4G21105,AT4G21105
AT4G21110,AT4G21110
CAT1.1,CAT1.1
EMB2271,EMB2271
AT4G21140,AT4G21140
RPN2,RPN2
AGD12,AGD12
AT4G21170,AT4G21170
ERDJ2B,ERDJ2B
AT4G06985,AT4G06985
EMB1417,EMB1417
AT4G21192,AT4G21192
GA2OX8,GA2OX8
RP1,RP1
AT4G21213,AT4G21213
AT4G21215,AT4G21215
LPXD2,LPXD2
CRK27,CRK27
AT4G21250,AT4G21250
KIN14C,KIN14C
PSBQ1,PSBQ1
PCMP-E36,PCMP-E36
AT4G06990,AT4G06990
AT4G21310,AT4G21310
AT4G06995,AT4G06995
HSA32,HSA32
AT4G21323,AT4G21323
ATSBT3.12,ATSBT3.12
DYT1,DYT1
BHLH103,BHLH103
PUB8,PUB8
MIR867A,MIR867A
SD18,SD18
B120,B120
CRK28,CRK28
CRK29,CRK29
B160,B160
ATMYB102,ATMYB102
AT4G21445,AT4G21445
AT4G21450,AT4G21450
AT4G21460,AT4G21460
FHY,FHY
STP12,STP12
NDB3,NDB3
AT4G07010,AT4G07010
AT4G21500,AT4G21500
AT4G07015,AT4G07015
SKIP27,SKIP27
AT4G21515,AT4G21515
AT4G21520,AT4G21520
APC4,APC4
SPHK2,SPHK2
SPHK1,SPHK1
VAL3,VAL3
AT4G07020,AT4G07020
VPS28-1,VPS28-1
AT4G21570,AT4G21570
AT4G21580,AT4G21580
ENDO4,ENDO4
ENDO3,ENDO3
MIR169G,MIR169G
ENDO5,ENDO5
LOL2,LOL2
AT4G21620,AT4G21620
SBT3.14,SBT3.14
AT4G21640,AT4G21640
SBT3.13,SBT3.13
AT4G21660,AT4G21660
CPL1,CPL1
NPF7.2,NPF7.2
GA3OX3,GA3OX3
AT4G21700,AT4G21700
AT4G21705,AT4G21705
NRPB2,NRPB2
AT4G21720,AT4G21720
AT4G21740,AT4G21740
RIC11,RIC11
ATML1,ATML1
BGLU47,BGLU47
AT4G21770,AT4G21770
AT4G21780,AT4G21780
TOM1,TOM1
QQT2,QQT2
DER2.1,DER2.1
AT4G07030,AT4G07030
AT4G21820,AT4G21820
MSRB7,MSRB7
MSRB8,MSRB8
MSRB9,MSRB9
MSRB2,MSRB2
AT4G21865,AT4G21865
HSP15.4,HSP15.4
AT4G21880,AT4G21880
AT4G21890,AT4G21890
AT4G21895,AT4G21895
PRORP3,PRORP3
AT4G21902,AT4G21902
AT4G21903,AT4G21903
AT4G21910,AT4G21910
AT4G21920,AT4G21920
AT4G21926,AT4G21926
AT4G21930,AT4G21930
CPK15,CPK15
AT4G21950,AT4G21950
PER42,PER42
AT4G21970,AT4G21970
APG8A,APG8A
APR3,APR3
AT4G22000,AT4G22000
sks4,sks4
AT4G22030,AT4G22030
AT4G22035,AT4G22035
AT4G22050,AT4G22050
AT4G22060,AT4G22060
WRKY31,WRKY31
AT4G07050,AT4G07050
AT4G07045,AT4G07045
RHS14,RHS14
AT4G22090,AT4G22090
BGLU3,BGLU3
SCRL26,SCRL26
AT4G22110,AT4G22110
SCRL14,SCRL14
CSC1,CSC1
SRF8,SRF8
EBS,EBS
PUX3,PUX3
AT4G22160,AT4G22160
AT4G22165,AT4G22165
AT4G22170,AT4G22170
AT4G22190,AT4G22190
AKT2,AKT2
LCR85,LCR85
AT4G22212,AT4G22212
AT4G22214,AT4G22214
AT4G07060,AT4G07060
AT4G22217,AT4G22217
ISU1,ISU1
AT4G22230,AT4G22230
AT4G22233,AT4G22233
AT4G22235,AT4G22235
PAP2.1,PAP2.1
AT4G22250,AT4G22250
AOX4,AOX4
MRB1,MRB1
AT4G22265,AT4G22265
AT4G22280,AT4G22280
AT4G07065,AT4G07065
AT4G22285,AT4G22285
AT4G22290,AT4G22290
SOBER1,SOBER1
SOBER1.1,SOBER1.1
MPC4,MPC4
AT4G22320,AT4G22320
AT4G07070,AT4G07070
AT4G07075,AT4G07075
AT4G07080,AT4G07080
ATCES1,ATCES1
CDS2,CDS2
AT4G22350,AT4G22350
AT4G22360,AT4G22360
AT4G22370,AT4G22370
AT4G07085,AT4G07085
AT4G22380,AT4G22380
AT4G22390,AT4G22390
AT4G22400,AT4G22400
AT4G22410,AT4G22410
AT4G22430,AT4G22430
AT4G22440,AT4G22440
AT4G22460,AT4G22460
AT4G22463,AT4G22463
AT4G22467,AT4G22467
AT4G22470,AT4G22470
AT4G22475,AT4G22475
AT4G22485,AT4G22485
AT4G22490,AT4G22490
AT4G22495,AT4G22495
AT4G22505,AT4G22505
AT4G22510,AT4G22510
AT4G22513,AT4G22513
AT4G22517,AT4G22517
AT4G22530,AT4G22530
AT4G22520,AT4G22520
ORP2A,ORP2A
LPPB,LPPB
AT4G22560,AT4G22560
APT3,APT3
GT19,GT19
TPPG,TPPG
INP1,INP1
AT4G22610,AT4G22610
AT4G22620,AT4G22620
AT4G22630,AT4G22630
AT4G22640,AT4G22640
AT4G22650,AT4G22650
AT4G22660,AT4G22660
AT4G22666,AT4G22666
AtHip1,AtHip1
MYB85,MYB85
CYP706A1,CYP706A1
LBD32,LBD32
CYP706A2,CYP706A2
AT4G22720,AT4G22720
AT4G22730,AT4G22730
AT4G07095,AT4G07095
AT4G22740,AT4G22740
MBD1,MBD1
PAT13,PAT13
SMO1-3,SMO1-3
AT4G22754,AT4G22754
SMO1-2,SMO1-2
AT4G22758,AT4G22758
PCMP-E6,PCMP-E6
AT4G07100,AT4G07100
AHL2,AHL2
ACR7,ACR7
DTX56,DTX56
AHL24,AHL24
SAP9,SAP9
AT4G22830,AT4G22830
BASS6,BASS6
AT4G22850,AT4G22850
AT4G22860,AT4G22860
AT4G22870,AT4G22870
LDOX,LDOX
PGRL1A,PGRL1A
AT4G22900,AT4G22900
FZR2,FZR2
SGR1,SGR1
PYR4,PYR4
AT4G22940,AT4G22940
AGL19,AGL19
AT4G22960,AT4G22960
ESP.1,ESP.1
AT4G22980,AT4G22980
AT4G22990,AT4G22990
AT4G23000,AT4G23000
UTR2,UTR2
AT4G23015,AT4G23015
AT4G23020,AT4G23020
DTX49,DTX49
PUX13,PUX13
AT4G23050,AT4G23050
AT4G07110,AT4G07110
IQD22,IQD22
RBL7,RBL7
AT4G23080,AT4G23080
GSH1,GSH1
AT4G23110,AT4G23110
AT4G23120,AT4G23120
CRK5,CRK5
CRK6.1,CRK6.1
CRK7.1,CRK7.1
CRK8.1,CRK8.1
CRK9,CRK9
CRK10,CRK10
CRK11,CRK11
AT4G23205,AT4G23205
CRK12,CRK12
CRK13,CRK13
CRK14,CRK14
CRK15,CRK15
CRK16,CRK16
EMB1290,EMB1290
CRK18,CRK18
CRK19,CRK19
AT4G23271,AT4G23271
CRK20,CRK20
CRK21,CRK21
CRK22,CRK22
CRK23,CRK23
CRK24,CRK24
AT4G23330,AT4G23330
AT4G23340,AT4G23340
AT4G23350,AT4G23350
AT4G23355,AT4G23355
AT4G23370,AT4G23370
AT4G23373,AT4G23373
AT4G23380,AT4G23380
MIR845A,MIR845A
AT4G23390,AT4G23390
AT4G07115,AT4G07115
PIP1-5,PIP1-5
TET5,TET5
AT4G23420,AT4G23420
TIC32,TIC32
AT4G23440,AT4G23440
AIRP1,AIRP1
BETAC-AD,BETAC-AD
AT4G23470,AT4G23470
AT4G23490,AT4G23490
AT4G23493,AT4G23493
SP1L5,SP1L5
AT4G23500,AT4G23500
AT4G23510,AT4G23510
AT4G23515,AT4G23515
RDL6,RDL6
AT4G23530,AT4G23530
AT4G07130,AT4G07130
AT4G23540,AT4G23540
WRKY29,WRKY29
AtGH9B15,AtGH9B15
AT4G07135,AT4G07135
AT4G07145,AT4G07145
SGT1A,SGT1A
AT4G23580,AT4G23580
AT4G07160,AT4G07160
AT4G23590,AT4G23590
CORI3,CORI3
AT4G23610,AT4G23610
AT4G07165,AT4G07165
AT4G23620,AT4G23620
RTNLB1,RTNLB1
AT4G23635,AT4G23635
POT3,POT3
CPK3,CPK3
AtPPT1,AtPPT1
AT4G23670,AT4G23670
AT4G23680,AT4G23680
DIR6,DIR6
CHX17,CHX17
VHA-G2,VHA-G2
JAW,JAW
AT4G07170,AT4G07170
AT4G23720,AT4G23720
AT4G07175,AT4G07175
AT4G23730,AT4G23730
AT4G23740,AT4G23740
AT4G07180,AT4G07180
AT4G07185,AT4G07185
CRF2,CRF2
AT4G23760,AT4G23760
AT4G23770,AT4G23770
AT4G23780,AT4G23780
TBL24,TBL24
HMGB6,HMGB6
WRKY53,WRKY53
AT4G23820,AT4G23820
AT4G23840,AT4G23840
LACS4,LACS4
AT4G23860,AT4G23860
AT4G23870,AT4G23870
AT4G23880,AT4G23880
AT4G23882,AT4G23882
AT4G23885,AT4G23885
ndhS,ndhS
AT4G07190,AT4G07190
AT4G23895,AT4G23895
NDK4,NDK4
AT4G23910,AT4G23910
AT4G23915,AT4G23915
UGE2,UGE2
AT4G23930,AT4G23930
FTSHI1,FTSHI1
AT4G23950,AT4G23950
AT4G23960,AT4G23960
AT4G23970,AT4G23970
ARF9,ARF9
CSLG3,CSLG3
CSLG2,CSLG2
CSLG1,CSLG1
RHA4A,RHA4A
AT4G07195,AT4G07195
AT4G07200,AT4G07200
AT4G07205,AT4G07205
AT4G07210,AT4G07210
NLP7,NLP7
AT4G24025,AT4G24025
AT4G24030,AT4G24030
AT4G24026,AT4G24026
TRE1,TRE1
AT4G07215,AT4G07215
AT4G07225,AT4G07225
AT4G24050,AT4G24050
AT4G07230,AT4G07230
AT4G07235,AT4G07235
AT4G07240,AT4G07240
DOF4.6,DOF4.6
AT4G24070,AT4G24070
ALL1,ALL1
AT4G24090,AT4G24090
AT4G24100,AT4G24100
AT4G24110,AT4G24110
AT4G07245,AT4G07245
YSL1,YSL1
AT4G24130,AT4G24130
BDG3,BDG3
GRF8.1,GRF8.1
AT4G24160,AT4G24160
KIN7I,KIN7I
AT4G24175,AT4G24175
TLP1.1,TLP1.1
HSP90-7,HSP90-7
AT4G24200,AT4G24200
AT4G24204,AT4G24204
GID2,GID2
VEP1,VEP1
ACBP3,ACBP3
AT4G24231,AT4G24231
AT4G07250,AT4G07250
WRKY7,WRKY7
MLO13,MLO13
KOR3,KOR3
AT4G24265,AT4G24265
EMB140,EMB140
AT4G24275,AT4G24275
HSP70-6,HSP70-6
AT4G24290,AT4G24290
AT4G24300,AT4G24300
DMP3,DMP3
AT4G24320,AT4G24320
AT4G24330,AT4G24330
AT4G24340,AT4G24340
AT4G24350,AT4G24350
AT4G07255,AT4G07255
AT4G24370,AT4G24370
AT4G07260,AT4G07260
AT4G24380,AT4G24380
FBX14,FBX14
CIPK8,CIPK8
AT4G24410,AT4G24410
AT4G24413,AT4G24413
MIR824A,MIR824A
AT4G24420,AT4G24420
AT4G07265,AT4G07265
AT4G07270,AT4G07270
AT4G24430,AT4G24430
TFIIA-S,TFIIA-S
GWD2,GWD2
CLT2,CLT2
ZIM,ZIM
AT4G24480,AT4G24480
RGTA1,RGTA1
SIC,SIC
CER2,CER2
AT4G07275,AT4G07275
ATR1,ATR1
OFUT31,OFUT31
AGL24,AGL24
AP4M,AP4M
UBP16,UBP16
AT4G24565,AT4G24565
PUMP4,PUMP4
REN1,REN1
AT4G24590,AT4G24590
AT4G24600,AT4G24600
AT4G24610,AT4G24610
AT4G24615,AT4G24615
PGI1,PGI1
PAT08,PAT08
APPB1,APPB1
AT4G24644,AT4G24644
IPT4,IPT4
ATHB22,ATHB22
TAR2,TAR2
MOS1,MOS1
NBR1,NBR1
AT4G24700,AT4G24700
AT4G24710,AT4G24710
AT4G24715,AT4G24715
AT4G24730,AT4G24730
AFC2,AFC2
STR11,STR11
AT4G24760,AT4G24760
CP31A,CP31A
AT4G24780,AT4G24780
AT4G24790,AT4G24790
AT4G24800,AT4G24800
AT4G24805,AT4G24805
AT4G07285,AT4G07285
AT4G24810,AT4G24810
RPN7,RPN7
AT4G07290,AT4G07290
AT4G24830,AT4G24830
AT4G24840,AT4G24840
AT4G24860,AT4G24860
AT4G24880,AT4G24880
PAP24,PAP24
TTL.1,TTL.1
AT4G24910,AT4G24910
AT4G24920,AT4G24920
AT4G24930,AT4G24930
SAE1A,SAE1A
SINE4,SINE4
HVA22D,HVA22D
MORC7,MORC7
TPD1,TPD1
SPH18,SPH18
AT4G07295,AT4G07295
AT4G07300,AT4G07300
SPH19,SPH19
SPH20,SPH20
AT4G24980,AT4G24980
MUB3,MUB3
AMY1,AMY1
SWEET14,SWEET14
AT4G25020,AT4G25020
AT4G25030,AT4G25030
AT4G25040,AT4G25040
ACP4,ACP4
AT4G25070,AT4G25070
CHLM,CHLM
RBOHG,RBOHG
FSD1,FSD1
AMC2,AMC2
SRS2,SRS2
MSR4,MSR4
OLEO1,OLEO1
AT4G25150,AT4G25150
PUB35,PUB35
AT4G07345,AT4G07345
AT4G25170,AT4G25170
AT4G25180,AT4G25180
AT4G07365,AT4G07365
QWRF7,QWRF7
HSP23.6,HSP23.6
GEBPL,GEBPL
RHS15,RHS15
AT4G25225,AT4G25225
RIN2,RIN2
SKS1,SKS1
PMEI4,PMEI4
PMEI7,PMEI7
PCMP-E53,PCMP-E53
UMK2,UMK2
AT4G25290,AT4G25290
AT4G25300,AT4G25300
AT4G25310,AT4G25310
AT4G25315,AT4G25315
AHL3,AHL3
AT4G25330,AT4G25330
FKBP53,FKBP53
PHO1-H4,PHO1-H4
TBL18,TBL18
CLPT1,CLPT1
SAP10,SAP10
AT4G25390,AT4G25390
AT4G25400,AT4G25400
AT4G07375,AT4G07375
BHLH126,BHLH126
GA20OX1,GA20OX1
AT4G25430,AT4G25430
AT4G25433,AT4G25433
ATNUDT10,ATNUDT10
AT4G25435,AT4G25435
ZFWD1,ZFWD1
ABCB28,ABCB28
DREB1C,DREB1C
AT4G07385,AT4G07385
DREB1A,DREB1A
AT4G07395,AT4G07395
DREB1B,DREB1B
RS40,RS40
AT4G25510,AT4G25510
AT4G07405,AT4G07405
SLK3,SLK3
SLK1,SLK1
HDG6,HDG6
MSH3,MSH3
CFIS2,CFIS2
LAF1,LAF1
ACYB-2,ACYB-2
AT4G25580,AT4G25580
ADF7,ADF7
P4H12,P4H12
AT4G25610,AT4G25610
AT4G25620,AT4G25620
MED36A,MED36A
U60.2F,U60.2F
ATDTX35,ATDTX35
PTC52,PTC52
AT4G25660,AT4G25660
AT4G25670,AT4G25670
AT4G25680,AT4G25680
AT4G25690,AT4G25690
BETA-OHASE 1,BETA-OHASE 1
AT4G25707,AT4G25707
AT4G25710,AT4G25710
AT4G25719,AT4G25719
QCT,QCT
AT4G25730,AT4G25730
RPS10A,RPS10A
ABCG4,ABCG4
GDU2,GDU2
AT4G25770,AT4G25770
AT4G25780,AT4G25780
AT4G25790,AT4G25790
CBP60D,CBP60D
XTH23,XTH23
XTH14,XTH14
AT4G25830,AT4G25830
AT4G25835,AT4G25835
GPP1,GPP1
AT4G25845,AT4G25845
ORP4B,ORP4B
ORP4A,ORP4A
AT4G25870,AT4G25870
AT4G07465,AT4G07465
APUM6,APUM6
AT4G25885,AT4G25885
RPP3A,RPP3A
AT4G25900,AT4G25900
NIFU3,NIFU3
AT4G25920,AT4G25920
AT4G07505,AT4G07505
AT4G25930,AT4G25930
AT4G25940,AT4G25940
VHA-G3,VHA-G3
ABCB2,ABCB2
PSD3,PSD3
PER43,PER43
CIL,CIL
PEP,PEP
AT4G26010,AT4G26010
AT4G26020,AT4G26020
AT4G26030,AT4G26030
PIRL8,PIRL8
AT4G26055,AT4G26055
AT4G26060,AT4G26060
MKK1,MKK1
ABI1,ABI1
AT4G26095,AT4G26095
RPS2.1,RPS2.1
CKL1,CKL1
NAP1;1,NAP1;1
AT4G26120,AT4G26120
AT4G26130,AT4G26130
BGAL12,BGAL12
AT4G26145,AT4G26145
AT4G07535,AT4G07535
AT4G07545,AT4G07545
GATA22,GATA22
ACHT1,ACHT1
ET1,ET1
COAC2,COAC2
AT4G26190,AT4G26190
ACS7,ACS7
AT4G26210,AT4G26210
AT4G26220,AT4G26220
AT4G26225,AT4G26225
RPL31B,RPL31B
AT4G26240,AT4G26240
GOLS6,GOLS6
AT4G26255,AT4G26255
MIOX4,MIOX4
PFK3,PFK3
SOT3,SOT3
AT4G26288,AT4G26288
AT4G26290,AT4G26290
emb1027,emb1027
AT4G26310,AT4G26310
AT4G07565,AT4G07565
AGP13,AGP13
AT4G07575,AT4G07575
UNE17,UNE17
AT4G26350,AT4G26350
AT4G26365,AT4G26365
AT4G07625,AT4G07625
AT4G07635,AT4G07635
AT4G26370,AT4G26370
AT4G26375,AT4G26375
AT4G26380,AT4G26380
AT4G26385,AT4G26385
AT4G26390,AT4G26390
AT4G26400,AT4G26400
RHIP1,RHIP1
AT4G26415,AT4G26415
GAMT1,GAMT1
AT4G07645,AT4G07645
CSN6B,CSN6B
WRKY34,WRKY34
AT4G26450,AT4G26450
WIP1,WIP1
LRE,LRE
AT4G26460,AT4G26460
AT4G26470,AT4G26470
AT4G26480,AT4G26480
AT4G07655,AT4G07655
AT4G26488,AT4G26488
AT4G26490,AT4G26490
UKL4,UKL4
SUFE1,SUFE1
AT4G26520,AT4G26520
FBA5,FBA5
RGI3,RGI3
AT4G26542,AT4G26542
AT4G26550,AT4G26550
FKBP16-1,FKBP16-1
CBL7,CBL7
ATCBL3,ATCBL3
AT4G26580,AT4G26580
AT4G07665,AT4G07665
AT4G26582,AT4G26582
OPT5,OPT5
AT4G26600,AT4G26600
D6PKL1,D6PKL1
AT4G26620,AT4G26620
AT4G26630,AT4G26630
WRKY20,WRKY20
AT4G26650,AT4G26650
AT4G26660,AT4G26660
TIM22-2,TIM22-2
AT4G26675,AT4G26675
AT4G26680,AT4G26680
GDPDL3,GDPDL3
FIM1,FIM1
AT4G26701,AT4G26701
VHA-E2.1,VHA-E2.1
PPX1,PPX1
AT4G26730,AT4G26730
PXG1,PXG1
LIP5,LIP5
MAP65-2,MAP65-2
CDS3,CDS3
AR192,AR192
AT4G26795,AT4G26795
AT4G26790,AT4G26790
AT4G26800,AT4G26800
AT4G26810,AT4G26810
AT4G26820,AT4G26820
AT4G26830,AT4G26830
SUMO1,SUMO1
VTC2,VTC2
AT4G26860,AT4G26860
AT4G26870,AT4G26870
AT4G26880,AT4G26880
AT4G07715,AT4G07715
MAPKKK16,MAPKKK16
HISN4,HISN4
AT4G26910,AT4G26910
AT4G26920,AT4G26920
MYB97,MYB97
B3GALT4,B3GALT4
AT4G26950,AT4G26950
AT4G26960,AT4G26960
AT4G26965,AT4G26965
ACO2.1,ACO2.1
AT4G07735,AT4G07735
AT4G26980,AT4G26980
AT4G26990,AT4G26990
RBP45C,RBP45C
AT4G27010,AT4G27010
AT4G27020,AT4G27020
FAD4,FAD4
VP22-1,VP22-1
AT4G27050,AT4G27050
AT4G07745,AT4G07745
AT4G07765,AT4G07765
AT4G07775,AT4G07775
TOR1,TOR1
TSB2,TSB2
ATPDIL5-4,ATPDIL5-4
RPL14B,RPL14B
AT4G27100,AT4G27100
COBL11,COBL11
AT4G07785,AT4G07785
AT4G27120,AT4G27120
AT4G27130,AT4G27130
AT2S1,AT2S1
AT2S2,AT2S2
AT2S4,AT2S4
KIN14M,KIN14M
AT4G27190,AT4G27190
AT4G27220,AT4G27220
HTA2,HTA2
AT4G27240,AT4G27240
AT4G27250,AT4G27250
GH3.5,GH3.5
AT4G27270,AT4G27270
KRP1.1,KRP1.1
AT4G27290,AT4G27290
SD11,SD11
AT4G27310,AT4G27310
PHOS34,PHOS34
SPL,SPL
AT4G07805,AT4G07805
AT4G27340,AT4G27340
AT4G27350,AT4G27350
AT4G27360,AT4G27360
VIIIB,VIIIB
AT4G27380,AT4G27380
AT4G27390,AT4G27390
AT4G27395,AT4G27395
AT4G27400,AT4G27400
RD26,RD26
AT4G27415,AT4G27415
ABCG9,ABCG9
AT4G07815,AT4G07815
CIP7,CIP7
AT4G27435,AT4G27435
PORB,PORB
AT4G27450,AT4G27450
CBSX5,CBSX5
RMA3,RMA3
AT4G27480,AT4G27480
RRP41L,RRP41L
AT4G07845,AT4G07845
PPI1,PPI1
AT4G07855,AT4G07855
AT4G27510,AT4G27510
AT4G07865,AT4G07865
ENODL2,ENODL2
AT4G27530,AT4G27530
PRA1H,PRA1H
TPS4,TPS4
UGT79B2,UGT79B2
AT4G27565,AT4G27565
UGT79B3,UGT79B3
AT4G27580,AT4G27580
AT4G27585,AT4G27585
AT4G27590,AT4G27590
AT4G27595,AT4G27595
NARA5,NARA5
AT4G07875,AT4G07875
AT4G27610,AT4G27610
AT4G27620,AT4G27620
GTG2,GTG2
AT4G27640,AT4G27640
PEL1,PEL1
AT4G27652,AT4G27652
AT4G27654,AT4G27654
AT4G27657,AT4G27657
AT4G27660,AT4G27660
HSP21,HSP21
AT4G27680,AT4G27680
VPS26B,VPS26B
AT4G27700,AT4G27700
CYP709B3,CYP709B3
AT4G27720,AT4G27720
OPT6,OPT6
AT4G07895,AT4G07895
AT4G27740,AT4G27740
AT4G27745,AT4G27745
ISI1,ISI1
FEY,FEY
MIR828A,MIR828A
ACBP2,ACBP2
AT4G27790,AT4G27790
PPH1,PPH1
AT4G27810,AT4G27810
BGLU9,BGLU9
BGLU10,BGLU10
PHYL2.1,PHYL2.1
AT4G27845,AT4G27845
AT4G27850,AT4G27850
AT4G27852,AT4G27852
AT4G27860,AT4G27860
AT4G27870,AT4G27870
AT4G27875,AT4G27875
SINAT4,SINAT4
AT4G27885,AT4G27885
BOB2,BOB2
AT4G27900,AT4G27900
ATX4,ATX4
PYL10,PYL10
MTM1.1,MTM1.1
AT4G07925,AT4G07925
CRF4,CRF4
AT4G07955,AT4G07955
UBC9,UBC9
SLAH2,SLAH2
AT4G27980,AT4G27980
YLMG1-2,YLMG1-2
AT4G28000,AT4G28000
AT4G28005,AT4G28005
AT4G28010,AT4G28010
AT4G28020,AT4G28020
AT4G28025,AT4G28025
AT4G28030,AT4G28030
AT4G28040,AT4G28040
TET7,TET7
COX6B-3,COX6B-3
AT4G28070,AT4G28070
TSS,TSS
AT4G07975,AT4G07975
AT4G28085,AT4G28085
AT4G28088,AT4G28088
sks10,sks10
AT4G28100,AT4G28100
AtMYB41,AtMYB41
DGK6,DGK6
ERF054,ERF054
AT4G28150,AT4G28150
AT4G28162,AT4G28162
AT4G28160,AT4G28160
AT4G28170,AT4G28170
AT4G08005,AT4G08005
AT4G28180,AT4G28180
AT4G08015,AT4G08015
ULT1,ULT1
AT4G28200,AT4G28200
emb1923,emb1923
NDB1,NDB1
AT4G28230,AT4G28230
AT4G28240,AT4G28240
EXPB3,EXPB3
AT4G28260,AT4G28260
RMA2,RMA2
LLG3,LLG3
AT4G28290,AT4G28290
AT4G28300,AT4G28300
AT4G28310,AT4G28310
MAN5,MAN5
AT4G28330,AT4G28330
AT4G28340,AT4G28340
LECRK72,LECRK72
AT4G28360,AT4G28360
AT4G28362,AT4G28362
ENODL3,ENODL3
FLY1,FLY1
AT4G28380,AT4G28380
AAC3,AAC3
ATA7,ATA7
AT4G28397,AT4G28397
AT4G28400,AT4G28400
AT4G28405,AT4G28405
AT4G28410,AT4G28410
AT4G28420,AT4G28420
RTNLB18,RTNLB18
AT4G28440,AT4G28440
AT4G28450,AT4G28450
PIP1,PIP1
RPN1B,RPN1B
AT4G28480,AT4G28480
DMP7,DMP7
RLK5,RLK5
NAC073,NAC073
PHB1,PHB1
CRC.1,CRC.1
anac074,anac074
CKL6,CKL6
AT4G28550,AT4G28550
RIC7,RIC7
RIC7.1,RIC7.1
FAO4B,FAO4B
MRS2-6,MRS2-6
MRL7,MRL7
NPGR2,NPGR2
PHR1.1,PHR1.1
ABCB24,ABCB24
ABCB23,ABCB23
IAA11,IAA11
MIK1,MIK1
AT4G28652,AT4G28652
PSB28,PSB28
CRK43,CRK43
TYRDC,TYRDC
AT4G28690,AT4G28690
AMT1-4,AMT1-4
AT4G28703,AT4G28703
AT4G28706,AT4G28706
XI-H,XI-H
YUC8,YUC8
GRXC5,GRXC5
AT4G28740,AT4G28740
PSAE1,PSAE1
AT4G28755,AT4G28755
AT4G28760,AT4G28760
AT4G28770,AT4G28770
AT4G28775,AT4G28775
AT4G28780,AT4G28780
BHLH23,BHLH23
AT4G28800,AT4G28800
BHLH119,BHLH119
BHLH127,BHLH127
AT4G28820,AT4G28820
AT4G28830,AT4G28830
SPEAR3,SPEAR3
XTH26,XTH26
CKL4,CKL4
AT4G28870,AT4G28870
CKL3,CKL3
ATL42,ATL42
AFPH2,AFPH2
AT4G28915,AT4G28915
AT4G28930,AT4G28930
AT4G28940,AT4G28940
ARAC7,ARAC7
CDKF-1,CDKF-1
AT4G28990,AT4G28990
TCX5,TCX5
AIM1,AIM1
AT4G29020,AT4G29020
AT4G29030,AT4G29030
AT4G29033,AT4G29033
SPH74,SPH74
AT4G29037,AT4G29037
RPT2A,RPT2A
AT4G29050,AT4G29050
emb2726,emb2726
AT4G29070,AT4G29070
IAA27,IAA27
AT4G29090,AT4G29090
BHLH68,BHLH68
AT4G08045,AT4G08045
AT4G29110,AT4G29110
AT4G29120,AT4G29120
HXK1,HXK1
AT4G08055,AT4G08055
AT4G08065,AT4G08065
DTX51,DTX51
IQD25,IQD25
VPS32.2,VPS32.2
MND1,MND1
RHS16,RHS16
AT4G29190,AT4G29190
AT4G29200,AT4G29200
GGT3.1,GGT3.1
PFK1,PFK1
anac075,anac075
AT4G29240,AT4G29240
AT4G29250,AT4G29250
AT4G29260,AT4G29260
AT4G29270,AT4G29270
LCR22,LCR22
LCR24,LCR24
LCR27,LCR27
LCR25,LCR25
AT4G08085,AT4G08085
AT4G29310,AT4G29310
DER1,DER1
PRO3,PRO3
PRO2,PRO2
AT4G29360,AT4G29360
AT4G29370,AT4G29370
VPS15,VPS15
RPS30A.2,RPS30A.2
AT4G29400,AT4G29400
RPL28C,RPL28C
AT4G08125,AT4G08125
AT4G08155,AT4G08155
AT4G08165,AT4G08165
AT4G08175,AT4G08175
AT4G29415,AT4G29415
AT4G29420,AT4G29420
RPS15AE,RPS15AE
AT4G29440,AT4G29440
AT4G29450,AT4G29450
PLA2-GAMMA,PLA2-GAMMA
PLA2-DELTA,PLA2-DELTA
AT4G29480,AT4G29480
AT4G29490,AT4G29490
PRMT11,PRMT11
AT4G29520,AT4G29520
AT4G29530,AT4G29530
LPXA,LPXA
AT4G08185,AT4G08185
AT4G29548,AT4G29548
AT4G29550,AT4G29550
AT4G29560,AT4G29560
CDA8,CDA8
AT4G29580,AT4G29580
AT4G29590,AT4G29590
CDA7,CDA7
CDA6,CDA6
CDA3,CDA3
CDA4,CDA4
AT4G29654,AT4G29654
PRA1.C,PRA1.C
EMB2752,EMB2752
ACHT2,ACHT2
AT4G29680,AT4G29680
AT4G29690,AT4G29690
AT4G08195,AT4G08195
AT4G29700,AT4G29700
AT4G08205,AT4G08205
AT4G29710,AT4G29710
PAO5,PAO5
MSI5,MSI5
AT4G29735,AT4G29735
CKX4,CKX4
AT4G29750,AT4G29750
AT4G08215,AT4G08215
HTT4,HTT4
AT4G29770,AT4G29770
AT4G29780,AT4G29780
AT4G29790,AT4G29790
PLP8,PLP8
ATMKK2,ATMKK2
CFIS1,CFIS1
VIP3,VIP3
AT4G08225,AT4G08225
TS1,TS1
AT4G29850,AT4G29850
DSE1,DSE1
AT4G08235,AT4G08235
AT4G29870,AT4G29870
PIRL7,PIRL7
AT4G29890,AT4G29890
ACA10,ACA10
AT4G08245,AT4G08245
AT4G08255,AT4G08255
AT4G29905,AT4G29905
ORC5,ORC5
AT4G29920,AT4G29920
BHLH27,BHLH27
PRH,PRH
AT4G29950,AT4G29950
AT4G29960,AT4G29960
AT4G29970,AT4G29970
AT4G29980,AT4G29980
AT4G29990,AT4G29990
AT4G30000,AT4G30000
AT4G30010,AT4G30010
SBT2.6,SBT2.6
AT4G30030,AT4G30030
AT4G08265,AT4G08265
AT4G30040,AT4G30040
AT4G30050,AT4G30050
AT4G30060,AT4G30060
LCR61,LCR61
LCR63,LCR63
PDF3.2,PDF3.2
LCR19,LCR19
ARF16,ARF16
AT4G30090,AT4G30090
AT4G30100,AT4G30100
AT4G30097,AT4G30097
HMA2,HMA2
HMA3,HMA3
AT4G30130,AT4G30130
CDEF1,CDEF1
AT4G30150,AT4G30150
VLN4,VLN4
PER45,PER45
BHLH146,BHLH146
HA2,HA2
VIL2,VIL2
ATR2,ATR2
RUXF,RUXF
AT4G30230,AT4G30230
AT4G30240,AT4G30240
AT4G30250,AT4G30250
AT4G30260,AT4G30260
XTH24,XTH24
XTH18,XTH18
XTH19,XTH19
ABCE3,ABCE3
AT4G30310,AT4G30310
AT4G30320,AT4G30320
AT4G30330,AT4G30330
DGK7,DGK7
SMXL2,SMXL2
CNGC17,CNGC17
ATL14,ATL14
AT4G30380,AT4G30380
AT4G30390,AT4G30390
ATL13,ATL13
IBL1,IBL1
AT4G30420,AT4G30420
TET9,TET9
AT4G08285,AT4G08285
GAE1,GAE1
AT4G30450,AT4G30450
AT4G30460,AT4G30460
AT4G30470,AT4G30470
TPR1.1,TPR1.1
AT4G30490,AT4G30490
AT4G30500,AT4G30500
ATG18B,ATG18B
AT4G30520,AT4G30520
GGP1,GGP1
GGP2,GGP2
GGP3,GGP3
CNGC9,CNGC9
AT4G30570,AT4G30570
LPAT1,LPAT1
ENODL12,ENODL12
AT4G30600,AT4G30600
SCPL24,SCPL24
AT4G08295,AT4G08295
AT4G30620,AT4G30620
AT4G30630,AT4G30630
FBL19,FBL19
AT4G30650,AT4G30650
AT4G30660,AT4G30660
AT4G08305,AT4G08305
AT4G30662,AT4G30662
AT4G08315,AT4G08315
AT4G30670,AT4G30670
AT4G30680,AT4G30680
AT4G08325,AT4G08325
IF3-4,IF3-4
DYW9,DYW9
AUG8,AUG8
AT4G30720,AT4G30720
AT4G30730,AT4G30730
AT4G30740,AT4G30740
AT4G30750,AT4G30750
AT4G08335,AT4G08335
AT4G30760,AT4G30760
AT4G30770,AT4G30770
AT4G30780,AT4G30780
ATG11,ATG11
AT4G08355,AT4G08355
RPS11B,RPS11B
SCPL29,SCPL29
AT4G30820,AT4G30820
AT4G30825,AT4G30825
AT4G30830,AT4G30830
NUP43,NUP43
AT4G30845,AT4G30845
HHP2,HHP2
ASHR3,ASHR3
MUS81,MUS81
AT4G30872,AT4G30872
AT4G08365,AT4G08365
AT4G30880,AT4G30880
UBP24,UBP24
AT4G30900,AT4G30900
AT4G30910,AT4G30910
LAP2,LAP2
RPL21M,RPL21M
WRKY32,WRKY32
AT4G30940,AT4G30940
FAD6,FAD6
AT4G08385,AT4G08385
CIPK6,CIPK6
AT4G30970,AT4G30970
AT4G30975,AT4G30975
AT4G08415,AT4G08415
LRL2,LRL2
AT4G30990,AT4G30990
AT4G30993,AT4G30993
AT4G30996,AT4G30996
CBP60F,CBP60F
AT4G31010,AT4G31010
AT4G31020,AT4G31020
AT4G31030,AT4G31030
AT4G31040,AT4G31040
LIP2P,LIP2P
ERF015,ERF015
PCMP-E7,PCMP-E7
AT4G31073,AT4G31073
AT4G31075,AT4G31075
AT4G31080,AT4G31080
WAKL17,WAKL17
WAKL18,WAKL18
AT4G31115,AT4G31115
PMRT15,PMRT15
AT4G31130,AT4G31130
AT4G31140,AT4G31140
AT4G31150,AT4G31150
DCAF1,DCAF1
AT4G31170,AT4G31170
IBI1,IBI1
AT4G31196,AT4G31196
AT4G31200,AT4G31200
AT4G31210,AT4G31210
AT4G31230,AT4G31230
AT4G31240,AT4G31240
AT4G31250,AT4G31250
AT4G31248,AT4G31248
AT4G31260,AT4G31260
AT4G31265,AT4G31265
AT4G31270,AT4G31270
GGCT2;2,GGCT2;2
PBA1,PBA1
AT4G31310,AT4G31310
AT4G31320,AT4G31320
AT4G31330,AT4G31330
AT4G31340,AT4G31340
AT4G08445,AT4G08445
AT4G08495,AT4G08495
AT4G31350,AT4G31350
AT4G31351,AT4G31351
AT4G31354,AT4G31354
AT4G31355,AT4G31355
AT4G31360,AT4G31360
FLA5,FLA5
FLP1,FLP1
ABC1K1,ABC1K1
CTF7,CTF7
AT4G31398,AT4G31398
AT4G08505,AT4G08505
AT4G31405,AT4G31405
AT4G31408,AT4G31408
AT4G31410,AT4G31410
AT4G31420,AT4G31420
AT4G31430,AT4G31430
AT4G31440,AT4G31440
AT4G31441,AT4G31441
AT4G31450,AT4G31450
AT4G31460,AT4G31460
AT4G31470,AT4G31470
AT4G31480,AT4G31480
AT4G31490,AT4G31490
CYP83B1,CYP83B1
AT4G31510,AT4G31510
AT4G31520,AT4G31520
AT4G31530,AT4G31530
ATEXO70G1,ATEXO70G1
AT4G08515,AT4G08515
WRKY11,WRKY11
HCF153,HCF153
AT4G31570,AT4G31570
RSZ22,RSZ22
CSLC5,CSLC5
UTR7,UTR7
REM1,REM1
REM2,REM2
AT4G31620,AT4G31620
REM4,REM4
REM5,REM5
AT4G31650,AT4G31650
REM7,REM7
UBP18,UBP18
REM8,REM8
AT4G31685,AT4G31685
AT4G31690,AT4G31690
AT4G31695,AT4G31695
RPS6A,RPS6A
ATGLR2.4,ATGLR2.4
AT4G31715,AT4G31715
TAF10,TAF10
AT4G08525,AT4G08525
GDU1,GDU1
WIN2,WIN2
AT4G31740,AT4G31740
PER46,PER46
DBR1,DBR1
MGD1,MGD1
AT4G31790,AT4G31790
AT4G08565,AT4G08565
WRKY18,WRKY18
POLAR,POLAR
AT4G31810,AT4G31810
NPY1,NPY1
AT4G31830,AT4G31830
ENODL15,ENODL15
PGR3,PGR3
AT4G08575,AT4G08575
AT4G31860,AT4G31860
GPX7,GPX7
AT4G31875,AT4G31875
MIR156C,MIR156C
AT4G31880,AT4G31880
AT4G31890,AT4G31890
AT4G31895,AT4G31895
CHR7,CHR7
BAT1.1,BAT1.1
ARR10,ARR10
AT4G31930,AT4G31930
CYP82C3,CYP82C3
AT4G08585,AT4G08585
AT4G08595,AT4G08595
AT4G31960,AT4G31960
CYP82C2,CYP82C2
AT4G31980,AT4G31980
AT4G08615,AT4G08615
AT4G08625,AT4G08625
RPL39A,RPL39A
ASP5,ASP5
AT4G32000,AT4G32000
AT4G08635,AT4G08635
VAL2,VAL2
AT4G32020,AT4G32020
AT4G32030,AT4G32030
KNAT5,KNAT5
AT4G32050,AT4G32050
MICU,MICU
Phox4,Phox4
AT4G32080,AT4G32080
AT4G32100,AT4G32100
AT4G32105,AT4G32105
AT4G32110,AT4G32110
HPGT2,HPGT2
AT4G32130,AT4G32130
AT4G32140,AT4G32140
VAMP711,VAMP711
EREL1,EREL1
CYP96A2,CYP96A2
AT4G32175,AT4G32175
PANK2,PANK2
AT4G32190,AT4G32190
ASY2,ASY2
SDH3-1.1,SDH3-1.1
AT4G32208,AT4G32208
AT4G32230,AT4G32230
AT4G32240,AT4G32240
AT4G32250,AT4G32250
AT4G32260,AT4G32260
AT4G32270,AT4G32270
AT4G32265,AT4G32265
AT4G32272,AT4G32272
AT4G08665,AT4G08665
IAA29,IAA29
AT4G32285,AT4G32285
AT4G32290,AT4G32290
AT4G32295,AT4G32295
SD25,SD25
APX6,APX6
WDL5,WDL5
AT4G32340,AT4G32340
AT4G32342,AT4G32342
AT4G32350,AT4G32350
MFDR,MFDR
AT4G32370,AT4G32370
AT4G32375,AT4G32375
AT4G32380,AT4G32380
AT4G32390,AT4G32390
BT1.1,BT1.1
CESA1,CESA1
CYP95,CYP95
PCMP-E40.1,PCMP-E40.1
AT4G32440,AT4G32440
MIR419,MIR419
PCMP-H63,PCMP-H63
AT4G32460,AT4G32460
QCR7-1,QCR7-1
AT4G32475,AT4G32475
AT4G32480,AT4G32480
ENODL4,ENODL4
AKT5,AKT5
AT4G32510,AT4G32510
SHM3,SHM3
AT4G32530,AT4G32530
AT4G32535,AT4G32535
YUC,YUC
LUG,LUG
AT4G32560,AT4G32560
TIFY8,TIFY8
AT4G32580,AT4G32580
AT4G32590,AT4G32590
AT4G32600,AT4G32600
AT4G32605,AT4G32605
AT4G32610,AT4G32610
AT4G32620,AT4G32620
AT4G32630,AT4G32630
AT4G32640,AT4G32640
KAT3,KAT3
AFC3,AFC3
AT4G08705,AT4G08705
AT4G32670,AT4G32670
AT4G32680,AT4G32680
GLB3,GLB3
TEB,TEB
PERK14,PERK14
SCRL25,SCRL25
LA1.1,LA1.1
PC-MYB1,PC-MYB1
AT4G32750,AT4G32750
AT4G32760,AT4G32760
AT4G32765,AT4G32765
VTE1,VTE1
AT4G32780,AT4G32780
AT4G32790,AT4G32790
ERF043,ERF043
CCD8,CCD8
AT4G32820,AT4G32820
AUR1,AUR1
PFK6,PFK6
nPAP,nPAP
AT4G32860,AT4G32860
AT4G32870,AT4G32870
ATHB-8,ATHB-8
GATA9,GATA9
AT4G32900,AT4G32900
NUP85,NUP85
GATC,GATC
AT4G32920,AT4G32920
AT4G32930,AT4G32930
GAMMA-VPE,GAMMA-VPE
AT4G32950,AT4G32950
AT4G32960,AT4G32960
AT4G32970,AT4G32970
ATH1,ATH1
AT4G08715,AT4G08715
AT4G32990,AT4G32990
CBL10,CBL10
GLDP1,GLDP1
ZIP9,ZIP9
SQD1,SQD1
GRXC6,GRXC6
EDA39,EDA39
CYP57,CYP57
PDC1,PDC1
AT4G33080,AT4G33080
AT4G08755,AT4G08755
APM1,APM1
AT4G33100,AT4G33100
AT4G33110,AT4G33110
AT4G33120,AT4G33120
AT4G33130,AT4G33130
AT4G33140,AT4G33140
AT4G33145,AT4G33145
AT4G33150,AT4G33150
AT4G33160,AT4G33160
PCMP-H53,PCMP-H53
AT4G33180,AT4G33180
XI-I,XI-I
FBL15,FBL15
PME44,PME44
PME45,PME45
FAB1A,FAB1A
AT4G08775,AT4G08775
TIF3K1,TIF3K1
CDC20-2,CDC20-2
CDC20-1,CDC20-1
AT4G33280,AT4G33280
AT4G33290,AT4G33290
ADR1-L1,ADR1-L1
AT4G08785,AT4G08785
AT4G33320,AT4G33320
PGSIP3,PGSIP3
TIC22,TIC22
LTP11,LTP11
FLDH,FLDH
RH43,RH43
AT4G33380,AT4G33380
WEL1,WEL1
AT4G33400,AT4G33400
SPPL1,SPPL1
AT4G33420,AT4G33420
BAK1,BAK1
AT4G33440,AT4G33440
ATMYB69,ATMYB69
ABCI10,ABCI10
SCRL22,SCRL22
AT4G33467,AT4G33467
HDA14,HDA14
AT4G33480,AT4G33480
AT4G33490,AT4G33490
RPD1,RPD1
AT4G33500,AT4G33500
DHS2,DHS2
PAA1.1,PAA1.1
POT13,POT13
AT4G33540,AT4G33540
AT4G33550,AT4G33550
AT4G33560,AT4G33560
AT4G33565,AT4G33565
ATBCA5,ATBCA5
AT4G33585,AT4G33585
AT4G33590,AT4G33590
AT4G33600,AT4G33600
AT4G33610,AT4G33610
ULP2A,ULP2A
AT4G33625,AT4G33625
EX1,EX1
AT4G08795,AT4G08795
AT4G33640,AT4G33640
AT4G08805,AT4G08805
DRP3A,DRP3A
AT4G33660,AT4G33660
AT4G33666,AT4G33666
AT4G08815,AT4G08815
LGALDH,LGALDH
AT4G08825,AT4G08825
DAP,DAP
AT4G33690,AT4G33690
CBSDUF6,CBSDUF6
AT4G33720,AT4G33720
AT4G33730,AT4G33730
AT4G33740,AT4G33740
AT4G33760,AT4G33760
ITPK2,ITPK2
AT4G08835,AT4G08835
AT4G33780,AT4G33780
FAR3,FAR3
AT4G33800,AT4G33800
XYN5,XYN5
AT4G33820,AT4G33820
AT4G33830,AT4G33830
AT4G33840,AT4G33840
AT4G33860,AT4G33860
RPS29C.2,RPS29C.2
PER48,PER48
BHLH85,BHLH85
AT4G33885,AT4G33885
AT4G33890,AT4G33890
AT4G33900,AT4G33900
AT4G33905,AT4G33905
P4H9,P4H9
AT4G33920,AT4G33920
AT4G33925,AT4G33925
AT4G33930,AT4G33930
AT4G33940,AT4G33940
AT4G33945,AT4G33945
SRK2E,SRK2E
AT4G33960,AT4G33960
PEX4.1,PEX4.1
AT4G33980,AT4G33980
AT4G08865,AT4G08865
AT4G33985,AT4G33985
EMB2758,EMB2758
ABF3,ABF3
DJ1C,DJ1C
MCCB,MCCB
AT4G34035,AT4G34035
MBR2,MBR2
CCoAOMT1,CCoAOMT1
DML3,DML3
AT4G08885,AT4G08885
AT4G08915,AT4G08915
AT4G34070,AT4G34070
AT4G34071,AT4G34071
AT4G34090,AT4G34090
AT4G34080,AT4G34080
SUD1,SUD1
PAB2.1,PAB2.1
CBSX2,CBSX2
AT4G08925,AT4G08925
UGT73B3,UGT73B3
AT4G08935,AT4G08935
UGT73B2,UGT73B2
UGT73B1,UGT73B1
AT4G34139,AT4G34139
AT4G34140,AT4G34140
AT4G34150,AT4G34150
CYCD3-1,CYCD3-1
AT4G34170,AT4G34170
CYCLASE1,CYCLASE1
SEP1.1,SEP1.1
PGDH1,PGDH1
ASK11,ASK11
AT4G34215,AT4G34215
AT4G34220,AT4G34220
AT4G08955,AT4G08955
CAD5,CAD5
ALDH3I1,ALDH3I1
KCS16,KCS16
FUC95A,FUC95A
AT4G34265,AT4G34265
TIP41L,TIP41L
AT4G34280,AT4G34280
AT4G34290,AT4G34290
AT4G34300,AT4G34300
AT4G34310,AT4G34310
AT4G08965,AT4G08965
AT4G34320,AT4G34320
AT4G08975,AT4G08975
AT4G34330,AT4G34330
AT4G34332,AT4G34332
TAF8,TAF8
AT4G34345,AT4G34345
ISPH,ISPH
AT4G34360,AT4G34360
ARI1,ARI1
AT4G34380,AT4G34380
XLG2,XLG2
AT4G34400,AT4G34400
ERF109,ERF109
AT4G08985,AT4G08985
AT4G34412,AT4G34412
AT4G34415,AT4G34415
AT4G34419,AT4G34419
AT4G34420,AT4G34420
CHB3,CHB3
PERK5,PERK5
AT4G09005,AT4G09005
AT4G34450,AT4G34450
GB1,GB1
ASK12,ASK12
AT4G34480,AT4G34480
ATCAP1,ATCAP1
AT4G34500,AT4G34500
KCS17,KCS17
FAE1,FAE1
PLR3,PLR3
AT4G34550,AT4G34550
RPS25D,RPS25D
AT4G34560,AT4G34560
THY-2,THY-2
SFH1,SFH1
BZIP11,BZIP11
CIF2,CIF2
BLH6,BLH6
RPS16-1,RPS16-1
AT4G34630,AT4G34630
SQS1,SQS1
SQS2,SQS2
SH3P2,SH3P2
RPS3AB,RPS3AB
GATA3,GATA3
AT4G34690,AT4G34690
AT4G34695,AT4G34695
CIB22,CIB22
ADC2,ADC2
AT4G09015,AT4G09015
VHA-c3.1,VHA-c3.1
AT4G34730,AT4G34730
ASE2,ASE2
AT4G34750,AT4G34750
SAUR50,SAUR50
AT4G09025,AT4G09025
AT4G09045,AT4G09045
AT4G09055,AT4G09055
AT4G34770,AT4G34770
AT4G34780,AT4G34780
AT4G34790,AT4G34790
AT4G34800,AT4G34800
AT4G34810,AT4G34810
MRL1,MRL1
MTN2,MTN2
PKSB,PKSB
INVB,INVB
CYP18-4,CYP18-4
AT4G34880,AT4G34880
AT4G34881,AT4G34881
XDH1,XDH1
XDH2,XDH2
RH16,RH16
AT4G34920,AT4G34920
AT4G34930,AT4G34930
ARO1,ARO1
AT4G34950,AT4G34950
CYP21-1,CYP21-1
ADF9,ADF9
AT4G34975,AT4G34975
SBT1.6,SBT1.6
MYB32,MYB32
APX3,APX3
BGAL11,BGAL11
ARAC3,ARAC3
AT4G35030,AT4G35030
AT4G35025,AT4G35025
BZIP19,BZIP19
MSI3,MSI3
HIPP25,HIPP25
AT4G35070,AT4G35070
AT4G35080,AT4G35080
CAT2.1,CAT2.1
AT4G09065,AT4G09065
AT4G09085,AT4G09085
PIP2-7,PIP2-7
AT4G35110,AT4G35110
AT4G35120,AT4G35120
AT4G09105,AT4G09105
PCMP-H27,PCMP-H27
AT4G35140,AT4G35140
ASMT,ASMT
AT4G35165,AT4G35165
AT4G35170,AT4G35170
LHT7,LHT7
AT4G09115,AT4G09115
AT4G09125,AT4G09125
LOG5,LOG5
AT4G35200,AT4G35200
AT4G35210,AT4G35210
CYCLASE2,CYCLASE2
AT4G09135,AT4G09135
BSK1,BSK1
AT4G35240,AT4G35240
AT4G35250,AT4G35250
IDH1,IDH1
NLP2.1,NLP2.1
ZAT3,ZAT3
GLR3.2,GLR3.2
AT4G35295,AT4G35295
TMT2,TMT2
AT4G09145,AT4G09145
CPK5,CPK5
AT4G35320,AT4G35320
AT4G35335,AT4G35335
XCP1,XCP1
AT4G35360,AT4G35360
AT4G35370,AT4G35370
BIG4,BIG4
AHL25,AHL25
AAP19-2,AAP19-2
TKPR1,TKPR1
CLC-E,CLC-E
AKR2,AKR2
NTR1,NTR1
PIRL4,PIRL4
ATL45,ATL45
AT4G35485,AT4G35485
AT4G09155,AT4G09155
MRPL11,MRPL11
AT4G35500,AT4G35500
AT4G35510,AT4G35510
MLH3,MLH3
AT4G35530,AT4G35530
AT4G09165,AT4G09165
PTF2,PTF2
WOX13,WOX13
AT4G09175,AT4G09175
AT4G09185,AT4G09185
AT4G09195,AT4G09195
AT4G35560,AT4G35560
HMGB5,HMGB5
NTL9,NTL9
RKD5,RKD5
CONNEXIN 32,CONNEXIN 32
AT4G35610,AT4G35610
CYCB2-2,CYCB2-2
PSAT1,PSAT1
AT4G09225,AT4G09225
SAT4,SAT4
IDH3,IDH3
AT4G35655,AT4G35655
AT4G35660,AT4G35660
AT4G35670,AT4G35670
AT4G35680,AT4G35680
AT4G35685,AT4G35685
AT4G35690,AT4G35690
AT4G35710,AT4G35710
AT4G35720,AT4G35720
AT4G35725,AT4G35725
AT4G35730,AT4G35730
AT4G35733,AT4G35733
RECQL3,RECQL3
AT4G35750,AT4G35750
AT4G35760,AT4G35760
STR15,STR15
STY17,STY17
RTFL6,RTFL6
AT4G35785,AT4G35785
PLDDELTA,PLDDELTA
NRPB1,NRPB1
P4H8,P4H8
P4H11,P4H11
ACO1.1,ACO1.1
AT4G35840,AT4G35840
AT4G35850,AT4G35850
RABB1B,RABB1B
GFS10,GFS10
AT4G35880,AT4G35880
LARP1C,LARP1C
FD,FD
AT4G35905,AT4G35905
CTU2,CTU2
MCA1,MCA1
AT4G35930,AT4G35930
AT4G35940,AT4G35940
ARAC6,ARAC6
AT4G09240,AT4G09240
APX5,APX5
AT4G35980,AT4G35980
P85,P85
AT4G35987,AT4G35987
AT4G36000,AT4G36000
AT4G36010,AT4G36010
CSP1,CSP1
ARO3,ARO3
AT4G36032,AT4G36032
ATJ11,ATJ11
APE2.1,APE2.1
AT4G36052,AT4G36052
bHLH11,bHLH11
CPK18,CPK18
AT4G36080,AT4G36080
AT4G36090,AT4G36090
AT4G36100,AT4G36100
AT4G36105,AT4G36105
AT4G36110,AT4G36110
FPP5,FPP5
RPL8C,RPL8C
AT4G36140,AT4G36140
AT4G36150,AT4G36150
ANAC076,ANAC076
AT4G36170,AT4G36170
AT4G36180,AT4G36180
AT4G36190,AT4G36190
AT4G36195,AT4G36195
AT4G36197,AT4G36197
AT4G36210,AT4G36210
AT4G09265,AT4G09265
CYP84A1,CYP84A1
AT4G36230,AT4G36230
GATA7,GATA7
ALDH3F1,ALDH3F1
AT4G09275,AT4G09275
SRS2.1,SRS2.1
AT4G36270,AT4G36270
MORC2,MORC2
MORC1,MORC1
PAP25,PAP25
BGAL3,BGAL3
AT4G09295,AT4G09295
AT4G09305,AT4G09305
AT4G36370,AT4G36370
CYP90C1,CYP90C1
AT4G36390,AT4G36390
D2HGDH,D2HGDH
UBC17,UBC17
AT4G36420,AT4G36420
PER49,PER49
AT4G36440,AT4G36440
MPK14,MPK14
AT4G36460,AT4G36460
AT4G36470,AT4G36470
AT4G09315,AT4G09315
AT4G09325,AT4G09325
LCB1,LCB1
SFH12,SFH12
AT4G09335,AT4G09335
AT4G36500,AT4G36500
AT4G36510,AT4G36510
AT4G36515,AT4G36515
AT4G36520,AT4G36520
AT4G36530,AT4G36530
BEE2,BEE2
PUB5,PUB5
AT4G36560,AT4G36560
ATRL3,ATRL3
AT4G36580,AT4G36580
AT4G36590,AT4G36590
AT4G36600,AT4G36600
AT4G36610,AT4G36610
GATA19,GATA19
EMB2754,EMB2754
AT4G36635,AT4G36635
AT4G36640,AT4G36640
AT4G36648,AT4G36648
PBRP1,PBRP1
AT4G36660,AT4G36660
PLT6,PLT6
AT4G36680,AT4G36680
U2AF65A,U2AF65A
AT4G36700,AT4G36700
SCL15,SCL15
HVA22K,HVA22K
AT4G09365,AT4G09365
GBF1,GBF1
AT4G09375,AT4G09375
HB-5,HB-5
AT4G36750,AT4G36750
ATAPP1,ATAPP1
UGT72C1,UGT72C1
AT4G09385,AT4G09385
BEH2,BEH2
AT4G36790,AT4G36790
AT4G36791,AT4G36791
AT4G36795,AT4G36795
RCE1,RCE1
AT4G36808,AT4G36808
GGPPS1,GGPPS1
AT4G36820,AT4G36820
HOS3-1,HOS3-1
AT4G36840,AT4G36840
AT4G36850,AT4G36850
AT4G36860,AT4G36860
BLH2,BLH2
CP1,CP1
IRX14,IRX14
AT4G09395,AT4G09395
RAP2-10,RAP2-10
CBSX1,CBSX1
AT4G09405,AT4G09405
AT4G09415,AT4G09415
AT4G09445,AT4G09445
AP2,AP2
AT4G36925,AT4G36925
SPT,SPT
NAPRT1,NAPRT1
AT4G36945,AT4G36945
MAPKKK21,MAPKKK21
AT4G36960,AT4G36960
AT4G09475,AT4G09475
AT4G36970,AT4G36970
AT4G36980,AT4G36980
HSFB1,HSFB1
RCCR,RCCR
CEN2,CEN2
AT4G37020,AT4G37020
AT4G37022,AT4G37022
AT4G37030,AT4G37030
MAP1D,MAP1D
PLP3,PLP3
PLP5,PLP5
PLP1,PLP1
AT4G37080,AT4G37080
AT4G37090,AT4G37090
AT4G37095,AT4G37095
AT4G37100,AT4G37100
AT4G37110,AT4G37110
SMP2,SMP2
NUP58,NUP58
MES20,MES20
MES9,MES9
sks15,sks15
PCMP-H5,PCMP-H5
AT4G37175,AT4G37175
HHO5,HHO5
AT4G37190,AT4G37190
HCF164,HCF164
AT4G37210,AT4G37210
AT4G37220,AT4G37220
AT4G37225,AT4G37225
AT4G37230,AT4G37230
AT4G37235,AT4G37235
AT4G37240,AT4G37240
AT4G37250,AT4G37250
AT4G09485,AT4G09485
AT4G09495,AT4G09495
MYB73,MYB73
HMA1,HMA1
MRG1,MRG1
PIP2,PIP2
AT4G37295,AT4G37295
MEE59,MEE59
CYP81H1,CYP81H1
CYP81D5,CYP81D5
CYP81D4,CYP81D4
CYP81D3,CYP81D3
CYP81D2,CYP81D2
CYP81D8,CYP81D8
ELI1,ELI1
YDK1,YDK1
CYP81F3,CYP81F3
AT4G37409,AT4G37409
CYP81F4,CYP81F4
AT4G37420,AT4G37420
AT4G37432,AT4G37432
CYP81F1,CYP81F1
AT4G37435,AT4G37435
AT4G37440,AT4G37440
AT4G37445,AT4G37445
AGP18,AGP18
SRFR1,SRFR1
KAI2,KAI2
AT4G37480,AT4G37480
AT4G37483,AT4G37483
CYCB1-1,CYCB1-1
AT4G37500,AT4G37500
RNC1,RNC1
PER50,PER50
PER51,PER51
LBD39,LBD39
AT4G37550,AT4G37550
AT4G37560,AT4G37560
AT4G37553,AT4G37553
HLS1,HLS1
NPY5,NPY5
AT4G37608,AT4G37608
BT5,BT5
CYCD5-1,CYCD5-1
ACA2,ACA2
AT4G09515,AT4G09515
AT4G09525,AT4G09525
SHR,SHR
AT4G09535,AT4G09535
AT4G37660,AT4G37660
NAGS2,NAGS2
AT4G09555,AT4G09555
HHP4,HHP4
AT4G37682,AT4G37682
AT4G37685,AT4G37685
AT4G09605,AT4G09605
AT4G09575,AT4G09575
GT6,GT6
AT4G37700,AT4G37700
AT4G09635,AT4G09635
VQ29,VQ29
PSK4,PSK4
AT4G09645,AT4G09645
AtbZIP7,AtbZIP7
GRF2.1,GRF2.1
ANT,ANT
SQE3,SQE3
ACS8,ACS8
MYB87,MYB87
HAT22,HAT22
XTH7,XTH7
EPFL2,EPFL2
AT4G37820,AT4G37820
AT4G37830,AT4G37830
HKL3,HKL3
BHLH25,BHLH25
AT4G37860,AT4G37860
PCKA,PCKA
RMD5,RMD5
EDA40,EDA40
AT4G37895,AT4G37895
GRDP2,GRDP2
HSP70-9,HSP70-9
AT4G37920,AT4G37920
NDHM,NDHM
SHM1,SHM1
AGL21,AGL21
AT4G37950,AT4G37950
CAD6,CAD6
CAD7,CAD7
CAD8,CAD8
DOF4.7,DOF4.7
AT4G38005,AT4G38005
PCMP-E45,PCMP-E45
AT4G38020,AT4G38020
AT4G38030,AT4G38030
AT4G38040,AT4G38040
NAT11,NAT11
AT4G38060,AT4G38060
AT4G38062,AT4G38062
AT4G38065,AT4G38065
BHLH131,BHLH131
AT4G38080,AT4G38080
AT4G38090,AT4G38090
AT4G38092,AT4G38092
CURT1D,CURT1D
AT4G38120,AT4G38120
HDA19,HDA19
ATL18,ATL18
AT4G38150,AT4G38150
pde191,pde191
FRS9,FRS9
FRS5,FRS5
AT4G09685,AT4G09685
CSLD4,CSLD4
BIG1,BIG1
EXPA20,EXPA20
AT4G38215,AT4G38215
AT4G38213,AT4G38213
AT4G38220,AT4G38220
AT4G38225,AT4G38225
CPK26,CPK26
GNTI,GNTI
AVT3C,AVT3C
AT4G09695,AT4G09695
AT4G38260,AT4G38260
GAUT3,GAUT3
AT4G38280,AT4G38280
AT4G38290,AT4G38290
AT4G38300,AT4G38300
AT4G38310,AT4G38310
HHP5,HHP5
AT4G38330,AT4G38330
NLP3.1,NLP3.1
AT4G38350,AT4G38350
LAZ1,LAZ1
AT4G38370,AT4G38370
DTX45,DTX45
RHS17,RHS17
EXLA2,EXLA2
AT4G38401,AT4G38401
AT4G38405,AT4G38405
AT4G38410,AT4G38410
sks9,sks9
ROPGEF1,ROPGEF1
IYO,IYO
GGR,GGR
AT4G09705,AT4G09705
STY46,STY46
AT4G38480,AT4G38480
AT4G38490,AT4G38490
AT4G38495,AT4G38495
AT4G38500,AT4G38500
AT4G38510,AT4G38510
AT4G38520,AT4G38520
PLC3,PLC3
AT4G38545,AT4G38545
MO2,MO2
AT4G38552,AT4G38552
AT4G38550,AT4G38550
AT4G38560,AT4G38560
AT4G09715,AT4G09715
PIS2,PIS2
HIPP26,HIPP26
BGAL14,BGAL14
UPL3,UPL3
MYB4,MYB4
RPN10,RPN10
AT4G38640,AT4G38640
AT4G38650,AT4G38650
AT4G38660,AT4G38660
AT4G38670,AT4G38670
CSP2,CSP2
AT4G38690,AT4G38690
DIR15,DIR15
AT4G38710,AT4G38710
AT4G38730,AT4G38730
CYP18-3,CYP18-3
AT4G38760,AT4G38760
AT4G09735,AT4G09735
PRP4,PRP4
AT4G38775,AT4G38775
AT4G38780,AT4G38780
AT4G38781,AT4G38781
AT4G38790,AT4G38790
MTN1,MTN1
AT4G38810,AT4G38810
AT4G09755,AT4G09755
AT4G38825,AT4G38825
AT4G38820,AT4G38820
CRK26,CRK26
AT4G38840,AT4G38840
SAUR15,SAUR15
AT4G09765,AT4G09765
AT4G38860,AT4G38860
AT4G38870,AT4G38870
ASE3,ASE3
AT4G38890,AT4G38890
AT4G38900,AT4G38900
AT4G38905,AT4G38905
BPC5,BPC5
VHA-c3.2,VHA-c3.2
AT4G38930,AT4G38930
AT4G38932,AT4G38932
AT4G38940,AT4G38940
KIN7F,KIN7F
AT4G38960,AT4G38960
FBA2,FBA2
AT4G38980,AT4G38980
AtGH9B17,AtGH9B17
AtGH9B18,AtGH9B18
AT4G39020,AT4G39020
DTX47,DTX47
AT4G39040,AT4G39040
AT4G09785,AT4G09785
KIN7D,KIN7D
AT4G39060,AT4G39060
BBX20,BBX20
VHA-A3,VHA-A3
RD19A,RD19A
SHL,SHL
AT4G39110,AT4G39110
IMPL2,IMPL2
AT4G39130,AT4G39130
AT4G39140,AT4G39140
AT4G39150,AT4G39150
AT4G39160,AT4G39160
SFH6,SFH6
AT4G09815,AT4G09815
SFH2,SFH2
AT4G09825,AT4G09825
AT4G39190,AT4G39190
AT4G39195,AT4G39195
RPS25E,RPS25E
APL3,APL3
RER1A,RER1A
PCBER1,PCBER1
AT4G39235,AT4G39235
AT4G39240,AT4G39240
RL1,RL1
RBG8,RBG8
AT4G39270,AT4G39270
AT4G39280,AT4G39280
AT4G39290,AT4G39290
AT4G39300,AT4G39300
AT4G39320,AT4G39320
CAD9,CAD9
EC1.4,EC1.4
AT4G39345,AT4G39345
CESA2,CESA2
AT4G39360,AT4G39360
AT4G39361,AT4G39361
AT4G09845,AT4G09845
AT4G39363,AT4G39363
AT4G39364,AT4G39364
AT4G39366,AT4G39366
UBP27,UBP27
AT4G39380,AT4G39380
ATNST-KT1,ATNST-KT1
AT4G09855,AT4G09855
BRI1,BRI1
PLS,PLS
AT4G39404,AT4G39404
AT4G09865,AT4G09865
WRKY13,WRKY13
AT4G39420,AT4G39420
SAMC1,SAMC1
AT4G39470,AT4G39470
CYP96A9,CYP96A9
CYP96A11,CYP96A11
CYP96A12,CYP96A12
DRG3,DRG3
PCMP-E52,PCMP-E52
SK2,SK2
AT4G39550,AT4G39550
AT4G39560,AT4G39560
AT4G39570,AT4G39570
AT4G39580,AT4G39580
AT4G39590,AT4G39590
AT4G39600,AT4G39600
AT4G09885,AT4G09885
AT4G09895,AT4G09895
AT4G39610,AT4G39610
AT4G39615,AT4G39615
EMB2453,EMB2453
AT4G39630,AT4G39630
GGT1,GGT1
GGT2,GGT2
AGT2,AGT2
AT4G39670,AT4G39670
AT4G39672,AT4G39672
AT4G39675,AT4G39675
AT4G39680,AT4G39680
AT4G39690,AT4G39690
HIPP23,HIPP23
PNSL4,PNSL4
AT4G39720,AT4G39720
PLAT1,PLAT1
HCC2,HCC2
AT4G39745,AT4G39745
AT4G39753,AT4G39753
TPPH,TPPH
ERF060,ERF060
AT4G39790,AT4G39790
FLZ7,FLZ7
IPS1.1,IPS1.1
AT4G09915,AT4G09915
NEN4,NEN4
AT4G39820,AT4G39820
AT4G39830,AT4G39830
AT4G39838,AT4G39838
AT4G39840,AT4G39840
PXA1,PXA1
AT4G39860,AT4G39860
AT4G09945,AT4G09945
AT4G39865,AT4G39865
AT4G39870,AT4G39870
AT4G39880,AT4G39880
RABH1C,RABH1C
AT4G39900,AT4G39900
UBP3,UBP3
LCR45,LCR45
TFCC,TFCC
AT4G39925,AT4G39925
AT4G39930,AT4G39930
APK2,APK2
CYP79B2,CYP79B2
PCMP-E98,PCMP-E98
AT4G39955,AT4G39955
AT4G39960,AT4G39960
AT4G09955,AT4G09955
AT4G39970,AT4G39970
AT4G09975,AT4G09975
DHS1,DHS1
AT4G39985,AT4G39985
AT4G09985,AT4G09985
RABA4B,RABA4B
AT4G40000,AT4G40000
SRK2F,SRK2F
AT4G40011,AT4G40011
AT4G40020,AT4G40020
AT4G40030,AT4G40030
HTR8.1,HTR8.1
AT4G40042,AT4G40042
AT4G40045,AT4G40045
AT4G40050,AT4G40050
ATHB-16,ATHB-16
AT4G40065,AT4G40065
AT4G40063,AT4G40063
ATL32,ATL32
AT4G40085,AT4G40085
AT4G40080,AT4G40080
AGP3,AGP3
AT4G09995,AT4G09995
AT4G40100,AT4G40100
RPS4.1,RPS4.1
ATP1.1,ATP1.1
TRNQ.1,TRNQ.1
TRNS.1.1,TRNS.1.1
RPS2.2,RPS2.2
TRNC.1,TRNC.1
TRND.1,TRND.1
TRNE.1,TRNE.1
TRNS.2.1,TRNS.2.1
RPS14.1,RPS14.1
TRNS.3.1,TRNS.3.1
RPS4.2,RPS4.2
TRNW.1,TRNW.1
TRNP.1,TRNP.1
RPS12A.1,RPS12A.1
RPL16.1,RPL16.1
RPS19.1,RPS19.1
RPS12C.1,RPS12C.1
